-- -------------------------------------------------------------
-- TablePlus 3.12.6(366)
--
-- https://tableplus.com/
--
-- Database: unitransparenz.sqlite
-- Generation Time: 2021-04-27 17:19:37.4620
-- -------------------------------------------------------------


CREATE TABLE "Anstellung"(
  "ID" INTEGER PRIMARY KEY NOT NULL,
  "Funktion" VARCHAR(255) NOT NULL,
  "Anstellungsverhaeltnis" VARCHAR(255),
  "Organisation_ID" INTEGER NOT NULL,
  "aktuell" BOOL NOT NULL DEFAULT 0,
  "Person_ID" INTEGER NOT NULL,
  "Quelle" TEXT,
  "Stand_Daten" DATETIME,
  CONSTRAINT "ID_UNIQUE"
    UNIQUE("ID"),
  CONSTRAINT "fk_Nebenbeschäftigungen_Finanzierer1"
    FOREIGN KEY("Organisation_ID")
    REFERENCES "Organisation"("ID")
    ON DELETE RESTRICT
    ON UPDATE CASCADE,
  CONSTRAINT "fk_Nebenbeschäftigungen_Personen1"
    FOREIGN KEY("Person_ID")
    REFERENCES "Person"("ID")
    ON DELETE RESTRICT
    ON UPDATE CASCADE
);

CREATE TABLE "Branche"(
  "ID" INTEGER PRIMARY KEY NOT NULL,
  "Bezeichnung" VARCHAR(255) NOT NULL,
  CONSTRAINT "ID_UNIQUE"
    UNIQUE("ID"),
  CONSTRAINT "Bezeichnung_UNIQUE"
    UNIQUE("Bezeichnung")
);

CREATE TABLE "Interessengruppe"(
  "ID" INTEGER PRIMARY KEY NOT NULL,
  "Bezeichnung" VARCHAR(255) NOT NULL,
  "Branche_ID" INTEGER NOT NULL,
  CONSTRAINT "ID_UNIQUE"
    UNIQUE("ID"),
  CONSTRAINT "Bezeichnung_UNIQUE"
    UNIQUE("Bezeichnung"),
  CONSTRAINT "fk_Interessengruppe_1"
    FOREIGN KEY("Branche_ID")
    REFERENCES "Branche"("ID")
    ON DELETE RESTRICT
    ON UPDATE CASCADE
);

CREATE TABLE "Kooperation"(
  "ID" INTEGER PRIMARY KEY NOT NULL,
  "Tochtereinheit_ID" INTEGER NOT NULL,
  "Organisation_ID" INTEGER NOT NULL,
  "Kooperationsart_ID" INTEGER NOT NULL,
  "Name" VARCHAR(255),
  "Betrag" VARCHAR(255),
  "Beginn" VARCHAR(255),
  "Ende" VARCHAR(255),
  "Quelle" TEXT,
  "Stand_Daten" DATETIME,
  CONSTRAINT "ID_UNIQUE"
    UNIQUE("ID"),
  CONSTRAINT "fk_Kooperationen_Finanzierer1"
    FOREIGN KEY("Organisation_ID")
    REFERENCES "Organisation"("ID")
    ON DELETE RESTRICT
    ON UPDATE CASCADE,
  CONSTRAINT "fk_Kooperationen_Tochtereinheiten1"
    FOREIGN KEY("Tochtereinheit_ID")
    REFERENCES "Tochtereinheit"("ID")
    ON DELETE RESTRICT
    ON UPDATE CASCADE,
  CONSTRAINT "fk_Kooperationen_Kooperationsarten1"
    FOREIGN KEY("Kooperationsart_ID")
    REFERENCES "Kooperationsart"("ID")
    ON DELETE RESTRICT
    ON UPDATE CASCADE
);

CREATE TABLE "Kooperationsart"(
  "ID" INTEGER PRIMARY KEY NOT NULL,
  "Bezeichnung" VARCHAR(255) NOT NULL,
  CONSTRAINT "ID_UNIQUE"
    UNIQUE("ID"),
  CONSTRAINT "Bezeichnung_UNIQUE"
    UNIQUE("Bezeichnung")
);

CREATE TABLE "Name"(
  "ID" INTEGER PRIMARY KEY NOT NULL,
  "Stiftung" BOOL,
  "Name" VARCHAR(255) NOT NULL,
  CONSTRAINT "ID_UNIQUE"
    UNIQUE("ID")
);

CREATE TABLE "Organisation"(
  "ID" INTEGER PRIMARY KEY NOT NULL,
  "Name" VARCHAR(255) NOT NULL,
  "Stiftung" BOOL NOT NULL DEFAULT 0,
  "Sitz" VARCHAR(255),
  "Interessengruppe_ID" INTEGER NOT NULL,
  "Name_ID" INTEGER NOT NULL,
  CONSTRAINT "ID_UNIQUE"
    UNIQUE("ID"),
  CONSTRAINT "fk_Finanzierer_Interessengruppen1"
    FOREIGN KEY("Interessengruppe_ID")
    REFERENCES "Interessengruppe"("ID")
    ON DELETE RESTRICT
    ON UPDATE CASCADE,
  CONSTRAINT "fk_Organisation_Name1"
    FOREIGN KEY("Name_ID")
    REFERENCES "Name"("ID")
    ON DELETE RESTRICT
    ON UPDATE CASCADE
);

CREATE TABLE "Person"(
  "ID" INTEGER PRIMARY KEY NOT NULL,
  "Vorname" VARCHAR(255) NOT NULL,
  "Nachname" VARCHAR(255) NOT NULL,
  "Wohnort" VARCHAR(255),
  "CV_Url" TEXT
);

CREATE TABLE "Professor"(
  "Person_ID" INTEGER PRIMARY KEY NOT NULL,
  "Institut" VARCHAR(255),
  "Email" VARCHAR(255),
  CONSTRAINT "fk_Professoren_Personen1"
    FOREIGN KEY("Person_ID")
    REFERENCES "Person"("ID")
    ON DELETE RESTRICT
    ON UPDATE CASCADE
);

CREATE TABLE "ProfessorTochtereinheit"(
  "Professor_ID" INTEGER NOT NULL,
  "Tochtereinheit_ID" INTEGER NOT NULL,
  CONSTRAINT "fk_ProfessorTochtereinheit_Professor1"
    FOREIGN KEY("Professor_ID")
    REFERENCES "Professor"("Person_ID")
    ON DELETE RESTRICT
    ON UPDATE CASCADE,
  CONSTRAINT "fk_ProfessorTochtereinheit_Tochtereinheit1"
    FOREIGN KEY("Tochtereinheit_ID")
    REFERENCES "Tochtereinheit"("ID")
);

CREATE TABLE "Spende"(
  "Unistiftung_ID" INTEGER NOT NULL,
  "Organisation_ID" INTEGER NOT NULL,
  "Art" VARCHAR(255),
  "Quelle" VARCHAR(255),
  "Stand_Daten" VARCHAR(255),
  PRIMARY KEY("Unistiftung_ID","Organisation_ID"),
  CONSTRAINT "fk_Spende_Unistiftungen1"
    FOREIGN KEY("Unistiftung_ID")
    REFERENCES "Unistiftung"("ID")
    ON DELETE RESTRICT
    ON UPDATE CASCADE,
  CONSTRAINT "fk_Spende_Finanzierer1"
    FOREIGN KEY("Organisation_ID")
    REFERENCES "Organisation"("ID")
    ON DELETE RESTRICT
    ON UPDATE CASCADE
);

CREATE TABLE "Stiftungsrat"(
  "Person_ID" INTEGER NOT NULL,
  "Unistiftung_ID" INTEGER NOT NULL,
  "Bezeichnung" VARCHAR(255) NOT NULL,
  PRIMARY KEY("Unistiftung_ID","Person_ID"),
  CONSTRAINT "fk_Stiftungsräte_Personen1"
    FOREIGN KEY("Person_ID")
    REFERENCES "Person"("ID")
    ON DELETE RESTRICT
    ON UPDATE CASCADE,
  CONSTRAINT "fk_Stiftungsräte_Unistiftungen1"
    FOREIGN KEY("Unistiftung_ID")
    REFERENCES "Unistiftung"("ID")
    ON DELETE RESTRICT
    ON UPDATE CASCADE
);

CREATE TABLE "Thema"(
  "ID" INTEGER PRIMARY KEY NOT NULL,
  "Name" VARCHAR(255) NOT NULL,
  CONSTRAINT "ID_UNIQUE"
    UNIQUE("ID"),
  CONSTRAINT "Name_UNIQUE"
    UNIQUE("Name")
);

CREATE TABLE "Tochtereinheit"(
  "ID" INTEGER PRIMARY KEY NOT NULL,
  "Name" VARCHAR(255) NOT NULL,
  "Uni_ID" VARCHAR(45) NOT NULL,
  "Thema_ID" INTEGER NOT NULL,
  CONSTRAINT "ID_UNIQUE"
    UNIQUE("ID"),
  CONSTRAINT "fk_Tochtereinheiten_Universitäten1"
    FOREIGN KEY("Uni_ID")
    REFERENCES "Uni"("ID")
    ON DELETE RESTRICT
    ON UPDATE CASCADE,
  CONSTRAINT "fk_Tochtereinheiten_Themen1"
    FOREIGN KEY("Thema_ID")
    REFERENCES "Thema"("ID")
    ON DELETE RESTRICT
    ON UPDATE CASCADE
);

CREATE TABLE "Uni"(
  "ID" VARCHAR(45) PRIMARY KEY NOT NULL,
  "Name" VARCHAR(255) NOT NULL,
  CONSTRAINT "ID_UNIQUE"
    UNIQUE("ID"),
  CONSTRAINT "Name_UNIQUE"
    UNIQUE("Name")
);

CREATE TABLE "Unirat"(
  "Uni_ID" VARCHAR(45) NOT NULL,
  "Person_ID" INTEGER NOT NULL,
  "Bezeichnung" VARCHAR(255) NOT NULL,
  PRIMARY KEY("Uni_ID","Person_ID"),
  CONSTRAINT "fk_Universitätsräte_Universitäten1"
    FOREIGN KEY("Uni_ID")
    REFERENCES "Uni"("ID")
    ON DELETE RESTRICT
    ON UPDATE CASCADE,
  CONSTRAINT "fk_Universitätsräte_Personen1"
    FOREIGN KEY("Person_ID")
    REFERENCES "Person"("ID")
    ON DELETE RESTRICT
    ON UPDATE CASCADE
);

CREATE TABLE "Unistiftung"(
  "ID" INTEGER PRIMARY KEY NOT NULL,
  "Name" VARCHAR(255) NOT NULL,
  "Uni_ID" VARCHAR(45) NOT NULL,
  CONSTRAINT "ID_UNIQUE"
    UNIQUE("ID"),
  CONSTRAINT "Name_UNIQUE"
    UNIQUE("Name"),
  CONSTRAINT "fk_Stiftungsräte_Universitäten1"
    FOREIGN KEY("Uni_ID")
    REFERENCES "Uni"("ID")
    ON DELETE RESTRICT
    ON UPDATE CASCADE
);

INSERT INTO "Anstellung" ("ID", "Funktion", "Anstellungsverhaeltnis", "Organisation_ID", "aktuell", "Person_ID", "Quelle", "Stand_Daten") VALUES
('1', 'Geschäftsführer', '', '1', '0', '1', '', ''),
('2', 'Geschäftsführer', '', '2', '0', '1', '', ''),
('3', 'Treuhänder / Finanzchef', '', '3', '0', '1', '', ''),
('4', 'Angestellter', '', '4', '0', '1', '', ''),
('5', 'Angestellter', '', '5', '0', '1', '', ''),
('6', 'Regierungsrat St.Gallen', '', '6', '1', '1', '', ''),
('7', 'Mitglied', '', '7', '0', '2', '', ''),
('8', 'NA', '', '8', '0', '2', '', ''),
('9', 'Partner', '', '9', '1', '2', '', ''),
('10', 'Stadtrat St.Gallen', '', '10', '0', '2', '', ''),
('11', 'Stifrungsratspräsident', '', '11', '1', '2', '', ''),
('12', 'Verwaltungsrat', '', '12', '0', '2', '', ''),
('13', 'Verwaltungsrat', '', '13', '0', '2', '', ''),
('14', 'Verwaltungsrat', '', '14', '0', '2', '', ''),
('15', 'Verwaltungsrat', '', '15', '0', '2', '', ''),
('16', 'Verwaltungsrat (ehem. Präsident)', '', '16', '1', '3', '', ''),
('17', 'Verwaltungsratspräsident', '', '17', '0', '3', '', ''),
('18', 'Stiftungsratspräsident', '', '18', '1', '3', '', ''),
('19', 'Präsident', '', '19', '0', '3', '', ''),
('20', 'Verwaltungsrat', '', '20', '1', '3', '', ''),
('21', 'Verwaltungsrat', '', '21', '1', '3', '', ''),
('22', 'Verwaltungsratsvizepräsident', '', '22', '0', '3', '', ''),
('23', 'Stiftungsrat', '', '23', '0', '3', '', ''),
('24', 'Stiftungsrat', '', '24', '0', '3', '', ''),
('25', 'Zeichnungsberechtigt', '', '25', '0', '3', '', ''),
('26', 'Mitglied', '', '26', '1', '4', '', ''),
('27', 'Department of Economics', '', '27', '1', '4', '', ''),
('28', 'Stadtpräsident St.Gallen', '', '10', '1', '5', '', ''),
('29', 'Teamleiter interne Revision', '', '28', '0', '5', '', ''),
('30', '(Leiter zentrale Dienste', '', '29', '0', '5', '', ''),
('31', 'Direktionsmitglied, verschiedene Führungsfunktionen', '', '30', '0', '5', '', ''),
('32', 'Präsident', '', '31', '0', '5', '', ''),
('33', 'Verwaltungsratspräsident', '', '7', '1', '5', '', ''),
('34', 'Stiftungsratspräsident', '', '32', '1', '5', '', ''),
('35', 'Präsident', '', '33', '1', '5', '', ''),
('36', 'Stiftungsrat', '', '18', '1', '5', '', ''),
('37', 'Mitglied', '', '19', '1', '5', '', ''),
('38', 'Stiftungsrat', '', '34', '1', '5', '', ''),
('39', 'Verwaltungsrat', '', '35', '0', '5', '', ''),
('40', 'Verwaltungsrat', '', '36', '0', '5', '', ''),
('41', 'Verwaltungsrat', '', '12', '0', '5', '', ''),
('42', 'Verwaltungsrat', '', '37', '0', '5', '', ''),
('43', 'Verwaltungsrat', '', '38', '0', '5', '', ''),
('44', 'Verwaltungsratspräsident', '', '39', '0', '5', '', ''),
('45', 'Stiftungsrat', '', '40', '1', '5', '', ''),
('46', 'Stiftungsrat', '', '41', '1', '5', '', ''),
('47', 'Stiftungsratspräsident', '', '42', '0', '5', '', ''),
('48', 'Stiftungsratspräsident', '', '43', '0', '5', '', ''),
('49', 'Stiftungsrat', '', '44', '0', '5', '', ''),
('50', 'Stiftungsratspräsident', '', '45', '0', '5', '', ''),
('51', 'Stiftungsrat', '', '46', '0', '5', '', ''),
('52', 'Stiftungsratspräsident', '', '47', '0', '5', '', ''),
('53', 'Mitglied', '', '48', '0', '5', '', ''),
('54', 'Präsident', '', '49', '0', '5', '', ''),
('55', 'zeichnungsberechtigt', '', '50', '0', '5', '', ''),
('56', 'Stiftungsratspräsident', '', '51', '1', '6', '', ''),
('57', 'Geschäftsführer', '', '52', '1', '6', '', ''),
('58', 'Vorstandsmitglied und Finanzchef', '', '53', '1', '6', '', ''),
('59', 'Kader', '', '54', '0', '6', '', ''),
('60', 'Stiftungsratspräsident', '', '55', '0', '6', '', ''),
('61', 'Verwaltungsrat', '', '56', '0', '6', '', ''),
('62', 'Verwaltungsrat', '', '57', '0', '6', '', ''),
('63', 'Stiftungsrat', '', '58', '0', '6', '', ''),
('64', 'Mitglied', '', '7', '0', '6', '', ''),
('65', 'Geschäftsführer', '', '59', '0', '6', '', ''),
('66', 'Geschäftsführer', '', '60', '1', '7', '', ''),
('67', 'Gesellschafterin und Liquidatorin', '', '61', '0', '7', '', ''),
('68', 'Liquidatorin', '', '62', '0', '7', '', ''),
('69', 'Verwaltungsrat', '', '63', '1', '7', '', ''),
('70', 'Verwaltungsrat', '', '64', '1', '7', '', ''),
('71', 'Verwaltungsrat', '', '65', '1', '7', '', ''),
('72', 'Verwaltungsrat', '', '66', '0', '7', '', ''),
('73', 'Verwaltungsrat', '', '67', '0', '7', '', ''),
('74', 'Verwaltungsrat', '', '68', '0', '7', '', ''),
('75', 'Verwaltungsrat', '', '69', '0', '7', '', ''),
('76', 'Verwaltungsrat', '', '70', '0', '7', '', ''),
('77', 'Verwaltungsrat', '', '71', '0', '7', '', ''),
('78', 'Stiftungsrat', '', '72', '0', '7', '', ''),
('79', 'Geschäftsführerin', '', '73', '1', '7', '', ''),
('80', 'Geschäftsführerin', '', '74', '0', '7', '', ''),
('81', 'Geschäftsführerin', '', '75', '0', '7', '', ''),
('82', 'Geschäftsführerin', '', '76', '0', '7', '', ''),
('83', 'Nationalrätin', '', '77', '0', '8', '', ''),
('84', 'Präsidentin', '', '78', '1', '8', '', ''),
('85', 'Stiftungsratspräsident', '', '79', '0', '8', '', ''),
('86', 'Präsidentin', '', '80', '0', '8', '', ''),
('87', 'Stiftungsrat', '', '81', '1', '8', '', ''),
('88', 'Direktionsmitglied (Management Development)', '', '82', '1', '9', '', ''),
('89', 'Beirat', '', '83', '0', '9', '', ''),
('90', 'Nationalratskandidat', '', '84', '0', '9', '', ''),
('91', 'Wirtschaftsprüferin', '', '85', '0', '10', '', ''),
('92', 'Bundesrätin', '', '84', '0', '10', '', ''),
('93', 'Mitglied der Geschäftsleitung', '', '86', '0', '10', '', ''),
('94', 'Verwaltungsratspräsident', '', '87', '1', '10', '', ''),
('95', 'Inhaberin', '', '88', '1', '10', '', ''),
('96', 'Verwaltungsratspräsident', '', '89', '1', '10', '', ''),
('97', 'Verwaltungsrat', '', '90', '1', '10', '', ''),
('98', 'Verwaltungsrat', '', '91', '1', '10', '', ''),
('99', 'Verwaltungsrat', '', '92', '1', '10', '', ''),
('100', 'Verwaltungsrat', '', '93', '0', '10', '', ''),
('101', 'Verwaltungsrat', '', '94', '1', '10', '', ''),
('102', 'Verwaltungsrat', '', '95', '0', '10', '', ''),
('103', 'Verwaltungsrat', '', '96', '0', '10', '', ''),
('104', 'Stiftungsrat', '', '97', '0', '10', '', ''),
('105', 'zeichnungsberechtigt', '', '98', '0', '10', '', ''),
('106', 'Inhaberin', '', '99', '0', '10', '', ''),
('107', 'zeichnungsberechtigt', '', '100', '0', '10', '', ''),
('108', 'zeichnungsberechtigt', '', '101', '0', '10', '', ''),
('109', 'zeichnungsberechtigt', '', '102', '0', '10', '', ''),
('110', 'Partner', '', '103', '1', '11', '', ''),
('111', 'Verwaltungsrat', '', '104', '1', '11', '', ''),
('112', 'Mitglied des Management Committees', '', '105', '1', '11', '', ''),
('113', 'Präsident', '', '106', '1', '11', '', ''),
('114', 'Verwaltungsrat', '', '107', '1', '11', '', ''),
('115', 'Verwaltungsrat', '', '108', '1', '11', '', ''),
('116', 'Verwaltungsrat', '', '109', '1', '11', '', ''),
('117', 'Verwaltungsrat', '', '110', '1', '11', '', ''),
('118', 'Verwaltungsrat', '', '111', '0', '11', '', ''),
('119', 'Verwaltungsrat', '', '112', '1', '11', '', ''),
('120', 'Verwaltungsrat', '', '113', '0', '11', '', ''),
('121', 'Verwaltungsrat', '', '114', '1', '11', '', ''),
('122', 'Verwaltungsrat', '', '115', '1', '11', '', ''),
('123', 'Verwaltungsrat', '', '116', '1', '11', '', ''),
('124', 'Verwaltungsrat', '', '117', '1', '11', '', ''),
('125', 'Verwaltungsrat', '', '118', '1', '11', '', ''),
('126', 'Verwaltungsrat', '', '119', '1', '11', '', ''),
('127', 'Verwaltungsrat', '', '120', '1', '11', '', ''),
('128', 'Verwaltungsrat', '', '121', '1', '11', '', ''),
('129', 'Verwaltungsrat', '', '122', '1', '11', '', ''),
('130', 'Verwaltungsrat', '', '123', '1', '11', '', ''),
('131', 'Verwaltungsrat', '', '124', '1', '11', '', ''),
('132', 'Verwaltungsrat', '', '125', '1', '11', '', ''),
('133', 'Verwaltungsrat', '', '126', '1', '11', '', ''),
('134', 'Verwaltungsrat', '', '127', '1', '11', '', ''),
('135', 'Verwaltungsrat', '', '128', '1', '11', '', ''),
('136', 'Verwaltungsrat', '', '129', '1', '11', '', ''),
('137', 'Verwaltungsrat', '', '130', '1', '11', '', ''),
('138', 'Verwaltungsrat', '', '131', '1', '11', '', ''),
('139', 'Verwaltungsrat', '', '132', '1', '11', '', ''),
('140', 'Verwaltungsrat', '', '133', '1', '11', '', ''),
('141', 'Verwaltungsrat', '', '134', '1', '11', '', ''),
('142', 'Verwaltungsrat', '', '135', '0', '11', '', ''),
('143', 'Verwaltungsrat', '', '136', '0', '11', '', ''),
('144', 'Verwaltungsrat', '', '137', '0', '11', '', ''),
('145', 'Verwaltungsrat', '', '138', '0', '11', '', ''),
('146', 'Verwaltungsrat', '', '139', '0', '11', '', ''),
('147', 'Verwaltungsrat', '', '140', '0', '11', '', ''),
('148', 'Verwaltungsrat', '', '141', '0', '11', '', ''),
('149', 'Verwaltungsrat', '', '142', '0', '11', '', ''),
('150', 'Verwaltungsrat', '', '143', '0', '11', '', ''),
('151', 'Verwaltungsrat', '', '144', '0', '11', '', ''),
('152', 'Verwaltungsrat', '', '145', '0', '11', '', ''),
('153', 'Verwaltungsrat', '', '146', '0', '11', '', ''),
('154', 'Verwaltungsrat', '', '147', '0', '11', '', ''),
('155', 'Verwaltungsrat', '', '148', '0', '11', '', ''),
('156', 'Verwaltungsrat', '', '149', '0', '11', '', ''),
('157', 'Verwaltungsrat', '', '150', '0', '11', '', ''),
('158', 'Verwaltungsrat', '', '151', '0', '11', '', ''),
('159', 'Verwaltungsrat', '', '152', '0', '11', '', ''),
('160', 'Verwaltungsrat', '', '153', '0', '11', '', ''),
('161', 'Verwaltungsrat', '', '154', '0', '11', '', ''),
('162', 'Verwaltungsrat', '', '155', '0', '11', '', ''),
('163', 'Verwaltungsrat', '', '156', '0', '11', '', ''),
('164', 'Verwaltungsrat', '', '157', '0', '11', '', ''),
('165', 'Verwaltungsrat', '', '158', '0', '11', '', ''),
('166', 'Verwaltungsrat', '', '159', '0', '11', '', ''),
('167', 'Verwaltungsrat', '', '160', '0', '11', '', ''),
('168', 'Verwaltungsrat', '', '161', '0', '11', '', ''),
('169', 'Verwaltungsrat', '', '162', '0', '11', '', ''),
('170', 'Verwaltungsrat', '', '163', '0', '11', '', ''),
('171', 'Verwaltungsrat', '', '164', '0', '11', '', ''),
('172', 'Verwaltungsrat', '', '165', '0', '11', '', ''),
('173', 'Verwaltungsrat', '', '166', '0', '11', '', ''),
('174', 'Verwaltungsrat', '', '167', '0', '11', '', ''),
('175', 'Verwaltungsrat', '', '168', '0', '11', '', ''),
('176', 'Verwaltungsrat', '', '169', '0', '11', '', ''),
('177', 'Verwaltungsrat', '', '170', '0', '11', '', ''),
('178', 'Verwaltungsrat', '', '171', '0', '11', '', ''),
('179', 'Verwaltungsrat', '', '172', '0', '11', '', ''),
('180', 'Verwaltungsrat', '', '173', '0', '11', '', ''),
('181', 'Verwaltungsrat', '', '174', '0', '11', '', ''),
('182', 'Verwaltungsrat', '', '175', '0', '11', '', ''),
('183', 'Verwaltungsrat', '', '176', '0', '11', '', ''),
('184', 'Verwaltungsrat', '', '177', '0', '11', '', ''),
('185', 'Verwaltungsrat', '', '178', '0', '11', '', ''),
('186', 'Verwaltungsrat', '', '179', '0', '11', '', ''),
('187', 'Verwaltungsrat', '', '180', '0', '11', '', ''),
('188', 'Verwaltungsrat', '', '181', '0', '11', '', ''),
('189', 'Verwaltungsrat', '', '182', '0', '11', '', ''),
('190', 'Verwaltungsrat', '', '183', '0', '11', '', ''),
('191', 'Verwaltungsrat', '', '184', '0', '11', '', ''),
('192', 'Verwaltungsrat', '', '185', '0', '11', '', ''),
('193', 'Verwaltungsrat', '', '186', '0', '11', '', ''),
('194', 'Verwaltungsrat', '', '187', '0', '11', '', ''),
('195', 'Verwaltungsrat', '', '188', '0', '11', '', ''),
('196', 'Verwaltungsrat', '', '189', '0', '11', '', ''),
('197', 'Verwaltungsrat', '', '190', '0', '11', '', ''),
('198', 'Verwaltungsrat', '', '191', '0', '11', '', ''),
('199', 'Verwaltungsrat', '', '192', '0', '11', '', ''),
('200', 'Verwaltungsrat', '', '193', '0', '11', '', ''),
('201', 'Verwaltungsrat', '', '194', '0', '11', '', ''),
('202', 'Verwaltungsrat', '', '195', '0', '11', '', ''),
('203', 'Verwaltungsrat', '', '196', '0', '11', '', ''),
('204', 'Verwaltungsrat', '', '197', '0', '11', '', ''),
('205', 'Verwaltungsrat', '', '198', '0', '11', '', ''),
('206', 'Verwaltungsrat', '', '199', '0', '11', '', ''),
('207', 'Verwaltungsrat', '', '200', '0', '11', '', ''),
('208', 'Verwaltungsrat', '', '201', '0', '11', '', ''),
('209', 'Verwaltungsrat', '', '202', '0', '11', '', ''),
('210', 'Verwaltungsrat', '', '203', '0', '11', '', ''),
('211', 'Verwaltungsrat', '', '204', '0', '11', '', ''),
('212', 'Verwaltungsrat', '', '205', '0', '11', '', ''),
('213', 'Verwaltungsrat', '', '206', '0', '11', '', ''),
('214', 'Verwaltungsrat', '', '207', '0', '11', '', ''),
('215', 'Verwaltungsrat', '', '208', '0', '11', '', ''),
('216', 'Verwaltungsrat', '', '209', '0', '11', '', ''),
('217', 'Verwaltungsrat', '', '210', '0', '11', '', ''),
('218', 'Verwaltungsrat', '', '211', '0', '11', '', ''),
('219', 'Verwaltungsrat', '', '212', '0', '11', '', ''),
('220', 'Verwaltungsrat', '', '213', '0', '11', '', ''),
('221', 'Verwaltungsrat', '', '214', '0', '11', '', ''),
('222', 'Verwaltungsrat', '', '215', '0', '11', '', ''),
('223', 'Verwaltungsrat', '', '216', '0', '11', '', ''),
('224', 'Verwaltungsrat', '', '217', '0', '11', '', ''),
('225', 'Verwaltungsrat', '', '218', '0', '11', '', ''),
('226', 'Verwaltungsrat', '', '219', '0', '11', '', ''),
('227', 'Verwaltungsrat', '', '220', '0', '11', '', ''),
('228', 'Verwaltungsrat', '', '221', '0', '11', '', ''),
('229', 'Verwaltungsrat', '', '222', '0', '11', '', ''),
('230', 'Verwaltungsrat', '', '223', '0', '11', '', ''),
('231', 'Geschäftsführer, Stifrungsratspräsident', '', '224', '1', '11', '', ''),
('232', 'Stiftungsrat', '', '225', '0', '11', '', ''),
('233', 'Vorstandsmitglied', '', '226', '0', '11', '', ''),
('234', 'Vorstandsmitglied', '', '227', '0', '11', '', ''),
('235', 'Vorstandsmitglied', '', '228', '0', '11', '', ''),
('236', 'Stiftungsratspräsident', '', '229', '0', '12', '', ''),
('237', 'Verwaltungsrat', '', '230', '0', '12', '', ''),
('238', 'Regierungsrat BE', '', '10', '0', '12', '', ''),
('241', 'Beirat', '', '232', '1', '15', '', ''),
('242', 'Vorstandsvorsitzende', '', '233', '1', '16', '', ''),
('243', 'CEO', '', '234', '0', '16', '', ''),
('244', 'Verwaltungsratspräsidentin', '', '235', '1', '16', '', ''),
('245', 'Geschäftsführer', '', '236', '1', '17', '', ''),
('246', 'Generalsekretär', '', '237', '0', '17', '', ''),
('247', 'Vorstand', '', '238', '1', '17', '', ''),
('248', 'Vorstand', '', '239', '1', '17', '', ''),
('249', 'Verwaltungsrat', '', '240', '1', '17', '', ''),
('250', 'Verwaltungsrat', '', '241', '1', '17', '', ''),
('251', 'Stiftungsrat', '', '242', '1', '17', '', ''),
('252', 'Stiftungsrat', '', '243', '0', '17', '', ''),
('253', 'Verwaltungsrat', '', '244', '0', '17', '', ''),
('254', 'Präsident', '', '245', '0', '17', '', ''),
('255', 'Stiftungsrat', '', '246', '0', '17', '', ''),
('256', 'Mitglied', '', '247', '0', '17', '', ''),
('257', 'Mitglied', '', '248', '0', '17', '', ''),
('258', 'Mitglied', '', '249', '0', '17', '', ''),
('259', 'Direktor', '', '250', '1', '18', '', ''),
('260', 'Verwaltungsratspräsidentin', '', '251', '1', '18', '', ''),
('261', 'Verwaltungsrat', '', '252', '1', '18', '', ''),
('262', 'Verwaltungsrat', '', '253', '1', '18', '', ''),
('263', 'Verwaltungsrat', '', '254', '1', '18', '', ''),
('264', 'Verwaltungsrat', '', '255', '1', '18', '', ''),
('265', 'Direktor', '', '256', '1', '19', '', ''),
('266', 'Art Adwiser', '', '257', '0', '19', '', ''),
('267', 'Verwaltungsrat', '', '258', '0', '20', '', ''),
('268', 'Verwaltungsrat', '', '259', '1', '20', '', ''),
('269', 'Verwaltungsrat', '', '260', '0', '20', '', ''),
('270', 'Verwaltungsrat', '', '261', '0', '20', '', ''),
('271', 'Verwaltungsratspräsidentin', '', '262', '1', '20', '', ''),
('272', '?', '', '263', '1', '20', '', ''),
('273', '?', '', '264', '1', '20', '', ''),
('274', '?', '', '265', '1', '20', '', ''),
('275', '?', '', '266', '1', '20', '', ''),
('276', '?', '', '267', '1', '20', '', ''),
('277', '?', '', '268', '1', '20', '', ''),
('278', '?', '', '269', '1', '20', '', ''),
('279', '?', '', '270', '1', '20', '', ''),
('280', '?', '', '271', '1', '20', '', ''),
('281', '?', '', '272', '1', '20', '', ''),
('282', '?', '', '273', '1', '20', '', ''),
('283', '?', '', '274', '1', '20', '', ''),
('284', '?', '', '275', '1', '20', '', ''),
('285', '?', '', '276', '1', '20', '', ''),
('286', '?', '', '277', '1', '20', '', ''),
('287', '?', '', '278', '1', '20', '', ''),
('288', 'Kantonsrat ZH', '', '84', '0', '21', '', ''),
('289', 'Redaktions -und Teamleiterin', '', '279', '0', '22', '', ''),
('290', 'Vizedirektor', '', '280', '0', '23', '', ''),
('291', 'Angestellter', '', '281', '0', '24', '', ''),
('292', 'Partner', '', '282', '0', '24', '', ''),
('293', 'Verwaltungsratspräsidentin', '', '283', '0', '24', '', ''),
('294', 'Partner', '', '284', '1', '24', '', ''),
('295', 'Verwaltungsratspräsidentin', '', '285', '0', '24', '', ''),
('296', 'Verwaltungsratspräsidentin', '', '286', '1', '24', '', ''),
('297', 'Verwaltungsrat', '', '287', '1', '24', '', ''),
('298', 'Verwaltungsrat', '', '288', '1', '24', '', ''),
('299', 'Verwaltungsrat', '', '289', '1', '24', '', ''),
('300', 'Stiftungsrat', '', '290', '1', '24', '', ''),
('301', 'Mitglied', '', '291', '1', '24', '', ''),
('304', 'Verwaltungsrat', '', '292', '1', '27', '', ''),
('305', 'Geschäftsführer, Verwaltungsrat', '', '293', '0', '27', '', ''),
('306', 'Verwaltungsratspräsidentin', '', '294', '0', '27', '', ''),
('307', 'Verwaltungsrat', '', '295', '0', '27', '', ''),
('308', 'Geschäftsführer', '', '296', '0', '27', '', ''),
('309', 'VR-Delegierter', '', '297', '0', '27', '', ''),
('310', 'Präsident des Bankrats', '', '298', '0', '27', '', ''),
('311', 'Verwaltungsrat', '', '299', '1', '27', '', ''),
('312', 'VR-Delegierter', '', '300', '0', '27', '', ''),
('313', 'Verwaltungsratspräsidentin', '', '301', '0', '27', '', ''),
('314', 'Stiftungsrat', '', '302', '1', '27', '', ''),
('315', 'Stiftungsratspräsident', '', '303', '0', '27', '', ''),
('316', 'Stiftungsratspräsident', '', '304', '0', '27', '', ''),
('317', 'Mitglied', '', '305', '0', '27', '', ''),
('318', 'Präsident', '', '306', '0', '27', '', ''),
('319', 'Verwaltungsrat', '', '307', '1', '28', '', ''),
('320', 'Gründer', '', '308', '0', '28', '', ''),
('321', 'Regierungsrat BE', '', '77', '1', '28', '', ''),
('322', 'Stiftungsratsvizepräsident', '', '309', '1', '28', '', ''),
('323', 'Verwaltungsratsdelegierter', '', '310', '0', '28', '', ''),
('324', 'Verwaltungsrat', '', '311', '0', '28', '', ''),
('325', 'Verwaltungsrat', '', '312', '0', '28', '', ''),
('326', 'Kollektrivprokura zu zweien', '', '313', '0', '28', '', ''),
('327', 'Verwaltungsrat', '', '314', '0', '28', '', ''),
('328', 'Co-Präsident', '', '315', '0', '28', '', ''),
('329', 'Geschäftsführer', '', '316', '0', '28', '', ''),
('330', 'Verwaltungsrat', '', '317', '0', '28', '', ''),
('331', 'Verwaltungsrat', '', '318', '0', '28', '', ''),
('332', 'Verwaltungsrat', '', '319', '0', '28', '', ''),
('333', 'Verwaltungsrat', '', '320', '0', '28', '', ''),
('334', 'Stiftungsrat', '', '321', '0', '28', '', ''),
('335', 'Verwaltungsrat', '', '322', '0', '28', '', ''),
('336', 'Verwaltungsrat', '', '323', '0', '28', '', ''),
('337', 'Geschäftsführer', '', '324', '0', '28', '', ''),
('338', 'Direktor', '', '325', '0', '29', '', ''),
('339', 'Regierungsrat BE', '', '77', '1', '29', '', ''),
('340', 'Regierungsrat BE', '', '326', '1', '30', '', ''),
('341', 'Stiftungsrat', '', '327', '1', '30', '', ''),
('342', 'Kader', '', '328', '0', '30', '', ''),
('343', 'Mitglied', '', '329', '1', '31', '', ''),
('344', 'Stiftungsrat', '', '330', '1', '31', '', ''),
('345', 'Verwaltungsrat', '', '331', '0', '31', '', ''),
('346', 'Revisionsstelle', '', '332', '0', '31', '', ''),
('347', 'Verwaltungsrat', '', '333', '0', '31', '', ''),
('348', 'Mitglied', '', '334', '0', '31', '', ''),
('349', 'Mitglied', '', '335', '0', '31', '', ''),
('350', 'Revisionsstelle', '', '336', '0', '31', '', ''),
('351', 'Verwaltungsrat', '', '337', '0', '31', '', ''),
('352', 'Verwaltungsratsvizepräsident', '', '338', '0', '31', '', ''),
('353', 'Verwaltungsrat', '', '339', '0', '31', '', ''),
('354', 'Stiftungsratspräsident', '', '340', '0', '31', '', ''),
('355', 'Stiftungsratspräsident', '', '341', '0', '31', '', ''),
('356', 'Stiftungsratsvizepräsident', '', '342', '0', '31', '', ''),
('357', 'Regierungsrat BE', '', '10', '1', '31', '', ''),
('358', 'Regierungsrat BE', '', '77', '1', '32', '', ''),
('359', 'Selbstständig', '', '343', '0', '32', '', ''),
('360', 'Verwaltungsrat', '', '344', '1', '32', '', ''),
('361', 'Verwaltungsrat', '', '345', '1', '32', '', ''),
('362', 'Verwaltungsrat', '', '346', '0', '32', '', ''),
('363', 'Regierungsrat BE', '', '347', '1', '33', '', ''),
('364', 'Wissenschaftlicher Mitarbeiter', '', '348', '0', '33', '', ''),
('365', 'Regierungsrat BE', '', '6', '1', '34', '', ''),
('366', 'Expo-Beauftragter', '', '349', '0', '34', '', ''),
('367', 'Kommunikationschef Euro 2008', '', '350', '0', '34', '', ''),
('368', 'Stiftungsrat', '', '351', '1', '34', '', ''),
('369', 'Verwaltungsratsvizepräsident', '', '352', '0', '34', '', ''),
('370', 'Juristischer Mitarbeiter', '', '353', '0', '35', '', ''),
('371', 'Stage', '', '354', '0', '35', '', ''),
('372', 'ter Generalsekretariat/Rechts- und Steuerabteilung', '', '355', '0', '35', '', ''),
('373', 'Verwaltungsrat', '', '356', '1', '35', '', ''),
('374', 'Präsident des Verwaltungsrats', '', '357', '1', '35', '', ''),
('375', 'Grosser Rat', '', '358', '0', '35', '', ''),
('376', 'Meister', '', '359', '1', '35', '', ''),
('377', 'CEO', '', '360', '0', '36', '', ''),
('378', 'Leiterin Kommunikation & Public Affairs', '', '361', '1', '37', '', ''),
('379', 'in verschiedenen leitenden Funktionen', '', '28', '0', '37', '', ''),
('380', 'Unternehmenskommunikation, Mitglied der Konzernleitung', '', '362', '0', '37', '', ''),
('382', 'Jurist', '', '353', '1', '39', '', ''),
('383', 'Leiter', '', '363', '1', '39', '', ''),
('384', 'Basler Bürgergemeinderat', '', '358', '0', '39', '', ''),
('385', 'Revisions-Assistentin', '', '364', '0', '40', '', ''),
('386', 'Gründerin', '', '365', '0', '40', '', ''),
('387', 'Gemeindepräsidentin Hölstein', '', '10', '0', '40', '', ''),
('389', 'Assistenz der Programmleitung, in der Projektleitung Kommunikation & Marketing und im Programm-Projektmanagement', '', '366', '0', '41', '', ''),
('390', 'CEO', '', '367', '1', '41', '', ''),
('391', '?', '', '368', '0', '41', '', ''),
('392', 'Verwaltungsratspräsident', '', '369', '0', '42', '', ''),
('393', 'Verwaltungsrat', '', '370', '0', '42', '', ''),
('394', 'Stiftungsratsmitglied', '', '371', '0', '42', '', ''),
('395', 'Stiftungsratsmitglied', '', '372', '1', '42', '', ''),
('396', 'Stiftungsratsmitglied', '', '373', '1', '42', '', ''),
('397', 'Stiftungsratsmitglied', '', '374', '1', '42', '', ''),
('398', 'Stiftungsratspräsident', '', '375', '1', '42', '', ''),
('399', 'Verwaltungsrat', '', '376', '1', '42', '', ''),
('400', 'Verwaltungsrat', '', '238', '1', '42', '', ''),
('401', 'Vorstandspräsident', '', '377', '1', '42', '', ''),
('402', 'Verwaltungsrat', '', '378', '1', '42', '', ''),
('403', 'General Counsel und ehem. Mitglied der Konzernleitung', '', '379', '1', '42', '', ''),
('404', 'Berater auf dem Gebiet der Life Sciences', '', '380', '1', '43', '', ''),
('405', 'Führungspositionen in der Pharmaforschung', '', '28', '0', '43', '', ''),
('406', 'Führungspositionen in der Pharmaforschung', '', '381', '0', '43', '', ''),
('407', 'Life-Sciences-Kommissionsmitglied', '', '382', '1', '43', '', ''),
('408', 'Life-Sciences-Kommissionsmitglied', '', '383', '1', '43', '', ''),
('409', 'Leiterin', '', '384', '0', '44', '', ''),
('410', 'Mitglied der Geschäftsleitung', '', '385', '0', '44', '', ''),
('411', 'HR Site Head', '', '386', '0', '44', '', ''),
('412', 'Angestellte', '', '387', '0', '44', '', ''),
('413', 'Angestellte', '', '388', '0', '44', '', ''),
('414', 'Angestellte', '', '389', '0', '44', '', ''),
('415', 'Leiterin Human Resources', '', '390', '1', '44', '', ''),
('416', 'Grosser Rat', '', '77', '0', '44', '', ''),
('418', 'Leiter Corporate Research', '', '28', '0', '45', '', ''),
('419', 'Professor für Biopharmakologie und Arzneistoffwissenschaften (Drug Discovery Science)', '', '391', '0', '45', '', ''),
('420', 'different positions', '', '392', '0', '45', '', ''),
('421', 'NA', '', '393', '1', '45', '', ''),
('422', 'NA', '', '394', '1', '45', '', ''),
('423', 'Stiftungsratsmitglied', '', '395', '0', '45', '', ''),
('424', 'Anwalt', '', '396', '1', '46', '', ''),
('425', 'Ständerat', '', '10', '0', '46', '', ''),
('426', 'Stiftungsratspräsident', '', '397', '0', '46', '', ''),
('427', 'Stiftungsrat', '', '398', '1', '46', '', ''),
('428', 'Stiftungsrat', '', '399', '1', '46', '', ''),
('429', 'Stiftungs- bzw. Verwaltungsrat', '', '400', '1', '46', '', ''),
('430', 'Stiftungs- bzw. Verwaltungsrat', '', '401', '1', '46', '', ''),
('431', 'Verwaltungsrat', '', '402', '1', '46', '', ''),
('432', 'Stiftungsrat', '', '403', '1', '46', '', ''),
('433', 'Stiftungsrat', '', '404', '1', '46', '', ''),
('434', 'Verwaltungsrat', '', '405', '0', '47', 'Angabe Generalsekretär', 'Jan 2016'),
('435', 'Mitglied', '', '406', '1', '47', 'Angabe Generalsekretär', 'Jan2016'),
('436', 'Verwaltungsrat', '', '407', '1', '48', '', ''),
('437', 'Verwaltungsrat', '', '408', '1', '48', '', ''),
('439', 'Chairman, Beirat', '', '410', '1', '48', '', ''),
('440', 'Beirat', '', '411', '1', '48', '', ''),
('445', 'Stiftungsratsvizepräsident', '', '416', '1', '49', '', ''),
('447', 'Traineeship', '', '418', '0', '50', '', ''),
('448', 'Verantwortliche des Profit Centers «Chewing Gum»', '', '419', '0', '50', '', ''),
('449', 'Marketingleiterin', '', '420', '0', '50', '', ''),
('450', 'CEO', '', '421', '0', '50', '', ''),
('451', 'Managing Director', '', '422', '1', '50', '', ''),
('452', 'Präsidentin des Verwaltungsrats', '', '423', '1', '14', '', ''),
('453', 'Verwaltungsrat', '', '424', '1', '14', '', ''),
('454', 'Mitglied', '', '425', '1', '14', '', ''),
('455', 'Mitglied', '', '426', '1', '14', '', ''),
('456', 'Verwaltungsrat', '', '427', '1', '14', '', ''),
('457', 'President of the board', '', '428', '1', '14', '', ''),
('458', 'Gründungsmitglied', '', '429', '1', '14', '', ''),
('459', 'Ehrenmitglied', '', '430', '1', '14', '', ''),
('460', 'Ehrenmitglied', '', '431', '1', '14', '', ''),
('461', 'Kantonsrat ZH', '', '77', '0', '14', '', ''),
('462', 'Vice-President of the Parliamentary Assembly', '', '432', '0', '14', '', ''),
('463', 'CEO', '', '433', '1', '51', '', ''),
('464', 'Verwaltungsrat', '', '434', '1', '51', '', ''),
('465', 'Verwaltungsrat', '', '435', '1', '51', '', ''),
('466', 'Verwaltungsrat', '', '436', '1', '51', '', ''),
('467', 'Verwaltungsrat', '', '437', '1', '51', '', ''),
('468', 'Stiftungsrat', '', '438', '1', '51', '', ''),
('469', 'Mitglied', '', '406', '1', '51', '', ''),
('470', 'CEO', '', '439', '0', '51', '', ''),
('471', 'Associate Partner', '', '440', '0', '51', '', ''),
('472', 'CEO', '', '441', '0', '51', '', ''),
('473', 'CEO', '', '442', '0', '51', '', ''),
('474', 'CEO', '', '443', '0', '51', '', ''),
('475', '?', '', '444', '0', '51', '', ''),
('476', 'responsible for the development and sale of a venture-capital project', '', '445', '0', '51', '', ''),
('477', 'CEO', '', '446', '0', '51', '', ''),
('478', 'Verwaltungsrat', '', '447', '0', '51', '', ''),
('479', 'Verwaltungsrat', '', '448', '0', '51', '', ''),
('480', 'Gründungsmitglied', '', '449', '1', '51', '', ''),
('481', 'Gründungsmitglied', '', '450', '1', '51', '', ''),
('482', 'Verwaltungsrat', '', '451', '0', '51', '', ''),
('483', 'Verwaltungsrat', '', '452', '0', '51', '', ''),
('484', 'CEO', '', '453', '1', '52', '', ''),
('485', 'Forschungsassistentin am ABB-Forschungszentrum', '', '454', '0', '52', '', ''),
('486', 'Verwaltungsrat', '', '455', '1', '52', '', ''),
('487', 'Verwaltungsrat', '', '456', '1', '52', '', ''),
('488', 'Tierschutzexperte', '', '457', '1', '53', '', ''),
('489', 'Vizepräsident', '', '458', '1', '54', '', ''),
('490', 'Verwaltungsratspräsident', '', '451', '1', '54', '', ''),
('491', 'Stiftungsratspräsident', '', '459', '1', '54', '', ''),
('492', 'Verwaltungsrat', '', '460', '1', '54', '', ''),
('493', 'Verwaltungsrat', '', '461', '1', '54', '', ''),
('494', 'Stiftungsratsvizepräsident', '', '403', '1', '54', '', ''),
('495', 'Mitglied des Vorstandsausschusses', '', '238', '1', '54', '', ''),
('496', 'Partner', '', '462', '0', '55', '', ''),
('497', 'Assistent Fachrichtung Baustatik / Stahlbetonbau (Teilzeit)', '', '463', '0', '55', '', ''),
('498', 'Inhaber', '', '464', '0', '55', '', ''),
('499', 'Gründer', '', '465', '0', '55', '', ''),
('500', 'Geschäftsführer', '', '466', '0', '55', '', ''),
('501', 'Geschäftsführer', '', '467', '0', '55', '', ''),
('502', 'Verwaltungsrat', '', '468', '0', '55', '', ''),
('503', 'Stiftungsrat', '', '469', '1', '55', '', ''),
('504', 'Stiftungsratsvizepräsident', '', '470', '1', '55', '', ''),
('505', 'Mitglied des Vorstandsausschusses', '', '471', '0', '55', '', ''),
('506', 'Gemeindepräsident Rothenburg', '', '84', '0', '55', '', ''),
('507', 'Vizepräsident', '', '472', '0', '56', '', ''),
('508', 'Stiftungsratspräsident', '', '473', '1', '56', '', ''),
('509', 'Angestellter', '', '408', '0', '56', '', ''),
('510', 'Angestellter', '', '474', '0', '56', '', ''),
('511', 'Personalentwickler', '', '475', '0', '56', '', ''),
('512', 'Personaldirektor', '', '476', '0', '56', '', ''),
('513', 'Co-Chair', '', '477', '1', '57', '', ''),
('514', 'associate director', '', '478', '1', '57', '', ''),
('515', 'Verwaltungsrat', '', '25', '1', '57', '', ''),
('516', 'Stiftungsrat', '', '479', '1', '57', '', ''),
('517', 'Stiftungsrat', '', '480', '0', '57', '', ''),
('518', 'Grosser Rat TI', '', '84', '0', '58', '', ''),
('519', 'Stiftungsrat', '', '481', '1', '58', '', ''),
('520', 'Präsidentin des „steering board“', '', '482', '0', '58', '', ''),
('521', 'Vizepräsidentin', '', '483', '1', '58', '', ''),
('522', 'Vizepräsidentin', '', '484', '1', '58', '', ''),
('523', 'Präsidentin', '', '485', '1', '58', '', ''),
('524', 'Mitglied', '', '486', '1', '58', '', ''),
('525', 'Mitglied', '', '487', '1', '58', '', ''),
('526', 'Stiftungsrat', '', '488', '1', '58', '', ''),
('527', 'Geschäftsleiter', '', '489', '1', '58', '', ''),
('528', 'Projektleiterin', '', '490', '0', '58', '', ''),
('529', 'Projektleiterin Lebensmittelproduktion', '', '491', '0', '58', '', ''),
('531', 'Geschäftsführer', '', '492', '1', '60', '', ''),
('532', 'Vorstand', '', '493', '1', '60', '', ''),
('533', 'Stiftungsrat', '', '494', '1', '60', '', ''),
('534', 'Kantonsrat LU', '', '84', '1', '60', '', ''),
('535', 'Verwaltungsrat', '', '495', '1', '61', '', ''),
('536', 'Geschäftsleitung', '', '496', '0', '61', '', ''),
('537', 'Verwaltungsrat', '', '497', '1', '61', '', ''),
('538', 'Verwaltungsrat', '', '498', '1', '61', '', ''),
('539', 'Stiftungsratspräsident', '', '499', '1', '61', '', ''),
('540', 'Stiftungsrat', '', '500', '1', '61', '', ''),
('541', 'Verwaltungsratspräsident', '', '501', '0', '61', '', ''),
('542', 'Expert Commission on Disclosure', '', '502', '1', '61', '', ''),
('543', 'Anwalt', '', '503', '0', '61', '', ''),
('544', 'Anwalt', '', '504', '0', '61', '', ''),
('545', 'Präsident', '', '505', '0', '61', '', ''),
('546', 'Kantonsrat LU', '', '506', '0', '61', '', ''),
('547', 'Mitglied', '', '507', '1', '61', '', ''),
('548', 'Staatsintendant', '', '508', '0', '62', '', ''),
('549', 'Erster Vorsitzender', '', '509', '0', '62', '', ''),
('550', 'Stiftungsrat', '', '510', '1', '62', '', ''),
('552', 'Präsident', '', '511', '1', '64', '', ''),
('553', 'Geschäftsführer', '', '512', '1', '64', '', ''),
('554', 'Verwaltungsrat', '', '513', '1', '64', '', ''),
('555', 'Abteilungsleiter', '', '514', '0', '64', '', ''),
('556', 'Gemeinderat NE', '', '515', '0', '64', '', ''),
('557', 'Stiftungsratspräsident', '', '516', '0', '64', '', ''),
('558', 'Verwaltungsrat', '', '517', '0', '64', '', ''),
('559', 'Verwaltungsratsvizepräsident', '', '518', '1', '64', '', ''),
('560', 'Verwaltungsratssekretär', '', '519', '0', '64', '', ''),
('561', 'Verwaltungsrat', '', '520', '0', '64', '', ''),
('562', 'Stiftungsratssekretär', '', '521', '0', '64', '', ''),
('563', 'Verwaltungsratssekretär', '', '522', '0', '64', '', ''),
('564', 'Mitglied', '', '523', '1', '65', '', ''),
('565', 'Stiftungsratsvizepräsident', '', '524', '0', '65', '', ''),
('566', 'Verwaltungsrat', '', '525', '1', '65', '', ''),
('567', 'Verwaltungsratspräsident', '', '526', '0', '65', '', ''),
('568', 'Verwaltungsrat', '', '527', '0', '65', '', ''),
('569', 'Verwaltungsrat', '', '528', '0', '65', '', ''),
('570', 'Stiftungsratsvizepräsident', '', '529', '1', '65', '', ''),
('571', 'Stiftungsrat', '', '530', '1', '65', '', ''),
('572', 'Stiftungsratspräsident', '', '531', '0', '65', '', ''),
('573', 'Stiftungsratsvizepräsident', '', '532', '0', '65', '', ''),
('574', 'Stiftungsratspräsident', '', '533', '0', '65', '', ''),
('575', 'Stiftungsratssekretär', '', '534', '0', '65', '', ''),
('576', 'Stiftungsratspräsident', '', '535', '0', '65', '', ''),
('577', 'Stiftungsratspräsident', '', '536', '0', '65', '', ''),
('578', 'Stiftungsrat', '', '537', '0', '65', '', ''),
('579', 'Stiftungsratspräsident', '', '538', '1', '65', '', ''),
('580', 'Stiftungsrat', '', '539', '1', '65', '', ''),
('581', 'Stiftungsrat', '', '540', '0', '65', '', ''),
('582', 'Inhaber', '', '541', '1', '66', '', ''),
('583', 'Stiftungsrat', '', '542', '1', '66', '', ''),
('584', 'Verwaltungsratspräsident', '', '543', '1', '66', '', ''),
('585', 'Verwaltungsratsvizepräsident', '', '544', '0', '66', '', ''),
('586', 'Verwaltungsrat', '', '545', '0', '66', '', ''),
('587', 'Gesellschafter', '', '546', '0', '66', '', ''),
('588', 'Verwaltungsrat', '', '547', '0', '66', '', ''),
('590', 'CEO', '', '548', '1', '68', '', ''),
('591', 'Verwaltungsratspräsident', '', '549', '0', '68', '', ''),
('592', 'Verwaltungsrat', '', '550', '1', '68', '', ''),
('593', 'Verwaltungsrat', '', '551', '1', '68', '', ''),
('594', 'Verwaltungsrat', '', '552', '0', '68', '', ''),
('595', 'Stiftungsratspräsident', '', '553', '1', '68', '', ''),
('596', 'Mitglied', '', '554', '1', '68', '', ''),
('597', 'Conseillère communale, Neuchâtel', '', '347', '1', '69', '', ''),
('598', 'Chef der politischen Direktion', '', '555', '0', '70', '', ''),
('599', 'Schweiz', '', '556', '0', '70', '', ''),
('600', 'Stiftungsrat', '', '557', '0', '70', '', ''),
('601', 'Stiftungsrat', '', '558', '1', '70', '', ''),
('602', 'Stiftungsratsvizepräsident', '', '559', '0', '70', '', ''),
('603', 'Stiftungsrat', '', '560', '0', '70', '', ''),
('604', 'Stiftungsrat', '', '561', '1', '71', '', ''),
('605', 'Verwaltungsrat', '', '551', '1', '71', '', ''),
('606', 'Stiftungsrat', '', '562', '1', '71', '', ''),
('607', 'Verwaltungsrat', '', '563', '0', '71', '', ''),
('608', 'Mitglied', '', '564', '1', '72', '', ''),
('609', 'Stiftungsratspräsident', '', '565', '0', '72', '', ''),
('610', 'Stiftungsrat', '', '540', '1', '72', '', ''),
('611', 'Stiftungsrat', '', '566', '0', '72', '', ''),
('612', 'selbstständig', '', '567', '1', '72', '', ''),
('613', 'Directrice adjointe', '', '568', '1', '73', '', ''),
('614', 'Anwalt', '', '569', '1', '74', 'Eigenrecherche', 'August 2015'),
('615', 'NA', '', '570', '1', '75', '', ''),
('616', 'NA', '', '571', '1', '76', '', ''),
('617', 'NA', '', '572', '1', '77', '', ''),
('618', 'NA', '', '573', '1', '78', '', ''),
('619', 'NA', '', '574', '1', '79', '', ''),
('620', 'NA', '', '575', '1', '80', '', ''),
('621', 'NA', '', '576', '1', '81', '', ''),
('622', 'NA', '', '577', '1', '82', '', ''),
('623', 'NA', '', '578', '1', '83', '', ''),
('624', 'Professore', '', '579', '1', '84', '', ''),
('625', 'Grosser Rat', '', '77', '0', '85', '', ''),
('626', 'Sekretär', '', '580', '0', '85', '', ''),
('627', 'Direktor', '', '581', '0', '85', '', ''),
('628', 'Professorin', '', '582', '1', '86', '', ''),
('630', 'Stiftungsrat', '', '583', '0', '86', '', ''),
('631', 'Stiftungsrat', '', '584', '0', '86', '', ''),
('632', 'Stiftungsrat', '', '585', '0', '86', '', ''),
('633', 'Verwaltungsratspräsident', '', '586', '1', '87', '', ''),
('634', 'Präsident', '', '587', '1', '88', '', ''),
('635', 'Professor', '', '459', '1', '88', '', ''),
('637', 'Verwaltungsratspräsident', '', '588', '1', '90', '', ''),
('638', 'Stiftungsrat', '', '589', '1', '90', '', ''),
('639', 'Kader', '', '590', '0', '90', '', ''),
('640', 'Präsident', '', '591', '1', '91', '', ''),
('641', 'Co-Chair', '', '592', '0', '91', '', ''),
('644', 'Verwaltungsrat', '', '594', '0', '93', '', ''),
('645', 'Stiftungsrat', '', '595', '1', '93', '', ''),
('646', 'Stiftungsrat', '', '596', '1', '93', '', ''),
('647', 'Stiftungsratspräsident', '', '597', '1', '93', '', ''),
('648', 'Stiftungsrat', '', '598', '1', '93', '', ''),
('649', 'Stiftungsrat', '', '599', '1', '93', '', ''),
('650', 'Stiftungsratspräsident', '', '600', '1', '93', '', ''),
('651', 'Stiftungsrat', '', '601', '1', '93', '', ''),
('652', 'Stiftungsrat', '', '602', '1', '93', '', ''),
('653', 'Stiftungsrat', '', '603', '1', '93', '', ''),
('654', 'Stiftungsrat', '', '604', '1', '93', '', ''),
('655', '?', '', '605', '0', '93', '', ''),
('657', 'Managing Director', '', '25', '0', '95', '', ''),
('658', '?', '', '606', '0', '95', '', ''),
('659', 'Vizepräsident', '', '30', '0', '95', '', ''),
('660', 'Sektionspräsident', '', '607', '0', '95', '', ''),
('661', '?', '', '608', '0', '95', '', ''),
('662', 'Verwaltungsrat', '', '609', '1', '95', '', ''),
('663', 'Stiftungsrat', '', '610', '1', '95', '', ''),
('664', 'Stiftungsrat', '', '611', '1', '95', '', ''),
('665', 'Stiftungsratspräsident', '', '612', '1', '95', '', ''),
('666', 'Stiftungsrat', '', '613', '0', '95', '', ''),
('667', 'Stiftungsrat', '', '614', '0', '95', '', ''),
('668', 'Stiftungsrat', '', '615', '0', '95', '', ''),
('669', 'Stiftungsrat', '', '616', '0', '95', '', ''),
('670', 'Mitglied', '', '617', '0', '95', '', ''),
('671', 'Kader', '', '618', '1', '96', '', ''),
('672', 'Stiftungsrat', '', '619', '1', '96', '', ''),
('673', 'Stiftungsrat', '', '620', '1', '96', '', ''),
('674', 'Stiftungsrat', '', '621', '0', '96', '', ''),
('675', 'Stiftungsrat', '', '622', '0', '96', '', ''),
('676', 'Stiftungsrat', '', '623', '0', '96', '', ''),
('677', 'Stiftungsratspräsident', '', '624', '0', '96', '', ''),
('678', 'Stiftungsratssekretär', '', '625', '0', '96', '', ''),
('679', 'Stiftungsrat', '', '626', '0', '96', '', ''),
('680', 'Verwaltungsrat', '', '627', '0', '96', '', ''),
('681', 'Verwaltungsrat', '', '628', '0', '96', '', ''),
('682', 'Direktor', '', '629', '0', '97', '', ''),
('683', 'Stiftungsrat', '', '630', '1', '97', '', ''),
('684', 'Stiftungsratspräsident', '', '631', '1', '97', '', ''),
('685', 'Dr. Physicist', '', '632', '0', '98', '', ''),
('686', 'Dr. Physicist', '', '633', '0', '98', '', ''),
('687', 'Kantonsrat FR', '', '10', '1', '98', '', ''),
('689', 'Geschäftsführer', '', '634', '1', '100', '', ''),
('690', 'Angestellter', '', '361', '0', '100', '', ''),
('691', 'Key Account Manager', '', '362', '0', '100', '', ''),
('692', 'Mitglied', '', '607', '1', '100', '', ''),
('693', 'Mitglied', '', '635', '1', '100', '', ''),
('694', 'Mitglied', '', '636', '1', '100', '', ''),
('695', 'Mitglied', '', '637', '1', '100', '', ''),
('696', 'Generalrat Fribourg', '', '84', '1', '100', '', ''),
('697', 'Grosser Rat Fribourg', '', '77', '1', '101', '', ''),
('698', 'Chefarzt', '', '638', '1', '102', '', ''),
('699', 'Staatsrat VS', '', '10', '0', '103', '', ''),
('700', 'Vize-Direktor Finanzen', '', '408', '0', '103', '', ''),
('701', 'Verwaltungsrat', '', '639', '0', '103', '', ''),
('702', 'Verwaltungsrat', '', '640', '0', '103', '', ''),
('703', 'Verwaltungsrat', '', '641', '0', '103', '', ''),
('704', 'Verwaltungsrat', '', '642', '0', '103', '', ''),
('705', 'Verwaltungsrat', '', '643', '0', '103', '', ''),
('706', 'Verwaltungsrat', '', '644', '0', '103', '', ''),
('707', 'Stiftungsratspräsident', '', '645', '1', '103', '', ''),
('708', 'Stiftungsrat', '', '646', '1', '103', '', ''),
('709', 'Stiftungsratspräsident', '', '647', '0', '103', '', ''),
('710', 'NA', '', '648', '0', '103', '', ''),
('711', 'NA', '', '621', '0', '103', '', ''),
('712', 'Stiftungsratspräsident', '', '649', '0', '103', '', ''),
('713', 'Stiftungsratspräsident', '', '650', '0', '103', '', ''),
('714', 'Stiftungsrat', '', '651', '0', '103', '', ''),
('715', 'Stiftungsrat', '', '652', '0', '103', '', ''),
('716', 'Stiftungsrat', '', '653', '0', '103', '', ''),
('717', 'Stiftungsrat', '', '654', '0', '103', '', ''),
('718', 'Stiftungsrat', '', '655', '0', '103', '', ''),
('719', 'Stiftungsrat', '', '330', '0', '103', '', ''),
('720', 'Mitglied', '', '656', '0', '103', '', ''),
('721', 'Vizepräsident', '', '657', '0', '103', '', ''),
('722', 'Mitglied', '', '658', '0', '103', '', ''),
('723', 'Liquidator', '', '659', '0', '103', '', ''),
('724', 'Regierungsrat UR', '', '84', '0', '104', '', ''),
('725', 'Stiftungsrat', '', '660', '1', '104', '', ''),
('726', 'Präsident', '', '661', '0', '104', '', ''),
('727', 'Stiftungsratspräsident', '', '662', '0', '104', '', ''),
('728', 'Stiftungsratsvizepräsident', '', '469', '0', '104', '', ''),
('729', 'Stiftungsratspräsident', '', '663', '0', '104', '', ''),
('730', 'Verwaltungsrat', '', '664', '0', '104', '', ''),
('731', 'Verwaltungsrat', '', '665', '0', '104', '', ''),
('732', 'Präsident des Bankrates', '', '666', '1', '104', '', ''),
('733', 'Kader', '', '25', '0', '104', '', ''),
('740', 'General Counsel', '', '25', '0', '111', '', ''),
('741', 'Leiter Corporate Finance', '', '667', '0', '111', '', ''),
('742', 'Anwalt', '', '668', '0', '111', '', ''),
('743', 'Anwalt', '', '669', '0', '111', '', ''),
('744', 'Verwaltungsrat', '', '670', '0', '111', '', ''),
('745', 'Stiftungsratspräsident', '', '671', '1', '112', '', ''),
('746', 'Verwaltungsrat', '', '672', '0', '112', '', ''),
('747', 'Verwaltungsrat', '', '673', '0', '112', '', ''),
('748', 'Verwaltungsrat', '', '674', '0', '112', '', ''),
('749', 'Stiftungsratspräsident', '', '675', '0', '112', '', ''),
('750', 'Stiftungsratspräsident', '', '676', '0', '112', '', ''),
('751', 'Stiftungsrat', '', '677', '0', '112', '', ''),
('752', 'Stiftungsratspräsident', '', '678', '0', '112', '', ''),
('753', 'Stiftungsrat', '', '679', '0', '112', '', ''),
('754', 'Stiftungsratspräsident', '', '680', '0', '112', '', ''),
('755', 'Stiftungsratspräsident', '', '681', '0', '112', '', ''),
('756', 'Stiftungsratspräsident', '', '682', '0', '112', '', ''),
('757', 'Stiftungsrat', '', '683', '0', '112', '', ''),
('758', 'Grosser Rat', '', '84', '0', '112', '', ''),
('759', 'Verwaltungsratspräsident', '', '684', '1', '113', '', ''),
('760', 'Verwaltungsrat', '', '685', '1', '113', '', ''),
('761', 'Verwaltungsrat', '', '686', '1', '113', '', ''),
('762', 'Verwaltungsrat', '', '687', '1', '113', '', ''),
('763', 'Verwaltungsrat', '', '688', '1', '113', '', ''),
('764', 'Verwaltungsrat', '', '689', '0', '113', '', ''),
('765', 'Verwaltungsrat', '', '690', '0', '113', '', ''),
('766', 'Verwaltungsrat', '', '691', '0', '113', '', ''),
('767', 'Verwaltungsrat', '', '692', '0', '113', '', ''),
('768', 'Verwaltungsrat', '', '693', '0', '113', '', ''),
('769', 'Verwaltungsrat', '', '694', '0', '113', '', ''),
('770', 'Verwaltungsrat', '', '695', '0', '113', '', ''),
('771', 'Stiftungsrat', '', '696', '1', '113', '', ''),
('772', 'Stiftungsrat', '', '697', '0', '113', '', ''),
('773', 'Stiftungsrat', '', '698', '0', '113', '', ''),
('774', 'Präsident', '', '699', '1', '113', '', ''),
('775', 'Präsident', '', '700', '1', '113', '', ''),
('776', 'First Vice President', '', '701', '0', '114', '', ''),
('777', 'Geschäftsführer', '', '702', '1', '114', '', ''),
('778', 'Verwaltungsratspräsident', '', '703', '1', '114', '', ''),
('779', 'Senior Partner', '', '704', '1', '114', '', ''),
('780', 'Verwaltungsrat', '', '705', '1', '114', '', ''),
('781', 'Informationschef', '', '706', '0', '114', '', ''),
('782', 'Persönlicher Berater und Sprecher', '', '707', '0', '114', '', ''),
('783', 'Stiftungsratspräsident', '', '708', '1', '114', '', ''),
('784', 'Präsident', '', '709', '1', '114', '', ''),
('785', 'Beirat', '', '710', '1', '114', '', ''),
('786', 'Mitglied', '', '711', '1', '114', '', ''),
('787', 'Verwaltungsrat', '', '712', '0', '114', '', ''),
('788', 'Verwaltungsrat', '', '713', '0', '114', '', ''),
('789', 'Verwaltungsratspräsident', '', '714', '0', '114', '', ''),
('790', 'Verwaltungsrat', '', '715', '0', '114', '', ''),
('791', 'Stiftungsrat', '', '716', '0', '114', '', ''),
('792', 'Mitglied', '', '717', '0', '114', '', ''),
('793', 'Verwaltungsrat', '', '718', '0', '114', '', ''),
('794', 'Verwaltungsratspräsident', '', '719', '0', '115', '', ''),
('795', 'Verwaltungsrat', '', '720', '0', '115', '', ''),
('796', 'Verwaltungsratspräsident', '', '721', '0', '115', '', ''),
('797', 'Verwaltungsrat', '', '722', '0', '115', '', ''),
('798', 'Verwaltungsrat', '', '723', '0', '115', '', ''),
('799', 'Verwaltungsrat', '', '724', '0', '115', '', ''),
('800', 'Verwaltungsrat', '', '725', '0', '115', '', ''),
('801', 'Verwaltungsrat', '', '726', '0', '115', '', ''),
('802', 'Verwaltungsratspräsident', '', '727', '0', '115', '', ''),
('803', 'Verwaltungsratspräsident', '', '728', '0', '115', '', ''),
('804', 'Verwaltungsratspräsident', '', '729', '0', '115', '', ''),
('805', 'Verwaltungsratspräsident', '', '730', '0', '115', '', ''),
('806', 'Verwaltungsratspräsident', '', '731', '0', '115', '', ''),
('807', 'Verwaltungsrat', '', '732', '0', '115', '', ''),
('808', 'Verwaltungsratspräsident', '', '733', '0', '115', '', ''),
('809', 'Verwaltungsrat', '', '734', '0', '115', '', ''),
('810', 'Verwaltungsrat', '', '735', '0', '115', '', ''),
('811', 'Verwaltungsratspräsident', '', '736', '0', '115', '', ''),
('812', 'Verwaltungsratspräsident', '', '737', '0', '115', '', ''),
('813', 'Verwaltungsratspräsident', '', '738', '0', '115', '', ''),
('814', 'Verwaltungsrat', '', '739', '0', '115', '', ''),
('815', 'Verwaltungsrat', '', '740', '0', '115', '', ''),
('816', 'Verwaltungsrat', '', '741', '0', '115', '', ''),
('817', 'Verwaltungsrat', '', '742', '0', '115', '', ''),
('818', 'Stiftungsratspräsident', '', '743', '1', '115', '', ''),
('819', 'Stiftungsrat', '', '744', '1', '115', '', ''),
('820', 'Stiftungsrat', '', '745', '0', '115', '', ''),
('821', 'Stiftungsratspräsident', '', '746', '0', '115', '', ''),
('822', 'Stiftungsratspräsident', '', '747', '0', '115', '', ''),
('823', 'Stiftungsrat', '', '748', '0', '115', '', ''),
('824', 'Stiftungsratspräsident', '', '749', '0', '115', '', ''),
('825', 'Kassier', '', '750', '0', '115', '', ''),
('826', '?', '', '751', '0', '115', '', ''),
('827', 'Verwaltungsratspräsident', '', '752', '1', '116', '', ''),
('828', 'Verwaltungsratsvizepräsident', '', '753', '0', '116', '', ''),
('829', 'CEO', '', '754', '0', '116', '', ''),
('830', 'NA', '', '755', '0', '116', '', ''),
('831', 'Verwaltungsratsvizepräsident', '', '756', '0', '116', '', ''),
('832', 'Verwaltungsrat', '', '757', '0', '116', '', ''),
('833', 'Verwaltungsrat', '', '758', '0', '116', '', ''),
('834', 'Verwaltungsratspräsident', '', '759', '0', '116', '', ''),
('835', 'CEO', '', '760', '0', '116', '', ''),
('836', 'indirekte Beziehungen', '', '761', '0', '116', '', ''),
('837', 'Verwaltungsrat', '', '762', '0', '117', '', ''),
('838', 'Stiftungsrat', '', '763', '1', '117', '', ''),
('839', 'Stiftungsratspräsident', '', '764', '1', '117', '', ''),
('840', 'Stiftungsratspräsident', '', '765', '1', '117', '', ''),
('841', 'Vorstandsmitglied', '', '766', '1', '117', '', ''),
('842', 'Geschäftsführer', '', '767', '0', '117', '', ''),
('843', 'Direktor für Arbeit', '', '768', '0', '117', '', ''),
('844', 'Verwaltungsrat', '', '769', '1', '118', '', ''),
('845', 'Verwaltungsratspräsident und Mitglied der Geschäftsleitung', '', '770', '1', '118', '', ''),
('846', 'Präsident', '', '771', '0', '118', '', ''),
('847', 'Präsident', '', '772', '1', '118', '', ''),
('848', 'Stiftungsrat', '', '773', '1', '119', '', ''),
('849', 'Landrat', '', '774', '1', '119', '', ''),
('850', 'Gesellschafterin und Geschäftsführerin', '', '775', '1', '120', '', ''),
('851', 'Kader', '', '628', '0', '121', '', ''),
('852', 'Kader', '', '627', '0', '121', '', ''),
('853', 'Mitarbeiter', '', '393', '0', '121', '', ''),
('854', 'Vorstandsmitglide', '', '776', '1', '121', '', ''),
('855', 'Mitglied', '', '777', '1', '121', '', ''),
('856', 'Landrat Baselland', '', '77', '0', '122', '', ''),
('857', 'Präsident', '', '778', '1', '122', '', ''),
('858', 'Präsident', '', '779', '0', '122', '', ''),
('859', 'Gründungsmitglied', '', '780', '1', '122', '', ''),
('860', 'Co-Präsident', '', '781', '1', '122', '', ''),
('861', 'Vorstandsmitglied', '', '782', '1', '122', '', ''),
('862', 'Präsident', '', '783', '1', '122', '', ''),
('863', 'Kader', '', '784', '1', '123', '', ''),
('864', 'Vorstand Bezirskpartei Rheinfelden', '', '10', '1', '123', '', ''),
('865', 'Departementssekretär', '', '785', '0', '124', '', ''),
('866', 'Präsident', '', '786', '0', '125', '', ''),
('867', 'Revisor', '', '787', '0', '125', '', ''),
('868', 'Co-Verwaltungsratspräsident', '', '788', '0', '125', '', ''),
('869', 'Mitglied Parteileitung Baselland', '', '6', '1', '126', '', ''),
('870', 'Inhaberin', '', '789', '1', '127', '', ''),
('871', 'Grossrat Baselstadt', '', '515', '1', '127', '', ''),
('872', 'CEO', '', '790', '0', '128', '', ''),
('873', 'Direktor', '', '30', '0', '128', '', ''),
('874', 'Verwaltungsrat', '', '791', '0', '128', '', ''),
('875', 'Vizepräsident Stiftungsrat', '', '792', '1', '129', '', ''),
('876', 'Stiftungsrat', '', '793', '1', '129', '', ''),
('877', 'Stiftungsrat', '', '794', '1', '129', '', ''),
('878', 'Stiftungsrat', '', '795', '0', '129', '', ''),
('879', 'Stiftungsrat', '', '796', '0', '129', '', ''),
('880', 'Verwaltungsrat', '', '797', '0', '129', '', ''),
('881', 'Stiftungsrat', '', '602', '1', '129', '', ''),
('882', 'Stiftungsratspräsident', '', '798', '1', '129', '', ''),
('883', 'Stiftungsratspräsident', '', '799', '1', '129', '', ''),
('884', 'Stiftungsrat', '', '800', '1', '129', '', ''),
('885', 'Stiftungsratspräsident', '', '801', '1', '129', '', ''),
('886', 'Stiftungsratspräsident', '', '802', '1', '129', '', ''),
('887', 'Stiftungsrat', '', '803', '1', '129', '', ''),
('888', 'Vizepräsident Stiftungsrat', '', '804', '1', '129', '', ''),
('889', 'Stiftungsratspräsident', '', '805', '1', '129', '', ''),
('890', 'Verwaltungsrat', '', '806', '0', '129', '', ''),
('891', 'Verwaltungsratspräsident', '', '807', '1', '130', '', ''),
('892', 'Verwaltungsrat', '', '808', '0', '130', '', ''),
('893', 'NA', '', '809', '1', '130', '', ''),
('894', 'Verwaltungsratspräsident', '', '810', '0', '130', '', ''),
('895', 'Verwaltungsrat', '', '811', '0', '130', '', ''),
('896', 'Verwaltungsrat', '', '812', '0', '130', '', ''),
('897', 'Verwaltungsrat', '', '813', '0', '130', '', ''),
('898', 'Inhaber', '', '814', '1', '130', '', ''),
('899', 'Stiftungsrat', '', '815', '1', '130', '', ''),
('900', 'Verwaltungsrat', '', '816', '1', '131', '', ''),
('901', 'Vizepräsident Verwaltungsrat', '', '670', '0', '131', '', ''),
('902', 'Verwaltungsrat', '', '817', '0', '131', '', ''),
('903', 'Verwaltungsrat', '', '818', '0', '131', '', ''),
('904', 'Verwaltungsrat', '', '819', '1', '131', '', ''),
('905', 'Verwaltungsrat', '', '820', '1', '131', '', ''),
('906', 'Verwaltungsrat', '', '821', '1', '131', '', ''),
('907', 'Verwaltungsrat', '', '822', '1', '131', '', ''),
('908', 'Verwaltungsrat', '', '823', '1', '131', '', ''),
('909', 'Verwaltungsrat', '', '824', '1', '131', '', ''),
('910', 'Verwaltungsrat', '', '825', '1', '131', '', ''),
('911', 'Verwaltungsrat', '', '826', '0', '131', '', ''),
('912', 'Verwaltungsrat', '', '827', '0', '131', '', ''),
('913', 'Verwaltungsrat', '', '828', '0', '131', '', ''),
('914', 'Verwaltungsrat', '', '829', '0', '131', '', ''),
('915', 'Vizepräsident Verwaltungsrat', '', '830', '0', '131', '', ''),
('916', 'Vizepräsident Verwaltungsrat', '', '831', '0', '131', '', ''),
('917', 'Verwaltungsratspräsident', '', '832', '0', '131', '', ''),
('918', 'Verwaltungsrat', '', '833', '0', '131', '', ''),
('919', 'Verwaltungsrat', '', '834', '0', '131', '', ''),
('920', 'Verwaltungsratspräsident', '', '835', '0', '131', '', ''),
('921', 'Verwaltungsrat', '', '836', '0', '131', '', ''),
('922', 'Verwaltungsrat', '', '837', '0', '131', '', ''),
('923', 'Verwaltungsrat', '', '838', '0', '131', '', ''),
('924', 'Verwaltungsrat', '', '288', '0', '131', '', ''),
('925', 'Vizepräsident Verwaltungsrat', '', '839', '0', '131', '', ''),
('926', 'Verwaltungsrat', '', '840', '0', '131', '', ''),
('927', 'Verwaltungsrat', '', '841', '0', '131', '', ''),
('928', 'Verwaltungsrat', '', '842', '0', '131', '', ''),
('929', 'Verwaltungsratspräsident', '', '843', '0', '131', '', ''),
('930', 'Verwaltungsrat', '', '844', '0', '131', '', ''),
('931', 'Verwaltungsratspräsident', '', '845', '0', '131', '', ''),
('932', 'Verwaltungsratspräsident', '', '846', '0', '131', '', ''),
('933', 'Verwaltungsrat', '', '847', '0', '131', '', ''),
('934', 'Verwaltungsratspräsident', '', '848', '0', '131', '', ''),
('935', 'Verwaltungsratspräsident', '', '849', '0', '131', '', ''),
('936', 'Stiftungsratspräsident', '', '850', '1', '131', '', ''),
('937', 'Vizepräsident Stiftungsrat', '', '851', '1', '131', '', ''),
('938', 'Vizepräsident Stiftungsrat', '', '852', '0', '131', '', ''),
('939', 'Verwaltungsrat', '', '853', '0', '131', '', ''),
('940', 'Verwaltungsrat', '', '854', '1', '132', '', ''),
('941', 'Verwaltungsrat', '', '855', '1', '132', '', ''),
('942', 'Verwaltungsratspräsident', '', '856', '0', '132', '', ''),
('943', 'Verwaltungsratspräsident', '', '857', '0', '132', '', ''),
('944', 'Verwaltungsratspräsident', '', '858', '0', '132', '', ''),
('945', 'Vizepräsident Stiftungsrat', '', '859', '0', '132', '', ''),
('946', 'Verwaltungsrat', '', '860', '0', '132', '', ''),
('947', 'Verwaltungsratspräsident', '', '861', '0', '132', '', ''),
('948', 'Verwaltungsrat', '', '862', '0', '132', '', ''),
('949', 'Verwaltungsrat', '', '863', '0', '132', '', ''),
('950', 'Verwaltungsrat', '', '864', '0', '132', '', ''),
('951', 'Stiftungsrat', '', '865', '1', '132', '', ''),
('952', 'Stiftungsrat', '', '866', '1', '132', '', ''),
('953', 'Stiftungsrat', '', '867', '0', '132', '', ''),
('954', 'Stiftungsrat', '', '868', '0', '132', '', ''),
('955', 'Vizepräsident Stiftungsrat', '', '869', '0', '132', '', ''),
('956', 'Stiftungsrat', '', '870', '1', '133', '', ''),
('957', 'Präsident', '', '871', '1', '133', '', ''),
('958', 'Verwaltungsrat', '', '872', '1', '133', '', ''),
('959', 'Verwaltungsratspräsident', '', '873', '1', '133', '', ''),
('960', 'Stiftungsrat', '', '874', '1', '133', '', ''),
('961', 'Stiftungsrat', '', '875', '1', '133', '', ''),
('962', 'Stiftungsratspräsident', '', '876', '1', '133', '', ''),
('963', 'Stiftungsratspräsident', '', '877', '1', '133', '', ''),
('964', 'Stiftungsrat', '', '878', '0', '133', '', ''),
('965', 'Stiftungsrat', '', '879', '0', '133', '', ''),
('966', 'Stiftungsrat', '', '880', '0', '133', '', ''),
('967', 'Stiftungsrat', '', '881', '0', '133', '', ''),
('968', 'Stiftungsrat', '', '671', '0', '133', '', ''),
('969', 'Stiftungsrat', '', '882', '0', '133', '', ''),
('970', 'Stiftungsrat', '', '330', '0', '133', '', ''),
('971', 'Verwaltungsrat', '', '883', '0', '133', '', ''),
('972', 'Verwaltungsrat', '', '884', '0', '133', '', ''),
('973', 'Präsident Museumsrat', '', '885', '1', '133', '', ''),
('974', 'Schulrat', '', '886', '0', '133', '', ''),
('975', 'Verwaltungsratspräsident', '', '887', '0', '133', '', ''),
('976', ' Präsident', '', '888', '1', '133', '', ''),
('977', 'Regierungsrat Kanton Zürich', '', '77', '0', '133', '', ''),
('978', 'Verwaltungsrat', '', '889', '0', '134', '', ''),
('979', 'Verwaltungsratspräsident', '', '890', '1', '134', '', ''),
('980', 'Verwaltungsrat', '', '891', '1', '134', '', ''),
('981', 'Verwaltungsrat', '', '892', '1', '134', '', ''),
('982', 'Stiftungsrat', '', '893', '0', '134', '', ''),
('983', 'Verwaltungsrat', '', '894', '1', '134', '', ''),
('984', 'Verwaltungsrat', '', '895', '0', '134', '', ''),
('985', 'Verwaltungsrat', '', '896', '0', '134', '', ''),
('986', 'Stiftungsrat', '', '897', '0', '134', '', ''),
('987', 'Verwaltungsratspräsident', '', '898', '0', '135', '', ''),
('988', 'Leiter Internetworking', '', '899', '0', '135', '', ''),
('989', 'Verwaltungsratspräsident ', '', '900', '0', '136', '', ''),
('990', 'Verwaltungsratspräsident ', '', '901', '0', '136', '', ''),
('991', 'Verwaltungsratspräsident ', '', '454', '0', '136', '', ''),
('992', 'Stiftungsrat', '', '902', '1', '136', '', ''),
('993', 'Verwaltungsrat', '', '903', '1', '136', '', ''),
('994', 'Verwaltungsrat', '', '904', '1', '136', '', ''),
('995', 'Verwaltungsrat', '', '905', '1', '136', '', ''),
('996', 'Verwaltungsratspräsident ', '', '864', '0', '136', '', ''),
('997', 'Verwaltungsratspräsident ', '', '906', '0', '136', '', ''),
('998', 'Verwaltungsratspräsident ', '', '907', '0', '136', '', ''),
('999', 'Vorstandsvorsitzender', '', '908', '0', '136', '', ''),
('1000', 'Vorstandsmitglied', '', '909', '0', '136', '', ''),
('1001', 'Vizepräsident des Aufsichtsrat', '', '910', '0', '136', '', ''),
('1002', 'Verwaltungsrat', '', '911', '0', '136', '', ''),
('1003', 'Verwaltungsrat', '', '912', '0', '136', '', ''),
('1004', 'Präsident', '', '913', '1', '47', 'Angabe Generalsekretär', 'Jan 2016'),
('1005', 'Verwaltungsrat', '', '914', '1', '47', 'Angabe Generalsekretär', 'Jan 2016'),
('1006', 'Verwaltungsrat', '', '915', '1', '47', 'Angabe Generalsekretär', 'Jan 2016'),
('1007', 'Stiftungsrat', '', '598', '0', '47', 'Angabe Generalsekretär', 'Jan 2016'),
('1008', 'Stiftungsrat', '', '916', '0', '47', 'Angabe Generalsekretär', 'Jan 2016'),
('1009', 'Stiftungsrat', '', '917', '0', '47', 'Angabe Generalsekretär', 'Jan 2016'),
('1011', 'Stiftungsrat', '', '919', '0', '47', 'Angabe Generalsekretär', 'Jan 2016'),
('1012', 'Stiftungsrat', '', '920', '0', '47', 'Angabe Generalsekretär', 'Jan 2016'),
('1013', 'Stiftungsrat', '', '921', '0', '47', 'Angabe Generalsekretär', 'Jan 2016'),
('1014', 'Stiftungsrat', '', '922', '0', '47', 'Angabe Generalsekretär', 'Jan 2016'),
('1015', 'Zeichnungsberechtigt', '', '923', '0', '47', 'Angabe Generalsekretär', 'Jan 2016'),
('1016', 'Angestellter Konzernforschung', '', '901', '0', '47', 'Angabe Generalsekretär', 'Jan 2016'),
('1017', 'Leitung der Entwicklungsabteilung für Mechatronik', '', '924', '0', '47', 'Angabe Generalsekretär', 'Jan 2016'),
('1018', 'Verwaltungsratspräsident', '', '924', '1', '137', '', ''),
('1019', 'Verwaltungsrat', '', '925', '1', '137', '', ''),
('1020', 'Beirat', '', '926', '1', '137', '', ''),
('1021', 'Beirat', '', '927', '1', '137', '', ''),
('1022', 'Verwaltungsratspräsident ', '', '928', '1', '137', '', ''),
('1023', 'Verwaltungsrat', '', '929', '1', '137', '', ''),
('1024', 'Mitglied', '', '930', '1', '137', '', ''),
('1025', 'Stiftungsrat', '', '931', '1', '137', '', ''),
('1026', 'Stiftungsrat', '', '932', '1', '137', '', ''),
('1027', 'Gründer, CEO und Verwaltungsrat', '', '933', '1', '138', '', ''),
('1028', 'Verwaltungsratsvizepräsident', '', '934', '1', '138', '', ''),
('1029', 'Verwaltungsrat', '', '935', '1', '138', '', ''),
('1030', 'Verwaltungsratspräsident ', '', '936', '1', '138', '', ''),
('1031', 'Verwaltungsrat', '', '937', '1', '138', '', ''),
('1032', 'Verwaltungsratspräsident ', '', '938', '1', '138', '', ''),
('1033', 'Verwaltungsrat', '', '939', '1', '138', '', ''),
('1034', 'Verwaltungsrat', '', '940', '1', '138', '', ''),
('1035', 'Verwaltungsrat', '', '941', '0', '138', '', ''),
('1036', 'Verwaltungsratsvizepräsident', '', '942', '0', '138', '', ''),
('1037', 'Verwaltungsratsvizepräsident', '', '943', '0', '138', '', ''),
('1038', 'Verwaltungsrat', '', '944', '0', '138', '', ''),
('1039', 'Geschäftsleitung', '', '945', '1', '138', '', ''),
('1040', 'CEO und Verwaltungsratspräsident', '', '946', '0', '139', '', ''),
('1041', 'Verwaltungsratspräsident', '', '947', '1', '139', '', ''),
('1042', 'Verwaltungsratspräsident', '', '948', '1', '139', '', ''),
('1043', 'Verwaltungsrat', '', '949', '1', '139', '', ''),
('1044', 'Verwaltungsrat', '', '950', '1', '139', '', ''),
('1045', 'Verwaltungsrat', '', '951', '1', '139', '', ''),
('1046', 'Verwaltungsrat', '', '952', '1', '139', '', ''),
('1047', 'Verwaltungsrat', '', '953', '1', '139', '', ''),
('1048', 'Verwaltungsratsvizepräsident', '', '954', '1', '139', '', ''),
('1049', 'Verwaltungsrat', '', '955', '1', '139', '', ''),
('1050', 'Verwaltungsratspräsident', '', '956', '1', '139', '', ''),
('1051', 'Verwaltungsratsdelegierter', '', '957', '0', '139', '', ''),
('1052', 'Verwaltungsrat', '', '958', '0', '139', '', ''),
('1053', 'Verwaltungsratspräsident', '', '959', '0', '139', '', ''),
('1054', 'Verwaltungsratspräsident', '', '960', '0', '139', '', ''),
('1055', 'Mitglied', '', '961', '0', '139', '', ''),
('1056', 'Mitglied', '', '962', '0', '139', '', ''),
('1057', 'Mitglied', '', '930', '0', '139', '', ''),
('1058', 'Verwaltungsratspräsident', '', '963', '1', '139', '', ''),
('1059', 'Verwaltungsrat', '', '964', '0', '139', '', ''),
('1060', 'Verwaltungsrat', '', '965', '1', '139', '', ''),
('1061', 'Berater', '', '966', '1', '139', '', ''),
('1062', 'Verwaltungsratspräsident', '', '967', '0', '140', '', ''),
('1063', 'Verwaltungsrat', '', '968', '0', '140', '', ''),
('1064', 'Verwaltungsrat', '', '969', '0', '140', '', ''),
('1065', 'Verwaltungsrat', '', '970', '1', '140', '', ''),
('1066', 'Ehrenpatron', '', '607', '1', '140', '', ''),
('1067', 'Verwaltungsrat', '', '971', '1', '140', '', ''),
('1068', 'Verwaltungsrat', '', '972', '1', '140', '', ''),
('1069', 'Verwaltungsratspräsident', '', '973', '1', '140', '', ''),
('1070', 'Verwaltungsrat', '', '974', '0', '140', '', ''),
('1071', 'Verwaltungsratspräsident', '', '975', '0', '140', '', ''),
('1072', 'Geschäftsleitung', '', '976', '0', '140', '', ''),
('1073', 'Verwaltungsratspräsident', '', '977', '0', '140', '', ''),
('1074', 'Verwaltungsratspräsident', '', '978', '0', '140', '', ''),
('1075', 'Verwaltungsratspräsident', '', '979', '0', '140', '', ''),
('1076', 'Verwaltungsrat', '', '980', '0', '140', '', ''),
('1077', 'Verwaltungsrat', '', '981', '0', '140', '', ''),
('1078', 'Verwaltungsratspräsident', '', '982', '0', '140', '', ''),
('1079', 'Verwaltungsrat', '', '983', '0', '140', '', ''),
('1080', 'Verwaltungsratspräsident', '', '984', '0', '140', '', ''),
('1081', 'Verwaltungsrat', '', '985', '0', '140', '', ''),
('1082', 'Verwaltungsrat', '', '986', '0', '140', '', ''),
('1083', 'Verwaltungsratspräsident', '', '987', '0', '140', '', ''),
('1084', 'Verwaltungsratspräsident', '', '988', '0', '140', '', ''),
('1085', 'Stiftungsratspräsident', '', '989', '0', '140', '', ''),
('1086', 'Mitglied', '', '990', '0', '140', '', ''),
('1087', 'Präsident des Direktoriums', '', '991', '1', '141', '', ''),
('1088', 'Präsident', '', '992', '1', '141', '', ''),
('1089', 'Verwaltungsrat', '', '993', '1', '141', '', ''),
('1090', 'Mitglied des Steuerungsausschusses', '', '994', '1', '141', '', ''),
('1091', 'Stiftungsrat', '', '995', '1', '141', '', ''),
('1092', 'Verwaltungsratsvizepräsidentin', '', '996', '1', '142', '', ''),
('1093', 'Verwaltungsrat', '', '997', '1', '142', '', ''),
('1094', 'Verwaltungsratsvizepräsidentin', '', '998', '1', '142', '', ''),
('1095', 'Verwaltungsrat', '', '999', '1', '142', '', ''),
('1096', 'Revisorin', '', '1000', '0', '142', '', ''),
('1097', 'Revisorin', '', '1001', '0', '142', '', ''),
('1098', 'Revisorin', '', '1002', '0', '142', '', ''),
('1099', 'Revisorin', '', '1003', '0', '142', '', ''),
('1100', 'Revisorin', '', '1004', '0', '142', '', ''),
('1101', 'Revisorin', '', '1005', '0', '142', '', ''),
('1102', 'Revisorin', '', '1006', '0', '142', '', ''),
('1103', 'Revisorin', '', '1007', '0', '142', '', ''),
('1104', 'Verwaltungsratsvizepräsidentin', '', '1008', '1', '142', '', ''),
('1105', 'Verwaltungsrat', '', '1009', '1', '142', '', ''),
('1106', 'Verwaltungsrat', '', '1010', '1', '142', '', ''),
('1107', 'Verwaltungsrat', '', '1011', '1', '142', '', ''),
('1108', 'Verwaltungsrat', '', '1012', '1', '142', '', ''),
('1109', 'Verwaltungsratsvizepräsidentin', '', '1013', '0', '142', '', ''),
('1110', 'Verwaltungsrat', '', '1014', '0', '142', '', ''),
('1111', 'Verwaltungsrat', '', '1015', '0', '142', '', ''),
('1112', 'Verwaltungsrat', '', '1016', '0', '142', '', ''),
('1113', 'Stiftungsrat', '', '1017', '1', '142', '', ''),
('1114', 'Stiftungsratspräsidentin', '', '1018', '1', '142', '', ''),
('1115', 'Stiftungsrat', '', '1019', '1', '142', '', ''),
('1116', 'Verwaltungsratspräsident', '', '1020', '1', '143', '', ''),
('1117', 'Verwaltungsratspräsident', '', '1021', '1', '143', '', ''),
('1118', 'Verwaltungsratspräsident', '', '1022', '1', '143', '', ''),
('1119', 'Verwaltungsratspräsident', '', '1023', '1', '143', '', ''),
('1120', 'Verwaltungsratspräsident', '', '1024', '1', '143', '', ''),
('1121', 'Verwaltungsratspräsident', '', '1025', '1', '143', '', ''),
('1122', 'Verwaltungsratspräsident', '', '1026', '1', '143', '', ''),
('1123', 'Verwaltungsratspräsident', '', '1027', '1', '143', '', ''),
('1124', 'Verwaltungsratspräsident', '', '1028', '1', '143', '', ''),
('1125', 'Verwaltungsratspräsident', '', '1029', '1', '143', '', ''),
('1126', 'Verwaltungsrat', '', '1030', '1', '143', '', ''),
('1127', 'Verwaltungsratsvizepräsident', '', '915', '1', '143', '', ''),
('1128', 'Verwaltungsratspräsident', '', '1031', '1', '143', '', ''),
('1129', 'Verwaltungsratspräsident', '', '1032', '1', '143', '', ''),
('1130', 'Verwaltungsratspräsident', '', '1033', '1', '143', '', ''),
('1131', 'Verwaltungsratspräsident', '', '1034', '1', '143', '', ''),
('1132', 'Verwaltungsratspräsident', '', '1035', '0', '143', '', ''),
('1133', 'Verwaltungsratsvizepräsident', '', '1036', '0', '143', '', ''),
('1134', 'Verwaltungsratspräsident', '', '1037', '0', '143', '', ''),
('1135', 'Verwaltungsrat', '', '1038', '0', '143', '', ''),
('1136', 'Verwaltungsratspräsident', '', '1039', '0', '143', '', ''),
('1137', 'Verwaltungsratspräsident', '', '1040', '0', '143', '', ''),
('1138', 'Verwaltungsratspräsident', '', '1041', '0', '143', '', ''),
('1139', 'Mitglied', '', '1042', '0', '143', '', ''),
('1140', 'Stiftungsrat', '', '1043', '1', '143', '', ''),
('1141', 'Stiftungsrat', '', '1044', '1', '143', '', ''),
('1142', 'Vorstand', '', '1045', '1', '143', '', ''),
('1143', 'Zeichnungsberechtigt', '', '1046', '1', '143', '', ''),
('1144', 'Verwaltungsratspräsident', '', '1047', '1', '143', '', ''),
('1145', 'Verwaltungsrat', '', '1048', '0', '143', '', ''),
('1146', 'CEO ', '', '1049', '1', '144', '', ''),
('1147', 'verschiedene Managementpositionen', '', '454', '0', '144', '', ''),
('1148', 'CEO ', '', '1050', '1', '145', '', ''),
('1149', 'Verwaltungsrat', '', '1051', '0', '145', '', ''),
('1150', 'Aufsichtsrat', '', '1052', '1', '145', '', ''),
('1151', 'Aufsichtsrat', '', '1053', '0', '145', '', ''),
('1152', 'Vorstand', '', '1054', '0', '145', '', ''),
('1153', 'Executive Committee', '', '1055', '0', '145', '', ''),
('1154', 'verschiedene Managementpositionen', '', '908', '0', '145', '', ''),
('1155', 'Stiftungsrat', '', '1056', '1', '146', '', ''),
('1156', 'Präsident des Bankrates', '', '1057', '1', '146', '', ''),
('1157', 'Geschäftsführer', '', '1058', '0', '146', '', ''),
('1158', 'NA', '', '1059', '1', '146', '', ''),
('1159', 'NA', '', '1060', '1', '146', '', ''),
('1160', 'NA', '', '1061', '1', '146', '', ''),
('1161', 'Gemeinderat Bülach', '', '10', '0', '146', '', ''),
('1162', 'Verwaltungsratsvizepräsident', '', '1062', '0', '146', '', ''),
('1165', 'Stiftungsratspräsident', '', '1063', '1', '149', '', ''),
('1166', 'Stiftungsrat', '', '1064', '1', '149', '', ''),
('1167', 'Stiftungsratspräsident', '', '622', '1', '149', '', ''),
('1168', 'Stiftungsrat', '', '1065', '1', '149', '', ''),
('1169', 'Stiftungsrat', '', '1066', '1', '149', '', ''),
('1170', 'Stiftungsrat', '', '1067', '1', '149', '', ''),
('1171', 'Stiftungsrat', '', '1068', '1', '149', '', ''),
('1172', 'Stiftungsratspräsident', '', '1069', '0', '149', '', ''),
('1173', 'Stiftungsratspräsident', '', '1070', '0', '149', '', ''),
('1174', 'Stiftungsratspräsident', '', '1071', '0', '149', '', ''),
('1175', 'Verwaltungsratspräsident', '', '1072', '1', '150', '', ''),
('1176', 'Verwaltungsrat', '', '1073', '1', '150', '', ''),
('1177', 'Verwaltungsrat', '', '1074', '0', '150', '', ''),
('1178', 'Verwaltungsrat', '', '1075', '0', '150', '', ''),
('1179', 'Stiftungsrat', '', '1076', '1', '150', '', ''),
('1180', 'Stiftungsrat', '', '1077', '1', '150', '', ''),
('1181', 'Stiftungsrat', '', '1078', '0', '150', '', ''),
('1182', 'Stiftungsrat', '', '1079', '0', '150', '', ''),
('1183', 'Stiftungsrat', '', '1080', '0', '150', '', ''),
('1184', 'Vorstand', '', '1081', '0', '150', '', ''),
('1185', 'Generaldirektor', '', '1082', '0', '150', '', ''),
('1186', 'Generaldirektor', '', '1083', '0', '150', '', ''),
('1187', 'Verwaltungsrat', '', '1084', '1', '151', '', ''),
('1188', 'Verwaltungsrat', '', '1085', '1', '151', '', ''),
('1189', 'Geschäftsführerin', '', '1086', '1', '151', '', ''),
('1190', 'Stiftungsrat', '', '1087', '1', '151', '', ''),
('1191', 'Vorstand', '', '1088', '0', '151', '', ''),
('1192', 'Stiftungsrat', '', '1089', '1', '152', '', ''),
('1193', 'Stiftungsrat', '', '1071', '0', '152', '', ''),
('1194', 'Stiftungsrat', '', '1090', '0', '152', '', ''),
('1195', 'Stiftungsratspräsident', '', '1091', '1', '153', '', ''),
('1196', 'Stiftungsrat', '', '1092', '1', '153', '', ''),
('1197', 'Stiftungsrat', '', '1093', '1', '153', '', ''),
('1198', 'Stiftungsratspräsident', '', '1094', '1', '153', '', ''),
('1199', 'Präsidentin', '', '1095', '0', '153', '', ''),
('1200', 'Stiftungsrätin', '', '1096', '1', '153', '', ''),
('1201', 'Stiftungsrätin', '', '1097', '0', '153', '', ''),
('1202', 'Stiftungsrätin', '', '1098', '0', '153', '', ''),
('1203', 'Stiftungsrätin', '', '1099', '0', '153', '', ''),
('1204', 'Vizepräsidentin Stiftungsrat', '', '1100', '1', '153', '', ''),
('1205', 'Präsidentin ', '', '1101', '1', '153', '', ''),
('1206', 'Stiftungsrat', '', '1102', '1', '153', '', ''),
('1207', 'Gemeinderätin Gland', '', '10', '0', '153', '', ''),
('1208', 'Verwaltungsrat', '', '1103', '1', '154', '', ''),
('1209', 'Verwaltungsrat', '', '1104', '1', '154', '', ''),
('1210', 'Verwaltungsrat', '', '1105', '1', '154', '', ''),
('1211', 'Buisness Unit Director', '', '1106', '0', '154', '', ''),
('1212', 'Zeichnungsberechtigter', '', '1107', '1', '155', '', ''),
('1215', 'Verwaltungsratspräsident', '', '1109', '1', '157', '', ''),
('1216', 'Verwaltungsratspräsident', '', '1110', '1', '157', '', ''),
('1217', 'Verwaltungsratspräsident', '', '1111', '1', '157', '', ''),
('1218', 'Stiftungsrat', '', '1112', '1', '157', '', ''),
('1220', 'Stiftungsrat', '', '1114', '1', '157', '', ''),
('1221', 'Stiftungsrat', '', '1115', '1', '157', '', ''),
('1222', 'Stiftungsrat', '', '866', '1', '157', '', ''),
('1223', 'Stiftungsrat', '', '1116', '0', '157', '', ''),
('1225', 'Mitglied', '', '1118', '0', '157', '', ''),
('1226', 'Verwaltungsrat', '', '1119', '1', '158', '', ''),
('1227', 'Geschäftsführer', '', '1120', '1', '158', '', ''),
('1228', '?', '', '1121', '1', '158', '', ''),
('1229', 'Stiftungsrat', '', '1114', '1', '158', '', ''),
('1230', '?', '', '1122', '1', '158', '', ''),
('1231', 'Stiftungsrat', '', '1115', '0', '158', '', ''),
('1232', 'Verwaltungsrat', '', '1123', '0', '159', '', ''),
('1233', 'Verwaltungsrat', '', '1124', '0', '159', '', ''),
('1234', 'Verwaltungsratspräsident', '', '1125', '0', '159', '', ''),
('1235', 'Verwaltungsrat', '', '1126', '0', '159', '', ''),
('1236', 'Mitglied', '', '1127', '0', '159', '', ''),
('1237', 'Verwaltungsrat', '', '1128', '0', '159', '', ''),
('1238', 'Stiftungsrat', '', '1129', '0', '159', '', ''),
('1239', 'Kassier', '', '1130', '1', '159', '', ''),
('1240', 'Mitglied', '', '1131', '1', '159', '', ''),
('1241', 'Einzelunterschrift', '', '1132', '1', '159', '', ''),
('1242', 'Gesellschafter', '', '1133', '0', '159', '', ''),
('1243', 'Mitglied', '', '1134', '1', '159', '', ''),
('1244', 'Mitglied', '', '1135', '1', '159', '', ''),
('1245', 'Mitglied', '', '1136', '1', '159', '', ''),
('1246', 'Mitglied', '', '1137', '1', '159', '', ''),
('1247', 'Konsulent', '', '1138', '0', '159', '', ''),
('1248', 'Partner Steuer- und Rechtsberatung', '', '85', '0', '159', '', ''),
('1249', 'Verwaltungsratspräsident', '', '1139', '1', '160', '', ''),
('1250', 'Verwaltungsratspräsident', '', '1140', '0', '160', '', ''),
('1251', 'Stiftungsrat', '', '1141', '0', '160', '', ''),
('1252', 'Konsulent', '', '1142', '1', '161', '', ''),
('1253', 'Verwaltungsratspräsident', '', '1143', '0', '161', '', ''),
('1254', 'Verwaltungsrat', '', '1144', '1', '161', '', ''),
('1256', 'Stiftungsrat', '', '597', '1', '85', '', ''),
('1257', 'Stiftungsrat', '', '610', '1', '85', '', ''),
('1258', 'Stiftungsrat', '', '1145', '1', '85', '', ''),
('1259', 'Stiftungsrat', '', '1146', '1', '85', '', ''),
('1260', 'Mitglied', '', '1147', '0', '85', '', ''),
('1261', 'Geschäftsführer', '', '1148', '0', '85', '', ''),
('1262', 'Mitglied', '', '1149', '1', '85', '', ''),
('1271', 'Mitglied des Stiftungsrates', 'NA', '1150', '1', '169', 'Pressestelle Unibas', 'Dez14'),
('1272', 'Mitglied des Verwaltungsrates', 'NA', '1151', '1', '169', 'Pressestelle Unibas', 'Dez14'),
('1273', 'Mitglied des Aufsichtsrates', 'NA', '1152', '1', '169', 'Pressestelle Unibas', 'Dez14'),
('1274', 'VR-Mandat', 'NA', '1153', '1', '170', 'Pressestelle ETHZ', 'April15'),
('1275', 'Geschäftsführer', 'NA', '1154', '1', '171', 'Pressestelle ETHZ', 'April15'),
('1276', 'VR-Mandat', 'NA', '1155', '1', '172', 'Pressestelle ETHZ', 'April15'),
('1277', 'VR-Mandat', 'NA', '1156', '1', '173', 'Pressestelle ETHZ', 'April15'),
('1278', 'VR-Mandat', 'Beschäftigungsgrad 50 %', '1157', '1', '174', 'Pressestelle ETHZ', 'April15'),
('1279', 'VR-Mandat', 'NA', '1158', '1', '174', 'Pressestelle ETHZ', 'April15'),
('1280', 'VR-Mandat', 'NA', '1159', '1', '174', 'Pressestelle ETHZ', 'April15'),
('1281', 'VR-Mandat', 'NA', '1160', '1', '174', 'Pressestelle ETHZ', 'April15'),
('1282', 'VR-Präsidium', 'NA', '1161', '1', '174', 'Pressestelle ETHZ', 'April15'),
('1283', 'VR-Präsidium', 'NA', '1162', '1', '174', 'Pressestelle ETHZ', 'April15'),
('1284', 'VR-Mandat', 'NA', '1163', '1', '175', 'Pressestelle ETHZ', 'April15'),
('1285', 'VR-Mandat', 'NA', '1164', '1', '175', 'Pressestelle ETHZ', 'April15'),
('1286', 'VR-Mandat', 'NA', '1165', '1', '176', 'Pressestelle ETHZ', 'April15'),
('1287', 'Aufsichtsratsmandat', 'NA', '1166', '0', '177', 'Pressestelle ETHZ', 'April15'),
('1288', 'VR-Mandat', 'NA', '1167', '1', '178', 'Pressestelle ETHZ', 'April15'),
('1289', 'VR-Mandat', 'NA', '1168', '1', '178', 'Pressestelle ETHZ', 'April15'),
('1290', 'Vorsitzender wissenschaftlicher Beirat', 'NA', '1169', '1', '179', 'Pressestelle Unibas', 'Dez14'),
('1292', 'Präsident der wissenschaftlichen Kommission', 'NA', '1171', '1', '179', 'Pressestelle Unibas', 'Dez14'),
('1293', 'Mitglied des Stiftungsrates', 'NA', '1172', '1', '180', 'Pressestelle Unibas', 'Dez14'),
('1294', 'Mitglied des Stiftungsrates', 'NA', '1173', '1', '181', 'Pressestelle Unibas', 'Dez14'),
('1295', 'Mitglied des Stiftungsrates', 'NA', '1174', '1', '182', 'Pressestelle Unibas', 'Dez14'),
('1296', 'Mitglied des Stiftungsrates', 'NA', '1175', '1', '183', 'Pressestelle Unibas', 'Dez14'),
('1297', 'Mitglied des Stiftungsrates', 'NA', '1176', '1', '183', 'Pressestelle Unibas', 'Dez14'),
('1298', 'Präsident', 'NA', '1177', '1', '184', 'Pressestelle Unibas', 'Dez14'),
('1299', 'Präsident des Verwaltungsrates', 'NA', '1178', '0', '185', 'Pressestelle Unibas / Mail Prof Januar 16 (Austritt)', 'Dez14'),
('1300', 'Mitglied des Verwaltungsrates', 'NA', '1179', '1', '185', 'Pressestelle Unibas', 'Dez14'),
('1301', 'Mitglied des Stiftungsrates', 'NA', '1180', '1', '186', 'Pressestelle Unibas', 'Dez14'),
('1302', 'Mitglied des Verwaltungsrates', 'NA', '1181', '1', '187', 'Pressestelle Unibas', 'Dez14'),
('1303', 'Präsident', 'NA', '1182', '1', '188', 'Pressestelle Unibas', 'Dez14'),
('1304', 'Präsident des Stiftungsrates', 'NA', '1173', '1', '189', 'Pressestelle Unibas', 'Dez14'),
('1305', 'Mitglied des Stiftungsrates', 'NA', '1183', '1', '190', 'Pressestelle Unibas', 'Dez14'),
('1306', 'Präsident des Verwaltungsrates', 'NA', '1184', '1', '191', 'Pressestelle Unibas', 'Dez14'),
('1307', 'Mitglied des Verwaltungsrates', 'NA', '1185', '1', '192', 'Pressestelle Unibas', 'Dez14'),
('1308', 'Vorsitzender der Geschäftsführung', 'NA', '1186', '1', '193', 'Pressestelle ETHZ', 'April15'),
('1309', 'Geschäftsführer', 'NA', '1186', '1', '194', 'Pressestelle ETHZ', 'April15'),
('1310', 'VR-Präsidium', 'NA', '1187', '1', '195', 'Pressestelle ETHZ', 'April15'),
('1311', 'VR-Mandat', 'NA', '1188', '0', '196', 'Pressestelle ETHZ', 'Jan 2016'),
('1312', 'VR-Mandat', 'NA', '1189', '1', '197', 'Pressestelle ETHZ', 'April15'),
('1313', 'VR-Mandat', 'Beschäftigungsgrad 50 %', '1011', '1', '198', 'Pressestelle ETHZ', 'April15'),
('1314', 'VR-Mandat', 'NA', '1190', '1', '198', 'Pressestelle ETHZ', 'April15'),
('1315', 'VR-Mandat', 'NA', '1191', '1', '198', 'Pressestelle ETHZ', 'April15'),
('1316', 'VR-Mandat', 'NA', '1192', '1', '198', 'Pressestelle ETHZ', 'April15'),
('1317', 'VR-Mandat', 'NA', '1193', '1', '198', 'Pressestelle ETHZ', 'April15'),
('1318', 'VR-Mandat', 'NA', '1194', '1', '198', 'Pressestelle ETHZ', 'April15'),
('1319', 'VR-Mandat', 'NA', '1195', '1', '198', 'Pressestelle ETHZ', 'April15'),
('1320', 'VR-Mandat', 'NA', '1196', '1', '198', 'Pressestelle ETHZ', 'April15'),
('1321', 'VR-Mandat', 'NA', '1197', '1', '198', 'Pressestelle ETHZ', 'April15'),
('1322', 'VR-Mandat', 'NA', '1198', '1', '198', 'Pressestelle ETHZ', 'April15'),
('1323', 'VR-Mandat', 'NA', '1199', '1', '198', 'Pressestelle ETHZ', 'April15'),
('1324', 'VR-Mandat', 'Beschäftigungsgrad 90 %', '1200', '1', '199', 'Pressestelle ETHZ', 'April15'),
('1325', 'Direktor (wissenschaftlicher Co Direktor)', 'NA', '1201', '1', '199', 'Pressestelle ETHZ', 'April15'),
('1326', 'VR-Präsidium', 'NA', '1202', '1', '199', 'Pressestelle ETHZ', 'April15'),
('1327', 'VR-Mandat', 'NA', '1203', '1', '200', 'Pressestelle ETHZ', 'April15'),
('1328', 'VR-Mandat', 'NA', '1204', '1', '201', 'Pressestelle ETHZ', 'April15'),
('1329', 'Ko-Geschäftsführer', 'NA', '1205', '1', '201', 'Pressestelle ETHZ', 'April15'),
('1330', 'Geschäftsführer', 'NA', '1206', '1', '202', 'Pressestelle ETHZ', 'April15'),
('1331', 'VR-Mandat', 'NA', '1207', '1', '202', 'Pressestelle ETHZ', 'April15'),
('1332', 'VR-Mandat', 'NA', '1208', '1', '203', 'Pressestelle ETHZ', 'April15'),
('1333', 'VR-Mandat', 'NA', '1209', '1', '203', 'Pressestelle ETHZ', 'April15'),
('1334', 'VR-Mandat', 'NA', '1210', '1', '203', 'Pressestelle ETHZ', 'April15'),
('1335', 'VR-Mandat', 'NA', '1211', '1', '204', 'Pressestelle ETHZ', 'April15'),
('1336', 'VR-Mandat', 'NA', '1212', '1', '204', 'Pressestelle ETHZ', 'April15'),
('1337', 'VR-Mandat', 'NA', '1213', '1', '205', 'Pressestelle ETHZ', 'April15'),
('1338', 'VR-Mandat', 'NA', '1214', '1', '205', 'Pressestelle ETHZ', 'April15'),
('1339', 'VR-Mandat', 'NA', '1215', '1', '205', 'Pressestelle ETHZ', 'April15'),
('1340', 'Vorsitzender der Geschäftsführung', 'NA', '1216', '1', '206', 'Pressestelle ETHZ', 'April15'),
('1341', 'VR-Mandat', 'NA', '1217', '1', '207', 'Pressestelle ETHZ', 'April15'),
('1342', 'VR-Mandat', 'NA', '1218', '1', '208', 'Pressestelle ETHZ', 'April15'),
('1343', 'VR-Mandat', 'NA', '1219', '1', '208', 'Pressestelle ETHZ / Selbstdeklaration', 'Jan 2016'),
('1344', 'VR-Mandat', 'NA', '1220', '1', '209', 'Pressestelle ETHZ', 'April15'),
('1345', 'VR-Mandat', 'NA', '1221', '1', '210', 'Pressestelle ETHZ', 'April15'),
('1346', 'VR-Präsidium', 'NA', '1222', '1', '211', 'Pressestelle ETHZ', 'April15'),
('1347', 'VR-Mandat', 'NA', '1223', '1', '211', 'Pressestelle ETHZ', 'April15'),
('1348', 'Mitglied des Kontrollorgans über den Staatsschutz', 'NA', '1224', '1', '212', 'Pressestelle Unibas', 'Dez14'),
('1349', 'Präsidentin des Stiftungsrates', 'NA', '1225', '1', '213', 'Pressestelle Unibas', 'Dez14'),
('1350', 'Ersatzrichterin', 'NA', '1226', '1', '214', 'Pressestelle Unibas', 'Dez14'),
('1351', 'Mitglied des Verwaltungsrates', 'NA', '1227', '1', '214', 'Pressestelle Unibas', 'Dez14'),
('1352', 'Mitglied des Stiftungsrates', 'NA', '1228', '1', '215', 'Pressestelle Unibas', 'Dez14'),
('1353', 'Mitglied des Verwaltungsrates', 'NA', '1181', '1', '216', 'Pressestelle Unibas', 'Dez14'),
('1354', 'Mitglied des Stiftungsrates', 'NA', '1229', '1', '217', 'Pressestelle Unibas', 'Dez14'),
('1355', 'Mitglied des Verwaltungsrates', 'NA', '1230', '1', '218', 'Pressestelle Unibas', 'Dez14'),
('1356', 'Mitglied des Verwaltungsrates', 'NA', '1231', '1', '219', 'Pressestelle Unibas', 'Dez14'),
('1357', 'VR-Mandat', 'NA', '1232', '1', '220', 'Pressestelle ETHZ', 'April15'),
('1358', 'VR-Mandat', 'NA', '1233', '1', '221', 'Pressestelle ETHZ', 'April15'),
('1359', 'VR-Mandat', 'NA', '1234', '1', '222', 'Pressestelle ETHZ', 'April15'),
('1360', 'Mitglied des Management Board', 'NA', '1235', '1', '223', 'Pressestelle Unibas', 'Dez14'),
('1361', 'Mitglied des Management Board', 'NA', '1236', '1', '223', 'Pressestelle Unibas', 'Dez14'),
('1362', 'Mitglied der Life Science Kommission', 'NA', '1237', '1', '223', 'Pressestelle Unibas', 'Dez14'),
('1363', 'Mitglied des Verwaltungsrates', 'NA', '1238', '1', '223', 'Pressestelle Unibas', 'Dez14'),
('1364', 'Mitglied des Stiftungsrates', 'NA', '1239', '1', '223', 'Pressestelle Unibas', 'Dez14'),
('1365', 'Vizepräsident', 'NA', '1240', '1', '224', 'Pressestelle Unibas', 'Dez14'),
('1366', 'Vorstandsmitglied', 'NA', '1241', '1', '225', 'Pressestelle Unibas', 'Dez14'),
('1367', 'VR-Mandat', 'NA', '1234', '1', '226', 'Pressestelle ETHZ', 'April15'),
('1368', 'VR-Mandat', 'NA', '1242', '1', '226', 'Pressestelle ETHZ', 'April15'),
('1369', 'VR-Mandat', 'NA', '821', '1', '227', 'Pressestelle ETHZ', 'April15'),
('1370', 'Aufsichtsratsmandat', 'NA', '1243', '1', '228', 'Pressestelle ETHZ', 'April15'),
('1371', 'VR-Mandat', 'NA', '1244', '1', '147', 'Pressestelle ETHZ', 'April15'),
('1372', 'VR-Mandat', 'NA', '1245', '1', '229', 'Pressestelle ETHZ', 'April15'),
('1373', 'VR-Mandat', 'NA', '1246', '1', '230', 'Pressestelle ETHZ', 'April15'),
('1374', 'VR-Mandat', 'NA', '1247', '1', '230', 'Pressestelle ETHZ', 'April15'),
('1375', 'Geschäftsführer', 'NA', '1248', '1', '231', 'Pressestelle ETHZ', 'April15'),
('1376', 'VR-Mandat', 'NA', '1249', '1', '232', 'Pressestelle ETHZ', 'April15'),
('1377', 'Geschäftsführer', 'NA', '1250', '1', '233', 'Pressestelle ETHZ', 'April15'),
('1378', 'Geschäftsführer', 'NA', '1251', '1', '234', 'Pressestelle ETHZ', 'April15'),
('1379', 'VR-Mandat', 'NA', '1252', '1', '235', 'Pressestelle ETHZ', 'April15'),
('1380', 'Mitglied des Stiftungsrates', 'NA', '1253', '1', '236', 'Pressestelle Unibas', 'Dez14'),
('1381', 'Mitglied des Board of Directors', 'NA', '1254', '1', '237', 'Pressestelle Unibas', 'Dez14'),
('1382', 'Präsident des Verwaltungsrates', 'NA', '1255', '1', '238', 'Pressestelle Unibas', 'Dez14'),
('1383', 'Mitglied des Aufsichtsrats', 'NA', '1256', '1', '238', 'Pressestelle Unibas', 'Dez14'),
('1384', 'Mitglied des Spitalrats', 'NA', '1257', '1', '238', 'Pressestelle Unibas', 'Dez14'),
('1385', 'Mitglied des Stiftungsrates', 'NA', '1258', '1', '239', 'Pressestelle Unibas', 'Dez14'),
('1386', 'VR-Mandat', 'Beschäftigungsgrad 80 %', '1259', '1', '240', 'Pressestelle ETHZ', 'April15'),
('1387', 'Mitarbeit in Projekt', 'NA', '1260', '1', '240', 'Pressestelle ETHZ', 'April15'),
('1388', 'Vorstandmitglied', 'NA', '1261', '1', '241', 'Pressestelle Unibas', 'Dez14'),
('1389', 'Mitglied des Verwaltungsrates', 'NA', '1262', '1', '242', 'Pressestelle Unibas', 'Dez14'),
('1390', 'Mitglied des Verwaltungsrates', 'NA', '1263', '1', '243', 'Pressestelle Unibas', 'Dez14'),
('1391', 'Mitglied des Stiftungsrates', 'NA', '1264', '1', '243', 'Pressestelle Unibas', 'Dez14'),
('1392', 'Mitglied der Delegiertenversammlung', 'NA', '1265', '1', '243', 'Pressestelle Unibas', 'Dez14'),
('1393', 'Mitglied des Stiftungsrates', 'NA', '1266', '1', '243', 'Pressestelle Unibas', 'Dez14'),
('1394', 'Präsident des Stiftungsrates', 'NA', '792', '1', '25', 'Pressestelle Unibas', 'Dez14'),
('1395', 'Mitglied des Universitätsrates', 'NA', '1267', '1', '25', 'Pressestelle Unibas', 'Dez14'),
('1396', 'Mitglied des Universitätsrates', 'NA', '1268', '1', '25', 'Pressestelle Unibas', 'Dez14'),
('1397', 'Mitglied des Hochschulrates', 'NA', '1269', '1', '25', 'Pressestelle Unibas', 'Dez14'),
('1398', 'Vorstandsmitglied', 'NA', '1270', '1', '25', 'Pressestelle Unibas', 'Dez14'),
('1399', 'Mitglied des Stiftungsrates', 'NA', '1271', '1', '244', 'Pressestelle Unibas', 'Dez14'),
('1400', 'Mitglied des Stiftungsrates', 'NA', '1272', '1', '244', 'Pressestelle Unibas', 'Dez14'),
('1401', 'Mitglied des Stiftungsrates', 'NA', '1273', '1', '245', 'Pressestelle Unibas', 'Dez14'),
('1402', 'Board member', 'NA', '1274', '1', '245', 'Pressestelle Unibas', 'Dez14'),
('1403', 'Präsident', 'NA', '1275', '0', '245', 'Selbstdeklaration', 'Jan16'),
('1404', 'Präsident des Stiftungsrates', 'NA', '1276', '1', '245', 'Pressestelle Unibas', 'Dez14'),
('1405', 'Mitglied des Stiftungsrates', 'NA', '1277', '1', '245', 'Pressestelle Unibas', 'Dez14'),
('1406', 'Mitglied des Beirats', 'NA', '1278', '1', '246', 'Pressestelle Unibas', 'Dez14'),
('1407', 'Verwaltungsrat inkl. Präsidium Vorsorgestiftung', 'NA', '1279', '1', '247', 'Pressestelle Unibas', 'Dez14'),
('1408', 'Mitglied des Verwaltungsrates', 'NA', '1280', '1', '247', 'Pressestelle Unibas', 'Dez14'),
('1409', 'Mitglied des Verwaltungsrates', 'NA', '1281', '1', '247', 'Pressestelle Unibas', 'Dez14'),
('1410', 'Mitglied des Verwaltungsrates', 'NA', '1282', '1', '247', 'Pressestelle Unibas', 'Dez14'),
('1411', 'Mitglied des Stiftungsrates', 'NA', '1283', '1', '247', 'Pressestelle Unibas', 'Dez14'),
('1412', 'Mitglied des Stiftungsrates', 'NA', '1284', '1', '247', 'Pressestelle Unibas', 'Dez14'),
('1413', 'VR-Mandat der Spin-Off-Firma', 'NA', '1285', '1', '248', 'Pressestelle ETHZ', 'April15'),
('1414', 'VR-Präsidium', 'Beschäftigungsgrad 25 %', '1286', '1', '249', 'Pressestelle ETHZ', 'April15'),
('1415', 'VR-Präsidium', 'NA', '928', '1', '249', 'Pressestelle ETHZ', 'April15'),
('1416', 'VP des Beirates', 'NA', '1287', '1', '249', 'Pressestelle ETHZ', 'April15'),
('1417', 'VP des Beirates', 'NA', '1288', '1', '249', 'Pressestelle ETHZ', 'April15'),
('1418', 'VR-Mandat', 'NA', '495', '1', '249', 'Pressestelle ETHZ', 'April15'),
('1419', 'VR-Mandat', 'NA', '925', '1', '249', 'Pressestelle ETHZ', 'April15'),
('1420', 'VR-Mandat', 'VPPR der ETH Zürich', '1289', '0', '250', 'Pressestelle ETHZ / Selbstdeklaration', 'April15 / Jan 2016'),
('1421', 'VR-Mandat', 'NA', '672', '0', '250', 'Pressestelle ETHZ / Selbstdeklaration', 'April15 / Jan 2016'),
('1422', 'VR-Mandat', 'NA', '1290', '0', '250', 'Pressestelle ETHZ', 'April15 / Jan 2016'),
('1423', 'VR-Mandat', 'NA', '1291', '0', '250', 'Pressestelle ETHZ', 'April15 / 2016'),
('1424', 'VR-Präsidium', 'Beschäftigungsgrad 70 %', '1292', '1', '251', 'Pressestelle ETHZ', 'April15'),
('1425', 'VR-Präsidium', 'NA', '1293', '1', '251', 'Pressestelle ETHZ', 'April15'),
('1426', 'Geschäftsführer', 'NA', '1294', '1', '252', 'Pressestelle ETHZ', 'April15'),
('1427', 'VR-Mandat', 'NA', '1295', '1', '253', 'Pressestelle ETHZ', 'April15'),
('1428', 'VR-Mandat', 'NA', '1296', '1', '253', 'Pressestelle ETHZ', 'April15'),
('1429', 'VR-Mandat', 'NA', '1297', '1', '253', 'Pressestelle ETHZ', 'April15'),
('1430', 'Panel Member ', 'NA', '1298', '1', '254', 'Email EPFL', '2014'),
('1431', 'Chairman of L3S Advisory Board', 'NA', '1299', '1', '254', 'Email EPFL', '2014'),
('1432', 'Member Conseil of Zeno-Karl Schindler Foundation', 'NA', '1300', '1', '254', 'Email EPFL', '2014'),
('1433', 'Member of Conseil Fondation IDIAP', 'NA', '1301', '1', '254', 'Email EPFL', '2014'),
('1434', 'Professeur invité (2 interventions d''une semaine)', 'NA', '1302', '1', '255', 'Email EPFL', '2014'),
('1438', 'Founder & Chairman of the BOD ', 'NA', '1305', '1', '48', 'Email EPFL', '2014'),
('1439', 'NA', 'NA', '1306', '0', '48', 'Email EPFL', '2014'),
('1440', 'NA', 'NA', '1307', '1', '48', 'Email EPFL', '2014'),
('1441', 'NA', 'NA', '683', '1', '48', 'Email EPFL', '2014'),
('1442', 'NA', 'NA', '1308', '1', '48', 'Email EPFL', '2014'),
('1443', 'NA', 'NA', '1309', '1', '48', 'Email EPFL', '2014'),
('1444', 'Part of the presidential duties', 'NA', '1310', '0', '48', 'Email EPFL', '2014'),
('1445', 'Part of the presidential duties', 'NA', '1311', '1', '48', 'Email EPFL', '2014'),
('1446', 'Part of the presidential duties', 'NA', '1312', '1', '48', 'Email EPFL', '2014'),
('1447', 'Part of the presidential duties', 'NA', '1064', '1', '48', 'Email EPFL', '2014'),
('1448', 'Part of the presidential duties', 'NA', '1313', '0', '48', 'Email EPFL', '2014'),
('1449', 'Part of the presidential duties', 'NA', '1314', '1', '48', 'Email EPFL', '2014'),
('1450', 'Part of the presidential duties', 'NA', '1315', '0', '48', 'Email EPFL', '2014'),
('1451', 'Part of the presidential duties', 'NA', '1316', '1', '48', 'Email EPFL', '2014'),
('1452', 'Consulting on data mgmt', 'NA', '1317', '1', '256', 'Email EPFL', '2014'),
('1453', 'Prise en compte du risque de reptation sur la télécabine du Lys, pylônes P9-11', 'NA', '1318', '1', '257', 'Email EPFL', '2014'),
('1454', 'Board member', 'NA', '1319', '0', '258', 'Email EPFL', '2014'),
('1455', 'Member of Industry Agenda Council for Real Estate and Urbanization', 'NA', '683', '1', '258', 'Email EPFL', '2014'),
('1456', 'Consultancy on embedded systems uses for swallowing and chewing monitoring', 'NA', '1320', '1', '259', 'Email EPFL', '2014'),
('1457', 'Nutrition & Phytochemistry - Founder & Consultant', 'NA', '1321', '1', '260', 'Email EPFL', '2014'),
('1458', 'Nutraceuticals - SAB member', 'NA', '1322', '1', '260', 'Email EPFL', '2014'),
('1459', 'Biomedical consulting - Founder and BOD (Director - approved by EPFL)', 'NA', '1323', '1', '260', 'Email EPFL', '2014'),
('1460', 'NAD metabolism - SAB member', 'NA', '1324', '0', '260', 'Email EPFL / Mail Prof', '2014'),
('1461', 'Mitochondrial metabolism and deseases - Founder & SAB member', 'NA', '1325', '1', '260', 'Email EPFL', '2014'),
('1462', 'Associé minoritaire dans la start-up d''un ancien doctorant', 'NA', '1326', '1', '261', 'Email EPFL', '2014'),
('1463', 'Expertise du rendement des turbines de la centrale de La Higuera, Chili, dans le cadre d''une procédure juridique', 'NA', '1327', '1', '261', 'Email EPFL', '2014'),
('1464', 'CEO, Architect', 'NA', '1328', '1', '262', 'Email EPFL', '2014'),
('1465', 'Consultant technologique et membre du conseil d''administration', 'NA', '1329', '1', '263', 'Email EPFL', '2014'),
('1466', 'Membre comité de conseil Active Niche Funds (fonds dédié au Solaire)', 'NA', '1330', '1', '263', 'Email EPFL', '2014'),
('1467', 'Panel, clean energy research program, Singapour', 'NA', '1331', '1', '263', 'Email EPFL', '2014'),
('1468', 'Chef de division "CSEM PV-center", officiellement depuis 1.10.2012', 'NA', '1332', '1', '263', 'Email EPFL', '2014'),
('1469', 'Conseil d''administration ', 'NA', '1333', '1', '264', 'Email EPFL', '2014'),
('1470', 'Consultant', 'NA', '1334', '1', '264', 'Email EPFL', '2014'),
('1471', 'Visiting Professor', 'NA', '1335', '0', '265', 'Email EPFL / Selbsdeklaration', '2014 / Jan 2016'),
('1472', 'Co-Editor', 'NA', '1336', '0', '265', 'Email EPFL / Selbstdeklaration', '2014 / Jan 2016'),
('1473', 'Member and expert to the Sinergia section', 'NA', '1337', '1', '265', 'Email EPFL', '2014'),
('1474', 'Member of the SNF Council', 'NA', '1338', '1', '265', 'Email EPFL', '2014'),
('1475', 'Fellowships Committee', 'NA', '1339', '0', '265', 'Email EPFL / Selbstdeklaration', '2014 / Jan 2016'),
('1476', 'Présidence du Jury des examens du GYB', 'NA', '1340', '1', '266', 'Email EPFL', '2014'),
('1477', 'Membre', 'NA', '1341', '1', '267', 'Email EPFL', '2014'),
('1478', 'Editrice en chef de la revue Commentarii Mathematici Helvetici', 'NA', '1342', '1', '267', 'Email EPFL', '2014'),
('1479', 'Membre du comité éditorial', 'NA', '1343', '1', '267', 'Email EPFL', '2014'),
('1480', 'Membre du comité éditorial', 'NA', '1344', '1', '267', 'Email EPFL', '2014'),
('1481', 'Membre du comité éditorial', 'NA', '1345', '1', '267', 'Email EPFL', '2014'),
('1482', 'Membre du conseil de la recherche Division II', 'NA', '1346', '1', '267', 'Email EPFL', '2014'),
('1483', 'Board member ', 'NA', '1347', '1', '268', 'Email EPFL', '2014'),
('1484', 'Expert consulting for OFROU', 'NA', '1348', '1', '268', 'Email EPFL', '2014'),
('1485', 'Conseil d''administration ENTPE (non rémunéré)', 'NA', '1349', '0', '269', 'Selbstdeklaration', 'Jan 2016'),
('1486', 'Consultance Technique en optimisation', 'NA', '1350', '1', '269', 'Email EPFL', '2014'),
('1487', 'Présidente', 'NA', '1351', '1', '270', 'Email EPFL', '2014'),
('1488', 'Architecte EPFL-FAS-SIA', 'NA', '1352', '1', '271', 'Email EPFL', '2014'),
('1489', 'Professeur à 20%', 'NA', '1353', '1', '272', 'Email EPFL', '2014'),
('1490', 'Professeur ', 'NA', '1354', '1', '273', 'Email EPFL', '2014'),
('1491', 'Directeur (form directly submitted to ETH Board)', 'NA', '1355', '1', '274', 'Email EPFL', '2014'),
('1492', 'Consulting, conseil scientifique', 'NA', '1356', '1', '275', 'Email EPFL', '2014'),
('1493', 'Scientific Consultant in 2 projects, THALES, Greece', 'NA', '1357', '1', '276', 'Email EPFL', '2014'),
('1494', 'Director', 'NA', '1358', '1', '277', 'Email EPFL', '2014'),
('1495', 'External Fellow and Member of the Board of Trustees', 'NA', '1359', '1', '277', 'Email EPFL', '2014'),
('1496', 'Member (vice-president) of the Board of Directors', 'NA', '1360', '1', '277', 'Email EPFL', '2014'),
('1497', 'Member of the Foundation Council', 'NA', '1361', '1', '277', 'Email EPFL', '2014'),
('1498', 'Board of directors and shareholder', 'NA', '1362', '1', '277', 'Email EPFL', '2014'),
('1499', 'Member of the Advisory Board', 'NA', '1363', '1', '277', 'Email EPFL', '2014'),
('1500', 'Member of the Advisory Board', 'NA', '1364', '1', '277', 'Email EPFL', '2014'),
('1501', 'Architecte associé (10%)', 'NA', '1365', '1', '278', 'Email EPFL', '2014'),
('1502', 'Quatre mandats d''expertise (en tant qu''expert fédéral), mandatés par l''Office Fédéral de la Culture', 'NA', '1366', '1', '279', 'Email EPFL', '2014'),
('1503', 'Ingénieur-expert dans le cadre du bétonnage du Tunnel Eyholz à Visp VS', 'NA', '1367', '1', '279', 'Email EPFL', '2014'),
('1504', 'Panoramaweg Rigi SZ : mandat de conseil pour la restoration de ponts historiques', 'NA', '1368', '1', '279', 'Email EPFL', '2014'),
('1505', 'Projet de normalisation européen (Projet SIA NDP - EN 1991)', 'NA', '1369', '1', '279', 'Email EPFL', '2014'),
('1506', 'Expert/conseiller pour le suivi de questions liées à la structure porteuse de la Cathédrale de Lausanne', 'NA', '1370', '1', '279', 'Email EPFL', '2014'),
('1507', 'Proposal reviewing ARGOVIA', 'NA', '1371', '1', '280', 'Email EPFL', '2014'),
('1508', 'Proposal reviewing HEPIA', 'NA', '1372', '1', '280', 'Email EPFL', '2014'),
('1509', 'Conseiller national, Présedent de la division 2 du Fond National', 'NA', '1373', '1', '281', 'Email EPFL', '2014'),
('1510', 'Hans-Fischer Senior Fellow', 'NA', '1374', '1', '281', 'Email EPFL', '2014'),
('1511', 'Technical consulting', 'NA', '1375', '1', '282', 'Email EPFL', '2014'),
('1512', 'CEO and President (while on leave)', 'NA', '1376', '1', '283', 'Email EPFL', '2014'),
('1513', 'Faculty Fellow', 'NA', '1377', '1', '284', 'Email EPFL', '2014'),
('1514', 'Editeur in chief of "Structural Dynamics"', 'NA', '1378', '1', '285', 'Email EPFL', '2014'),
('1515', 'Membre du Conseil d''Administration', 'NA', '1379', '1', '286', 'Email EPFL', '2014'),
('1516', 'Contrat de Conseil', 'NA', '1380', '1', '286', 'Email EPFL', '2014'),
('1517', 'Academic Advisory Board', 'NA', '1381', '1', '287', 'Email EPFL', '2014'),
('1518', 'Advisory Board', 'NA', '1382', '1', '287', 'Email EPFL', '2014'),
('1519', 'Advisory Board', 'NA', '1383', '1', '287', 'Email EPFL', '2014'),
('1520', 'Expert Witness Consulting', 'NA', '1384', '1', '287', 'Email EPFL', '2014'),
('1521', 'Enseignement de cours Master', 'NA', '1385', '1', '288', 'Email EPFL', '2014'),
('1522', 'Création de Start-up', 'NA', '1386', '1', '288', 'Email EPFL', '2014'),
('1523', 'Adjunct Professor (collaborations on US-funded research. Currently 10% is charged to one grant)', 'NA', '1387', '1', '289', 'Email EPFL', '2014'),
('1524', 'Editor-in-Chief (no contract, modest honorarium for professional activity)', 'NA', '1388', '1', '289', 'Email EPFL', '2014'),
('1525', 'Scientific Advisory Board (2 days/year + some report writing)', 'NA', '1389', '1', '289', 'Email EPFL', '2014'),
('1526', 'Editor, Biometrika (editor of a major statistics journal)', 'NA', '1390', '1', '290', 'Email EPFL', '2014'),
('1527', 'Consultancy on statistical analysis of accidents in French motorway tunnels', 'NA', '1391', '1', '290', 'Email EPFL', '2014'),
('1528', 'IMEC Techn. Advisory board', 'NA', '1392', '1', '291', 'Email EPFL', '2014'),
('1529', 'CfAED Techn. Advisory board', 'NA', '1393', '1', '291', 'Email EPFL', '2014'),
('1530', 'ALARI / Instructor', 'NA', '1394', '1', '291', 'Email EPFL', '2014'),
('1531', 'Advisory Board Meeting - Sanofi', 'NA', '1395', '1', '292', 'Email EPFL', '2014'),
('1532', 'Seminar-Roche', 'NA', '1396', '1', '292', 'Email EPFL', '2014'),
('1533', 'Board Member', 'NA', '1397', '1', '293', 'Email EPFL', '2014'),
('1534', 'Conseil scientifique', 'NA', '1398', '1', '294', 'Email EPFL', '2014'),
('1535', 'Conseil d''administration', 'NA', '1399', '1', '294', 'Email EPFL', '2014'),
('1536', 'Conseil scientifique du CSEM SA', 'NA', '1400', '1', '294', 'Email EPFL', '2014'),
('1537', 'Conseil d''administration', 'NA', '1401', '1', '294', 'Email EPFL', '2014'),
('1538', 'Président du conseil d''administration', 'NA', '1402', '1', '294', 'Email EPFL', '2014'),
('1539', 'Conseil d''administration', 'NA', '1403', '0', '294', 'Selbstdeklraration', 'Jan 2016'),
('1540', 'Assesseur à la Commission de Conciliation en matière de baux', 'NA', '1404', '1', '295', 'Email EPFL', '2014'),
('1541', 'Membre du comité de Fondation', 'NA', '1405', '1', '295', 'Email EPFL', '2014'),
('1542', 'Membre de la commission d''evaluation des profs boursiers SNF', 'NA', '1406', '1', '296', 'Email EPFL', '2014'),
('1543', 'Membre du Conseil de la Fondation Monte Verità, Ascona, représentant EPFL', 'NA', '1407', '1', '296', 'Email EPFL', '2014'),
('1544', 'Membre du Conseil Scientifique', 'NA', '1408', '1', '296', 'Email EPFL', '2014'),
('1545', 'Membre du Conseil Communal', 'NA', '1409', '1', '296', 'Email EPFL', '2014'),
('1546', 'Architecture, agence d''architecture', 'NA', '1410', '1', '297', 'Email EPFL', '2014'),
('1547', 'RATP, audit des espaces', 'NA', '1411', '1', '297', 'Email EPFL', '2014'),
('1548', 'Mandat d''études sur la stratégie MOOC des universités Flamandes', 'NA', '1412', '1', '298', 'Email EPFL', '2014'),
('1549', 'Membre indépendant du conseil d''administration de l''établissement scolaire privé Haut-Lac (1 séance)', 'NA', '1413', '1', '298', 'Email EPFL', '2014'),
('1550', 'Président Division III', 'NA', '1414', '1', '299', 'Email EPFL', '2014'),
('1551', 'Président de panel', 'NA', '1415', '1', '299', 'Email EPFL', '2014'),
('1552', 'Président de comité scientifique', 'NA', '1416', '1', '299', 'Email EPFL', '2014'),
('1553', 'Membre de comité scientifique', 'NA', '1417', '1', '299', 'Email EPFL', '2014'),
('1554', 'Membre de comité scientifique', 'NA', '1418', '1', '299', 'Email EPFL', '2014'),
('1555', 'Membre du comité "steering"', 'NA', '1419', '1', '299', 'Email EPFL', '2014'),
('1556', 'Membre du conseil scientifique', 'NA', '1420', '1', '299', 'Email EPFL', '2014'),
('1557', 'Membre du conseil scientifique', 'NA', '1421', '1', '299', 'Email EPFL', '2014'),
('1558', 'Professeur (50%)', 'NA', '1353', '1', '299', 'Email EPFL', '2014'),
('1559', 'Président du conseil scientifique', 'NA', '1422', '1', '299', 'Email EPFL', '2014'),
('1560', 'Membre du conseil scientifique', 'NA', '1423', '1', '299', 'Email EPFL', '2014'),
('1561', 'Membre de comité scientifique', 'NA', '1424', '1', '299', 'Email EPFL', '2014'),
('1562', 'Président fondation', 'NA', '1425', '1', '299', 'Email EPFL', '2014'),
('1563', 'Membre conseil scientifique', 'NA', '1426', '1', '299', 'Email EPFL', '2014'),
('1564', 'Membre du conseil scientifique', 'NA', '1427', '1', '299', 'Email EPFL', '2014'),
('1565', 'Membre du conseil scientifique', 'NA', '1428', '1', '299', 'Email EPFL', '2014'),
('1566', 'Membre', 'NA', '1429', '1', '299', 'Email EPFL', '2014'),
('1567', 'Membre', 'NA', '1430', '1', '299', 'Email EPFL', '2014'),
('1568', 'Conseil d''administration', 'NA', '1431', '1', '300', 'Email EPFL', '2014'),
('1569', 'Editorial board member of several journals (unpaid)', 'NA', '1432', '1', '301', 'Email EPFL', '2014'),
('1570', 'Member of several conferences advisory boards (unpaid)', 'NA', '1433', '1', '301', 'Email EPFL', '2014'),
('1571', 'Member of the board of the Swiss Competence Center in Energy Research', 'NA', '1434', '1', '301', 'Email EPFL', '2014'),
('1572', 'Examiner of several PhD Thesis', 'NA', '1435', '1', '301', 'Email EPFL', '2014'),
('1573', 'Membre du conseil national de la recherche', 'NA', '1436', '1', '302', 'Email EPFL', '2014'),
('1574', 'Professor of Chemistry', 'NA', '1437', '1', '303', 'Email EPFL', '2014'),
('1575', 'Associate Editor, Journal of the American Chemical Society', 'NA', '1438', '1', '303', 'Email EPFL', '2014'),
('1576', 'Invited Professor', 'NA', '1439', '1', '303', 'Email EPFL', '2014'),
('1577', 'Scientific Advisory Board: Cooperation CSEM-EPF', 'NA', '1440', '1', '304', 'Email EPFL', '2014'),
('1578', '10-hour PhD class', 'NA', '1441', '1', '305', 'Email EPFL', '2014'),
('1579', '2-hour Exec. Education International Wealth Management Retreat', 'NA', '1442', '1', '305', 'Email EPFL', '2014'),
('1580', '15-hour MBA class', 'NA', '1443', '1', '305', 'Email EPFL', '2014'),
('1581', 'Scientific Advisor / Consultant', 'NA', '1444', '1', '306', 'Email EPFL', '2014'),
('1582', 'Scientific Advisor / Consultant', 'NA', '1445', '1', '306', 'Email EPFL', '2014'),
('1583', 'Scientific Advisor / Consultant', 'NA', '1446', '1', '306', 'Email EPFL', '2014'),
('1584', 'Technical consultant', 'NA', '1447', '1', '307', 'Email EPFL', '2014'),
('1585', 'Technical consultant', 'NA', '1448', '1', '307', 'Email EPFL', '2014'),
('1586', 'Conseil scientifique', 'NA', '1449', '1', '308', 'Email EPFL', '2014'),
('1587', 'Présidence de la Fondation du Prix Omega, Prix Omega scientifique et Prix Omega Etudiants', 'NA', '1450', '1', '308', 'Email EPFL', '2014'),
('1588', 'Présidence de la commission technique CT du COSC', 'NA', '1451', '1', '308', 'Email EPFL', '2014'),
('1589', 'Membre de l''assemblée générale AG du COSC', 'NA', '1402', '1', '308', 'Email EPFL', '2014'),
('1590', 'Membre ', 'NA', '1452', '1', '308', 'Email EPFL', '2014'),
('1591', 'Membre du Conseil d''administration d''Asgalium Unitec SA, Consulting et expertises', 'NA', '1329', '1', '308', 'Email EPFL', '2014'),
('1592', 'Conseiller scientifique, membre du comité d''organisation', 'NA', '1453', '1', '308', 'Email EPFL', '2014'),
('1593', 'Conseiller scientifique, Advisory Board', 'NA', '1454', '1', '308', 'Email EPFL', '2014'),
('1594', 'Vice-président', 'NA', '1455', '1', '308', 'Email EPFL', '2014'),
('1595', 'Editor-in-Chief, Nuclear Fusion Journal', 'NA', '1456', '1', '309', 'Email EPFL', '2014'),
('1596', 'Member of the Board of Directors', 'NA', '1457', '1', '310', 'Email EPFL', '2014'),
('1597', 'Vice-président', 'NA', '1458', '1', '311', 'Email EPFL', '2014'),
('1598', 'Membre ', 'NA', '1459', '1', '311', 'Email EPFL', '2014'),
('1599', 'Florence School of regulation, Transport Area (organisation de 6 workshops en 2013)', 'NA', '1460', '1', '311', 'Email EPFL', '2014'),
('1600', 'NASA/Caltech Jet Propulsion Laboratory: Visiting researcher (July-August 2014, while on leave)', 'NA', '1461', '1', '312', 'Email EPFL', '2014'),
('1601', 'Harvard Wyss Institute: Visiting Professor (September-December 2014, while on leave)', 'NA', '1462', '1', '312', 'Email EPFL', '2014'),
('1602', 'Participation au conseil scientifique', 'NA', '1332', '1', '313', 'Email EPFL', '2014'),
('1603', 'Expertise de projet', 'NA', '1463', '1', '313', 'Email EPFL', '2014'),
('1604', 'Expertise de projet', 'NA', '1464', '1', '313', 'Email EPFL', '2014'),
('1605', 'Expertise de projet', 'NA', '1465', '1', '313', 'Email EPFL', '2014'),
('1606', 'Expertise de projet', 'NA', '1466', '1', '313', 'Email EPFL', '2014'),
('1607', 'Expertise', 'NA', '1467', '1', '314', 'Email EPFL', '2014'),
('1608', 'Expertise', 'NA', '1468', '1', '314', 'Email EPFL', '2014'),
('1609', 'Expertise', 'NA', '1469', '1', '314', 'Email EPFL', '2014'),
('1610', 'Consulting', 'NA', '1470', '1', '314', 'Email EPFL', '2014'),
('1611', 'Expertise', 'NA', '1471', '1', '314', 'Email EPFL', '2014'),
('1612', 'Chair of the Int. Advisory Board and consultant', 'NA', '1472', '1', '315', 'Email EPFL', '2014'),
('1613', 'Bureau d''architecture, Fondateur', 'NA', '1473', '1', '316', 'Email EPFL', '2014'),
('1614', 'Consulting', 'NA', '1474', '1', '317', 'Email EPFL', '2014'),
('1615', 'Advising', 'NA', '1475', '1', '317', 'Email EPFL', '2014'),
('1616', 'Academic Affiliation (unpaid)', 'NA', '1476', '1', '318', 'Email EPFL', '2014'),
('1617', 'Academic Affiliation (unpaid)', 'NA', '1477', '1', '318', 'Email EPFL', '2014'),
('1618', 'Workshop "Roman Architecture"', 'NA', '1478', '1', '319', 'Email EPFL', '2014'),
('1619', 'Workshop', 'NA', '1479', '1', '319', 'Email EPFL', '2014'),
('1620', 'Residency', 'NA', '1480', '1', '319', 'Email EPFL', '2014'),
('1621', 'Founding Partner', 'NA', '1481', '1', '319', 'Email EPFL', '2014'),
('1622', 'Founding Member', 'NA', '1482', '1', '319', 'Email EPFL', '2014'),
('1623', 'Advising on traffic management for the city of Sydney', 'NA', '1483', '1', '320', 'Email EPFL', '2014'),
('1624', 'Development of analysis tools', 'NA', '1484', '1', '320', 'Email EPFL', '2014'),
('1625', 'Scientific advisory board', 'NA', '1485', '1', '321', 'Email EPFL', '2014'),
('1626', 'Project review work, proposal evaluation', 'NA', '1486', '1', '322', 'Email EPFL', '2014'),
('1627', 'Président du conseil d''Administration', 'NA', '1487', '1', '323', 'Email EPFL', '2014'),
('1628', 'Président du Conseil de l''Ecole', 'NA', '1488', '1', '323', 'Email EPFL', '2014'),
('1629', 'Administrateur de la Fondation', 'NA', '1489', '1', '323', 'Email EPFL', '2014'),
('1630', 'Membre du Conseil de la Fondation', 'NA', '1490', '1', '323', 'Email EPFL', '2014'),
('1631', 'Membre du Conseil d''Administration', 'NA', '1491', '1', '323', 'Email EPFL', '2014'),
('1632', 'Président du Board du Human Brain Project', 'NA', '1492', '1', '323', 'Email EPFL', '2014'),
('1633', 'Président de la Fondation', 'NA', '1493', '1', '323', 'Email EPFL', '2014'),
('1634', 'Membre du Conseil de la Fondation', 'NA', '1494', '1', '323', 'Email EPFL', '2014'),
('1635', 'Membre du Conseil de Fondation, vice-président ; domaine : éditions scientifiques', 'NA', '1495', '1', '324', 'Email EPFL', '2014'),
('1636', 'Membre du Jury et Mentor ; domaine : promotion de la recherche scientifique', 'NA', '1496', '1', '324', 'Email EPFL', '2014'),
('1637', 'Membre de la commission fédérale d''examen, nommé par le Conseil Fédéral ; domaine : électrochimie', 'NA', '1497', '1', '324', 'Email EPFL', '2014'),
('1638', 'Associate Editor - Chemical Science', 'NA', '1498', '1', '324', 'Email EPFL', '2014'),
('1639', 'Conseil en gestion d''entreprise', 'NA', '1499', '1', '325', 'Email EPFL', '2014'),
('1640', 'Scientific Board (no income)', 'NA', '1500', '1', '326', 'Email EPFL', '2014'),
('1641', 'Professeur ordinaire', 'NA', '1501', '1', '327', 'Email EPFL', '2014'),
('1642', 'Architecte indépendant à Genève', 'NA', '1502', '1', '327', 'Email EPFL', '2014'),
('1643', 'Honorary Editor of Nano Journal', 'NA', '1503', '1', '328', 'Email EPFL', '2014'),
('1644', 'Scientific Advisor', 'NA', '1504', '1', '328', 'Email EPFL', '2014'),
('1645', 'Scientific Advisor', 'NA', '1505', '1', '328', 'Email EPFL', '2014'),
('1646', 'Scientific Advisor', 'NA', '1506', '1', '328', 'Email EPFL', '2014'),
('1647', 'Conseil scientifique', 'NA', '1507', '1', '329', 'Email EPFL', '2014'),
('1648', 'Conseil scientifique', 'NA', '1508', '1', '329', 'Email EPFL', '2014'),
('1649', 'Expertise scientifique, projets de recherche', 'NA', '1509', '1', '329', 'Email EPFL', '2014'),
('1650', 'Expertise scientifique, Institut de recherche', 'NA', '1510', '1', '329', 'Email EPFL', '2014'),
('1651', 'Venture Lab - Teaching', 'NA', '1511', '0', '330', 'Email EPFL', '2014'),
('1652', 'Bern-Rochester MBA, Teaching', 'NA', '1512', '1', '330', 'Email EPFL', '2014'),
('1653', 'University of Liechtenstein, Teaching', 'NA', '1513', '1', '330', 'Email EPFL', '2014'),
('1654', 'Evaluation Agence de la recherche, France', 'NA', '1514', '1', '331', 'Email EPFL', '2014'),
('1655', 'Board Director', 'NA', '1515', '1', '332', 'Email EPFL / Selbstdeklaration', 'Jan 2016'),
('1656', 'Board Member, Academic Committee Member Holcim Foundation', 'NA', '1516', '1', '332', 'Email EPFL / Selbstdeklaration', 'Jan 2014'),
('1657', 'Member of Advisory Board, The Circle at Zurich Airport', 'NA', '1517', '0', '332', 'Email EPFL', '2016'),
('1658', 'Member of the Advisory Board, Studiengang Kulturmanagement Uni Basel', 'NA', '1518', '0', '332', 'Email EPFL', '2016'),
('1659', 'Committee Member BSA Forschungsstipendium', 'NA', '1519', '1', '332', 'Email EPFL', '2014'),
('1660', 'expertise examen doctorat, science de la vie', 'NA', '1520', '1', '333', 'Email EPFL', '2014'),
('1661', 'Visiting Professor, Physical Chemistry', 'NA', '1521', '1', '334', 'Email EPFL', '2014'),
('1662', 'Visiting Professor, Energy Research Institute', 'NA', '1522', '1', '334', 'Email EPFL', '2014'),
('1663', 'Distinguished Adjunct Professor, Chemistry', 'NA', '1523', '1', '334', 'Email EPFL', '2014'),
('1664', 'Board Member', 'NA', '1524', '1', '334', 'Email EPFL', '2014'),
('1665', 'Chairman of the Committee for Development Research', 'NA', '1525', '1', '334', 'Email EPFL', '2014'),
('1666', 'Member, Scientific Advisory Board - Cancer Therapeutic Area', 'NA', '1526', '1', '335', 'Email EPFL', '2014'),
('1667', 'Member, Scientific Advisory Board', 'NA', '1527', '1', '335', 'Email EPFL', '2014'),
('1668', 'Consulting', 'NA', '1528', '1', '336', 'Email EPFL', '2014'),
('1669', 'Consulting', 'NA', '1529', '1', '336', 'Email EPFL', '2014'),
('1670', 'Consulting', 'NA', '1530', '1', '336', 'Email EPFL', '2014'),
('1671', 'Associate Editor for Journal of Renewable & Sustainable Energy', 'NA', '1531', '1', '337', 'Email EPFL', '2014'),
('1672', 'Comité recommandation et prospective de la plateforme de nanocarctérisation', 'NA', '1532', '1', '338', 'Email EPFL', '2014'),
('1673', 'Comité d''expert', 'NA', '1533', '1', '338', 'Email EPFL', '2014'),
('1674', 'Comité HCERES, évaluation de laboratoire INAC, CEA Grenoble', 'NA', '1534', '1', '338', 'Email EPFL', '2014'),
('1675', 'Trésorière. Aide à l''enseignement en Tanzanie.', 'NA', '1535', '1', '338', 'Email EPFL', '2014'),
('1676', 'Expert projet accès transnationaux', 'NA', '1536', '1', '338', 'Email EPFL', '2014'),
('1677', 'Co-founder and shareholder of the start-up’', 'NA', '1537', '1', '339', 'Email EPFL / Selbstdeklaration', 'Jan 2016'),
('1678', 'Enseignement de cours de formation continue', 'NA', '1538', '1', '340', 'Email EPFL', '2014'),
('1679', 'Membre du Scientific Advisory Board and conseil technique', 'NA', '1539', '1', '340', 'Email EPFL', '2014'),
('1680', 'Member, Board of reviewing editors (01.2010 - present)', 'NA', '1540', '1', '341', 'Email EPFL', '2014'),
('1681', 'Chair, Advisory Board (09.2009 - present)', 'NA', '1541', '1', '341', 'Email EPFL', '2014'),
('1682', 'Member, GAIA Advisory Board (06.2008 - present)', 'NA', '1542', '1', '341', 'Email EPFL', '2014'),
('1683', 'Member, Steering Board (01.2007 - present)', 'NA', '1543', '1', '341', 'Email EPFL', '2014'),
('1684', 'Member, Scientific Advisory Board (10.2013 - present)', 'NA', '1544', '1', '341', 'Email EPFL', '2014'),
('1685', 'Member, Scientific and Technical Council (01.2013 - present)', 'NA', '1545', '0', '341', 'Email EPFL', '2014'),
('1686', 'Scientific Director  (01.2013 - present)', 'NA', '1546', '0', '341', 'Email EPFL', '2014'),
('1687', 'Member, Advisory Board (11.2012 - present)', 'NA', '1547', '0', '341', 'Email EPFL', '2014'),
('1688', 'Member (11.2009 - present)', 'NA', '1548', '1', '341', 'Email EPFL', '2014'),
('1689', 'Member visiting committee (09.2011 - present)', 'NA', '1549', '0', '341', 'Email EPFL', '2014'),
('1690', 'Member of organizing team for one session (05.2013 - 11.2014)', 'NA', '1550', '1', '341', 'Email EPFL', '2014'),
('1691', 'Member of different program committees', 'NA', '1551', '1', '342', 'Email EPFL', '2014'),
('1692', 'Vice-president (until August 2014)', 'NA', '1552', '1', '342', 'Email EPFL', '2014'),
('1693', 'Board member', 'NA', '1553', '1', '342', 'Email EPFL', '2014'),
('1694', 'Chairman of the editorial board', 'NA', '1554', '1', '342', 'Email EPFL', '2014'),
('1695', 'Reviewer  ', 'NA', '1555', '1', '342', 'Email EPFL', '2014'),
('1696', 'Lecturer (2days)', 'NA', '1556', '1', '342', 'Email EPFL', '2014'),
('1697', 'Scientific advisory board', 'NA', '1557', '1', '343', 'Email EPFL', '2014'),
('1698', 'Evaluation committee for INRIA', 'NA', '1558', '1', '343', 'Email EPFL', '2014'),
('1699', 'Evaluation panel for NSF', 'NA', '1559', '1', '343', 'Email EPFL', '2014'),
('1700', 'Board of Directors', 'NA', '1560', '1', '344', 'Email EPFL', '2014'),
('1701', 'Member Advisory Committee', 'NA', '1561', '1', '344', 'Email EPFL', '2014'),
('1702', 'Member Advisory Committee', 'NA', '1562', '1', '344', 'Email EPFL', '2014'),
('1703', 'Member steering committee NFP 64 Opportunities and Risk of Nanomaterials', 'NA', '1563', '1', '344', 'Email EPFL', '2014'),
('1704', 'Expert Nanotechnology and Nanomaterials, Nanoregulation (Nanoreg WP2)', 'NA', '1564', '1', '344', 'Email EPFL', '2014'),
('1705', 'Expert Nanotechnology and Nanomaterials, Nanoregulation (Nanoreg WP1)', 'NA', '1565', '1', '344', 'Email EPFL', '2014'),
('1706', 'Membre du FNS Panel Sinergia', 'NA', '1346', '1', '345', 'Email EPFL', '2014'),
('1707', 'Consulting of chemical research, 3 hours', 'NA', '1566', '1', '346', 'Email EPFL', '2014'),
('1708', 'Co-Founder and Advisor (Design Firm), while on leave', 'NA', '1567', '1', '347', 'Email EPFL', '2014'),
('1709', 'Co-Founder and Advisor (Software and Service Firm), while on leave', 'NA', '1568', '1', '347', 'Email EPFL', '2014'),
('1710', 'Head of Pillar and Advisor (Educational Institution), while on leave', 'NA', '1569', '1', '347', 'Email EPFL', '2014'),
('1711', 'Membre du régulateur fédéral des télécoms', 'NA', '1570', '1', '348', 'Email EPFL', '2014'),
('1712', 'Board of Directors, Chief Scientific Advisor', 'NA', '1571', '1', '349', 'Email EPFL', '2014'),
('1713', 'Owner', 'NA', '1572', '1', '349', 'Email EPFL', '2014'),
('1714', 'Adjunct Professor (uncompensated)', 'NA', '1573', '1', '349', 'Email EPFL', '2014'),
('1715', 'Chief Scientific Advisor, Board of Directors', 'NA', '1574', '1', '349', 'Email EPFL', '2014'),
('1716', 'Legal consulting', 'NA', '1575', '1', '349', 'Email EPFL', '2014'),
('1717', 'Legal consulting', 'NA', '1576', '1', '349', 'Email EPFL', '2014'),
('1718', 'Board of Directors', 'NA', '1577', '1', '349', 'Email EPFL', '2014'),
('1719', 'Board of Directors', 'NA', '1578', '1', '349', 'Email EPFL', '2014'),
('1720', 'Board of Directors', 'NA', '1579', '1', '349', 'Email EPFL', '2014'),
('1721', 'Board of Directors', 'NA', '1580', '1', '349', 'Email EPFL', '2014'),
('1722', 'Guest lecturer (spring 2014)', 'NA', '1581', '1', '350', 'Email EPFL', '2014'),
('1723', 'Guest lecturer, summer 2014', 'NA', '1582', '1', '350', 'Email EPFL', '2014'),
('1724', 'Member of evaluation panel', 'NA', '1583', '1', '350', 'Email EPFL', '2014'),
('1725', 'Review projet EC SOI-HITS (1 jour)', 'NA', '1584', '1', '351', 'Email EPFL', '2014'),
('1726', 'SATW technology out-look (non-remuneré)', 'NA', '1585', '1', '351', 'Email EPFL', '2014'),
('1727', 'SNF professorship review', 'NA', '1586', '1', '351', 'Email EPFL', '2014'),
('1728', 'Lecture IMEC /Beyond CMOS (0.5 day)', 'NA', '1587', '1', '351', 'Email EPFL', '2014'),
('1729', 'Research Council Member of SNSF', 'NA', '1588', '1', '352', 'Email EPFL', '2014'),
('1730', 'Associate Editor Ass. Chemical Biology', 'NA', '1589', '1', '352', 'Email EPFL', '2014'),
('1731', 'Consulting Quartet Medicine', 'NA', '1590', '1', '352', 'Email EPFL', '2014'),
('1732', 'Consulting', 'NA', '1591', '1', '352', 'Email EPFL', '2014'),
('1733', 'SNF SCOPES evaluation panel', 'NA', '1588', '1', '353', 'Email EPFL', '2014'),
('1734', 'Gérance', 'NA', '1592', '1', '354', 'Email EPFL', '2014'),
('1735', 'Ecriture de chroniques', 'NA', '1593', '1', '354', 'Email EPFL', '2014'),
('1736', 'Enseignement', 'NA', '1594', '1', '354', 'Email EPFL', '2014'),
('1737', 'Enseignement', 'NA', '1595', '1', '354', 'Email EPFL', '2014'),
('1738', 'Member of Board of Directors', 'NA', '1596', '1', '355', 'Email EPFL', '2014'),
('1739', 'Member of Exert Panel', 'NA', '1597', '1', '355', 'Email EPFL', '2014'),
('1740', 'Associé dans un bureau d''étude', 'NA', '1598', '1', '356', 'Email EPFL', '2014'),
('1741', 'Charge d''enseignement (7h)', 'NA', '1599', '1', '356', 'Email EPFL', '2014'),
('1742', 'Chronique mensuelle', 'NA', '1600', '1', '356', 'Email EPFL', '2014'),
('1743', 'Conseil d''administration (jusqu''au 31.12.2014)', 'NA', '1601', '1', '357', 'Email EPFL', '2014'),
('1744', 'Mandat d''expert pour un pont en matériaux composites', 'NA', '1602', '1', '357', 'Email EPFL', '2014'),
('1745', 'Directeur Max-Planck-Institut (occupation principale) et fonctions associés', 'NA', '1603', '1', '358', 'Email EPFL', '2014'),
('1746', 'Teaching/Guest professor', 'NA', '1604', '1', '359', 'Email EPFL', '2014'),
('1747', 'Adjunct scientist', 'NA', '1605', '1', '360', 'Email EPFL', '2014'),
('1748', 'Member of Independent Advisory Committee', 'NA', '1606', '1', '360', 'Email EPFL', '2014'),
('1749', 'Associate Editor', 'NA', '1498', '1', '360', 'Email EPFL', '2014'),
('1750', 'PhD course on " Financial Optimization and Risk Management under Uncertainty"', 'NA', '1607', '1', '361', 'Email EPFL', '2014'),
('1751', 'Co-fondateur d''une start-up en décembre 2014', 'NA', '1608', '1', '362', 'Email EPFL', '2014'),
('1752', 'Adjunct professor', 'NA', '1609', '1', '363', 'Email EPFL', '2014'),
('1753', 'Distingushed Adjunct professor (Jusqu''à Octobre 2014)', 'NA', '1610', '1', '363', 'Email EPFL', '2014'),
('1754', 'Président du Conseil d''administration (depuis mi-décembre 2014)', 'NA', '1611', '1', '363', 'Email EPFL', '2014'),
('1755', 'Editeur en chef', 'NA', '1612', '1', '363', 'Email EPFL', '2014'),
('1756', 'ERC Consolidator Grants panel dealing with Products and Processes Engineering', 'NA', '1613', '1', '363', 'Email EPFL', '2014'),
('1757', 'Associée', 'NA', '1614', '1', '364', 'Email EPFL', '2014'),
('1758', 'Huawei Distributed Computing Lab Advisory Board', 'NA', '1615', '1', '365', 'Email EPFL', '2014'),
('1759', 'Executive Director, Qatar Biomedical Research Institute (while on leave)', 'NA', '1616', '1', '366', 'Email EPFL', '2014'),
('1760', 'Executive Committee Member', 'NA', '1617', '1', '366', 'Email EPFL', '2014'),
('1761', 'Scientific Advisory Board Member', 'NA', '1618', '1', '366', 'Email EPFL', '2014'),
('1762', 'President Board Abionic', 'NA', '1619', '0', '367', 'Email EPFL', '2014'),
('1763', 'Founder', 'NA', '1620', '1', '368', 'Email EPFL', '2014'),
('1764', 'Politecnico di Milano', 'NA', '1621', '0', '369', 'Email EPFL', '2014'),
('1765', 'Advisor of crypto group', 'NA', '1622', '1', '370', 'Email EPFL', '2014'),
('1766', 'ERC starting grant review panel', 'NA', '1623', '1', '371', 'Email EPFL', '2014'),
('1767', 'Conseil scientifique, domaine de la métallurgie', 'NA', '1624', '1', '372', 'Email EPFL', '2014'),
('1768', 'President of the Board', 'NA', '1625', '1', '373', 'Email EPFL / Mail Prof', '2016'),
('1769', 'Board member and advisor', 'NA', '1626', '1', '373', 'Email EPFL', '2016'),
('1770', 'Board Member, Prosper Diagnostics an early stage EPFL start-up', 'NA', '1627', '1', '374', 'Email EPFL', '2014'),
('1771', 'Consultant ', 'NA', '1628', '1', '375', 'Email EPFL', '2014'),
('1772', 'Consultant ', 'NA', '1629', '1', '375', 'Email EPFL', '2014'),
('1773', 'Academic consulting', 'NA', '1630', '1', '376', 'Email EPFL', '2014'),
('1774', 'Teaching a PhD class', 'NA', '1631', '1', '376', 'Email EPFL', '2014'),
('1775', 'Membre du conseil d''administration', 'NA', '1632', '1', '377', 'Email EPFL', '2014'),
('1776', 'Membre du conseil de fondation (as EPFL)', 'NA', '1633', '1', '377', 'Email EPFL', '2014'),
('1777', 'Membre du conseil d''administration', 'NA', '1634', '1', '377', 'Email EPFL', '2014'),
('1778', 'Membre du conseil de fondation (as EPFL)', 'NA', '1635', '1', '377', 'Email EPFL', '2014'),
('1779', 'Commission consultative d''urbanisme et d''architecture', 'NA', '1636', '1', '378', 'Email EPFL', '2014'),
('1780', 'Commission d''architecture et d''urbanisme', 'NA', '1637', '1', '378', 'Email EPFL', '2014'),
('1781', 'Commission d''urbanisme, d''architecture et du Paysage', 'NA', '1638', '1', '378', 'Email EPFL', '2014'),
('1782', 'Commission d''urbanisme et architecture', 'NA', '1639', '1', '378', 'Email EPFL', '2014'),
('1783', 'Commission d''urbanisme et d''architecture', 'NA', '1640', '1', '378', 'Email EPFL', '2014'),
('1784', 'Bruno Marchand Architecture Urbanisme et aménagement du territoire', 'NA', '1641', '1', '378', 'Email EPFL', '2014'),
('1785', 'Commission d''Urbanisme et Architecture', 'NA', '1642', '1', '378', 'Email EPFL', '2014'),
('1786', 'Council President EC integrating initiative on synchrotrons (CALIPSO)', 'NA', '1643', '1', '92', 'Email EPFL', '2014'),
('1787', 'Chief Editor, Journal of Physics D ', 'NA', '1644', '1', '92', 'Email EPFL', '2014'),
('1788', 'President, Evaluation Committee (Nucleo di Valutazione), Politecnico di Torino', 'NA', '1645', '1', '92', 'Email EPFL', '2014'),
('1789', 'Member, Consiglio di Fondazione USI', 'NA', '1646', '1', '92', 'Email EPFL', '2014'),
('1790', 'President, Parish Council', 'NA', '1647', '1', '92', 'Email EPFL', '2014'),
('1791', 'Member, Scientific Council', 'NA', '1648', '1', '92', 'Email EPFL', '2014'),
('1792', 'Membre de l''international advisory board', 'NA', '1649', '1', '92', 'Email EPFL', '2014'),
('1793', 'Member, Consulting Committee ANVUR', 'NA', '1650', '1', '92', 'Email EPFL', '2014'),
('1794', 'Member, Board of Directors', 'NA', '1651', '1', '92', 'Email EPFL', '2014'),
('1795', 'President, Scientific and Technological Committee', 'NA', '1652', '1', '92', 'Email EPFL', '2014'),
('1796', 'Frontiers Research Foundation, President ', 'NA', '1653', '1', '379', 'Email EPFL', '2014'),
('1797', 'Chairman (en liquidation)', 'NA', '1654', '0', '379', 'Email EPFL', '2014'),
('1798', 'President (en liquidation)', 'NA', '1655', '1', '379', 'Email EPFL', '2014'),
('1799', 'University of Massachussetts: Paid consultant on ONR research project', 'NA', '1656', '1', '379', 'Email EPFL', '2014'),
('1800', 'Reviewing  ', 'NA', '1657', '1', '380', 'Email EPFL', '2014'),
('1801', 'Chairman of the Board', 'NA', '1658', '1', '381', 'Email EPFL', '2014'),
('1802', 'Stiftungrat ', 'NA', '1659', '1', '49', 'Email EPFL', '2014'),
('1803', 'Member', 'NA', '1660', '1', '49', 'Email EPFL', '2014'),
('1804', 'Steering Committee', 'NA', '1661', '1', '49', 'Email EPFL', '2014'),
('1805', 'Member', 'NA', '1662', '1', '49', 'Email EPFL', '2014'),
('1806', 'Neutron Adv. Board', 'NA', '1663', '1', '49', 'Email EPFL', '2014'),
('1807', 'Scientific Advisory Board', 'NA', '1664', '1', '49', 'Email EPFL', '2014'),
('1808', 'Int. Science Policy Comm.', 'NA', '1665', '1', '49', 'Email EPFL', '2014'),
('1809', 'Member', 'NA', '1666', '1', '49', 'Email EPFL', '2014'),
('1810', 'Prof. Part-time', 'NA', '1667', '1', '382', 'Email EPFL', '2014'),
('1811', 'Editeur associé  ', 'NA', '1668', '1', '383', 'Email EPFL', '2014'),
('1812', 'Committe member - Advanced Post-doc mobility', 'NA', '1669', '1', '383', 'Email EPFL', '2014'),
('1813', 'Sociétaire sans droit de signature', 'NA', '1670', '1', '384', 'Email EPFL', '2014'),
('1814', 'Science Advisory Board', 'NA', '1671', '1', '384', 'Email EPFL', '2014'),
('1815', 'Scientific Advisory Board', 'NA', '1672', '1', '384', 'Email EPFL', '2014'),
('1816', 'Panel Synergia FNS', 'NA', '1673', '1', '385', 'Email EPFL', '2014'),
('1817', 'Travail éditorial (non lucratif)', 'NA', '1674', '1', '386', 'Email EPFL', '2014'),
('1818', 'Expertises', 'NA', '1675', '1', '386', 'Email EPFL', '2014'),
('1819', 'Directeur du SFI PhD Program ', 'NA', '459', '1', '387', 'Email EPFL', '2014'),
('1820', 'Cours (1 jour): Derivatives for Central Bankers', 'NA', '1676', '1', '387', 'Email EPFL', '2014'),
('1821', 'Conseil d''administration, membre actuaire de Michgenossenschaft Reitnau ', 'NA', '1677', '1', '388', 'Email EPFL', '2014'),
('1822', 'Divers contrats d''expertises', 'NA', '1678', '1', '388', 'Email EPFL', '2014'),
('1823', 'Conseil scientifique', 'NA', '1679', '1', '388', 'Email EPFL', '2014'),
('1824', 'Membre du conseil de fondation', 'NA', '1680', '1', '389', 'Email EPFL', '2014'),
('1825', 'Membre, Wissenschaftlicher Beirat', 'NA', '1681', '0', '389', 'Email EPFL', '2016'),
('1826', 'Membre Board of Trustees & research center’s scientific advisory board', 'NA', '1682', '1', '389', 'Selbstdeklaration', 'Jan 2016'),
('1827', 'proposés référés', 'NA', '1683', '1', '389', 'Email EPFL', '2014'),
('1828', 'proposés référés', 'NA', '1684', '1', '389', 'Email EPFL', '2014'),
('1829', 'Membre (nommé par l''EPFL), Conseil de Fondation', 'NA', '1685', '0', '389', 'Email EPFL', '2016'),
('1830', 'Member International Scientific Advisory Board (ISAB) of the COMET K2 Center', 'NA', '1686', '1', '389', 'Email EPFL / Selbstdeklaration', '2014 / Jan 2016'),
('1831', 'Membre de la commission d''accréditation d''institution de DTU', 'NA', '1687', '0', '389', 'Email EPFL', '2016'),
('1832', 'Membre de la commission de sélection des SNSF, Starting Grants 2014', 'NA', '1415', '0', '389', 'Email EPFL', '2016'),
('1833', 'Board observer (resigned on 25.12.14)', 'NA', '1688', '1', '390', 'Email EPFL', '2014'),
('1834', 'Founder Composyt Light Lab', 'NA', '1689', '1', '390', 'Email EPFL', '2014'),
('1835', 'Chair of the EURAAP Board (jusqu''à Dec 2015)', 'NA', '1690', '1', '391', 'Email EPFL', '2014'),
('1836', 'Organisation de conférences scientifiques en Europe', 'NA', '1691', '1', '391', 'Email EPFL', '2014'),
('1837', 'Visit to UFRJ Rio Brésil', 'NA', '1692', '1', '392', 'Email EPFL', '2014'),
('1838', 'Membre du Conseil d''administration et employé (taux d''activité 10%)', 'NA', '1693', '1', '393', 'Email EPFL', '2014'),
('1839', 'Membre du Présidium', 'NA', '1694', '1', '393', 'Email EPFL', '2014'),
('1840', 'Membre du conseil de fondation', 'NA', '1695', '1', '393', 'Email EPFL', '2014'),
('1841', 'Membre du conseil d''administration et employé (taux d''activité 10%)', 'NA', '1696', '1', '393', 'Email EPFL', '2014'),
('1842', 'Executive Board', 'NA', '1697', '1', '394', 'Email EPFL', '2014'),
('1843', 'Member of evaluation committee Advanced Postdoc Mobility', 'NA', '1586', '1', '394', 'Email EPFL', '2014'),
('1844', 'Editor of Nuclear Physics B', 'NA', '1698', '1', '395', 'Email EPFL', '2014'),
('1845', 'Chair of the Scientific Policy Committee for the CERN Council', 'NA', '1699', '1', '395', 'Email EPFL', 'Jan 2016'),
('1846', 'Member of the Scientific Advisory Committee for the Next Einstein Forum', 'NA', '1700', '1', '395', 'Email EPFL', '2014'),
('1847', 'Chair of a B-factory Programme Advisory Committee', 'NA', '1701', '1', '395', 'Email EPFL', '2014'),
('1848', 'Editor of Journal of High Energy Physics', 'NA', '1702', '1', '395', 'Email EPFL', '2014'),
('1849', 'Chair of the Scientific Advisory Committee', 'NA', '1703', '1', '395', 'Email EPFL / Selbstdeklaration', '2014 / Jan 2016'),
('1850', 'Board-Observer (former Chairman)', 'NA', '1704', '1', '396', 'Email EPFL', '2014'),
('1851', 'Participation à la Commission pour l''habilitation scientifique nationale', 'NA', '1705', '1', '397', 'Email EPFL', '2014'),
('1852', 'Participation, en tant que président, au Jury du concours d''architecture "Campus RTS" sur le site de EPFL', 'NA', '1706', '1', '397', 'Email EPFL', '2014'),
('1853', 'Participation, en tant que vice-président, au Jury du concours d''architecture "Vergers" à Meyrin', 'NA', '1707', '1', '397', 'Email EPFL', '2014'),
('1854', 'Editor-in-chief of Discrete & Computational Geometry (pays a stipend)', 'NA', '1708', '1', '398', 'Email EPFL', '2014'),
('1855', 'Lecture for the Post-graduate program "Progettazione di Impianti Oil&Gas"', 'NA', '1709', '1', '399', 'Email EPFL', '2014'),
('1856', 'Editor in Chief of the international journal Sustainable Energy, Grids and Networks', 'NA', '1710', '1', '399', 'Email EPFL', '2014'),
('1857', 'Evaluation of the candidates for the Professorship/Associate professorship, Dept of Electric Power Eng', 'NA', '1711', '1', '399', 'Email EPFL', '2014'),
('1858', 'Dean and Prof. Faculté Applied Sciences', 'NA', '1712', '1', '400', 'Email EPFL', '2014'),
('1859', 'Member of the board', 'NA', '1713', '1', '401', 'Email EPFL', '2014'),
('1860', 'Member of review panel of a Helmoltz Program', 'NA', '1714', '1', '402', 'Email EPFL', '2014'),
('1861', 'Architecture & gestion de projets', 'NA', '1715', '1', '403', 'Email EPFL', '2014'),
('1862', 'Architecture & gestion de projets', 'NA', '1716', '1', '403', 'Email EPFL', '2014'),
('1863', 'Consulting work', 'NA', '1717', '1', '404', 'Email EPFL', '2014'),
('1864', 'Board Member', 'NA', '1718', '1', '405', 'Email EPFL', '2014'),
('1865', 'Board Member', 'NA', '1719', '1', '405', 'Email EPFL', '2014'),
('1866', 'Président du conseil d''administration et coordinateur du comité scientifique', 'NA', '1720', '1', '406', 'Email EPFL', '2014'),
('1867', 'Sponsored research agreement from Roche', 'NA', '1721', '1', '407', 'Email EPFL', '2014'),
('1868', 'Member of the scientific committee', 'NA', '1722', '0', '408', 'Email EPFL / Selbstdeklaration', '2014 / Jan 2016'),
('1869', 'Chairman of board of directors', 'NA', '1723', '1', '408', 'Email EPFL / Selbstdeklaration', '2014 / Jan 2016'),
('1870', 'Actionnaire et Membre du Conseil d''administration', 'NA', '1724', '1', '409', 'Email EPFL', '2014'),
('1871', 'Associé', 'NA', '1725', '1', '409', 'Email EPFL', '2014'),
('1872', 'Membre du conseil scientifique', 'NA', '1726', '1', '409', 'Email EPFL', '2014'),
('1873', 'Président du conseil de fondation', 'NA', '1727', '1', '409', 'Email EPFL', '2014'),
('1874', 'Président du Conseil de fondation', 'NA', '1728', '1', '409', 'Email EPFL', '2014'),
('1875', 'Conseil scientifique + CA', 'NA', '1729', '1', '410', 'Email EPFL', '2014'),
('1876', 'Conseil scientifique, membre', 'NA', '1400', '1', '410', 'Email EPFL', '2014'),
('1877', 'Associé et partenaire d''un bureau d''architecture et d''urbanisme', 'NA', '1730', '1', '411', 'Email EPFL', '2014'),
('1878', 'Membre du conseil d''administration', 'NA', '1731', '1', '411', 'Email EPFL', '2014'),
('1879', 'Membre du comité d''une association à but non lucratif', 'NA', '1732', '1', '411', 'Email EPFL', '2014'),
('1880', 'Chair of hydraulic constructions, part-time (10%)', 'NA', '1733', '1', '412', 'Email EPFL', '2014'),
('1881', 'Secretary, Class of Sciences', 'NA', '1734', '1', '412', 'Email EPFL', '2014'),
('1882', 'Board Member', 'NA', '1735', '1', '412', 'Email EPFL', '2014'),
('1883', 'Board Member', 'NA', '1736', '1', '412', 'Email EPFL', '2014'),
('1884', 'MAX IV Machine Advisory Committee', 'NA', '1737', '1', '413', 'Email EPFL', '2014'),
('1885', 'IRFU Scientific Council, CEA', 'NA', '1738', '1', '413', 'Email EPFL', '2014'),
('1886', 'Scientific Committee, Frascati INFN National Laboratories', 'NA', '1739', '1', '413', 'Email EPFL', '2014'),
('1887', 'CERN Scientific Policy Committee', 'NA', '1740', '1', '413', 'Email EPFL', '2014'),
('1888', 'Interim Chair of the International Collaboration Board of the Future Circular Collider (FCC) study', 'NA', '1699', '1', '413', 'Email EPFL', '2014'),
('1889', 'Panel Chair for ERC PE4 panel', 'NA', '1741', '1', '414', 'Email EPFL', '2014'),
('1890', 'Associate Editor, American Chemical Society Journal "Journal of Chemical Theory and Computation"', 'NA', '1742', '1', '415', 'Email EPFL', '2014'),
('1891', 'Head of the sub panel Life Sciences of the PRACE Access Committee', 'NA', '1743', '1', '415', 'Email EPFL', '2014'),
('1892', 'Panel member for the ERC Starting grant 2014 PE4', 'NA', '1744', '1', '415', 'Email EPFL', '2014'),
('1893', 'Member of the Editorial Board', 'NA', '1745', '0', '415', 'Email EPFL / Selbstdeklaration', '2014 / Jan 2016'),
('1894', 'Member of the Board', 'NA', '1746', '0', '415', 'Email EPFL / Selbstdeklaration', '2014 / Jan 2016'),
('1895', 'Member of the Scientific Advisory Committee as part of the selection of CECAM workshop annual program', 'NA', '1747', '1', '415', 'Email EPFL', '2014'),
('1896', 'Conseil scientifique', 'NA', '1748', '1', '416', 'Email EPFL', '2014'),
('1897', 'Conseil scientifique', 'NA', '1749', '1', '416', 'Email EPFL', '2014'),
('1898', 'Expertise', 'NA', '1750', '1', '416', 'Email EPFL', '2014'),
('1899', 'Expertise', 'NA', '1751', '1', '416', 'Email EPFL', '2014'),
('1900', 'Membre du Comité Electrosuisse', 'NA', '1752', '1', '416', 'Email EPFL', '2014'),
('1901', 'Expertise', 'NA', '1514', '1', '416', 'Email EPFL', '2014'),
('1902', 'Administrateur vice-président', 'NA', '1753', '1', '417', 'Email EPFL', '2014'),
('1903', 'Non-executive director', 'NA', '1754', '1', '417', 'Email EPFL', '2014'),
('1904', 'Gérant entreprise personnel', 'NA', '1755', '1', '417', 'Email EPFL', '2014'),
('1905', 'Membre de la commission de la formation et de la recherche', 'NA', '1756', '1', '417', 'Email EPFL', '2014'),
('1906', 'associé gérant président (dès le 03.11.2014)', 'NA', '1757', '1', '417', 'Email EPFL', '2014'),
('1907', 'Consulting', 'NA', '1758', '1', '418', 'Email EPFL', '2014'),
('1908', 'Associate Editor, Frontiers in Behavioral Neuroscience', 'NA', '1759', '1', '418', 'Email EPFL / Selbstdeklaration', '2014 / Jan 2016'),
('1909', 'Scientific Advisory Board Member', 'NA', '1760', '1', '418', 'Email EPFL', '2014'),
('1910', 'Scientific Advisory Board Member', 'NA', '1761', '1', '418', 'Email EPFL', '2014'),
('1911', 'Review Editor', 'NA', '1762', '1', '418', 'Email EPFL', '2014'),
('1912', 'EIRP Projects Evaluation Panel', 'NA', '1763', '1', '419', 'Email EPFL', '2014'),
('1913', 'IPCC Working group III (mitigation)', 'NA', '1764', '1', '419', 'Email EPFL', '2014'),
('1914', 'VELUX Foundation Workshop', 'NA', '1765', '1', '419', 'Email EPFL', '2014'),
('1915', 'Schiedsgericht Nant de Dranse', 'NA', '1766', '1', '420', 'Email EPFL', '2014'),
('1916', 'Expertise Druckstollen, Xe-Pian Xe-Namnoy, Laos', 'NA', '1767', '1', '420', 'Email EPFL', '2014'),
('1917', 'Prüfung Bauvorhaben Linth 2015', 'NA', '1768', '1', '420', 'Email EPFL', '2014'),
('1918', 'Panel of experts, Haraz Dam & HPP', 'NA', '1769', '1', '420', 'Email EPFL', '2014'),
('1919', 'Beratung, Wasserkraftwerk Chippis VS', 'NA', '1770', '1', '420', 'Email EPFL', '2014'),
('1920', 'Beratung, vidange de fonds - surélévation du barrage Cambambe, Angola', 'NA', '1771', '1', '420', 'Email EPFL', '2014'),
('1921', 'Membre du conseil du CERN', 'NA', '1772', '1', '421', 'Email EPFL', '2014'),
('1922', 'Président de l''association CHIPP', 'NA', '1773', '1', '421', 'Email EPFL', '2014'),
('1923', 'Administrateur', 'NA', '1774', '1', '421', 'Email EPFL', '2014'),
('1924', 'Vice-président du Conseil paroissial, Ecublens-St.Sulpice', 'NA', '1775', '1', '421', 'Email EPFL', '2014'),
('1925', 'Phase-out of independent Max-Planck Research Group until 12/2014', 'NA', '1776', '1', '422', 'Email EPFL', '2014'),
('1926', 'Editor in chief, Cement and Concrete Research', 'NA', '1777', '1', '423', 'Email EPFL', '2014'),
('1927', 'Consultant to innovation committee', 'NA', '1778', '1', '423', 'Email EPFL', '2014'),
('1928', 'Consultant on durability', 'NA', '1779', '1', '423', 'Email EPFL', '2014'),
('1929', 'Professorship at IMD, 50% work contract', 'NA', '1780', '1', '424', 'Email EPFL', '2014'),
('1930', 'President of the foundation', 'NA', '1781', '1', '425', 'Email EPFL', '2014'),
('1931', 'Scientific expert for patent firm', 'NA', '1782', '1', '426', 'Email EPFL', '2014'),
('1932', 'CEO (on leave from EPFL)', 'NA', '1783', '1', '427', 'Email EPFL', '2014'),
('1933', 'Consulting ', 'NA', '1784', '1', '428', 'Email EPFL', '2014'),
('1934', 'Consulting', 'NA', '1785', '1', '428', 'Email EPFL', '2014'),
('1935', 'Teaching and Research', 'NA', '1476', '1', '429', 'Email EPFL', '2014'),
('1936', 'Editor', 'NA', '1786', '1', '429', 'Email EPFL', '2014'),
('1937', 'Adjunct Professor/Prof. Titulaire (teaching)', 'NA', '1787', '1', '430', 'Email EPFL', '2014'),
('1938', 'Expert externe pour 3 projets de recherche', 'NA', '1788', '1', '431', 'Email EPFL', '2014'),
('1939', 'Membre du conseil scientifique du Laboratoire d''excellence SEAM (non rémunéré) ', 'NA', '1789', '1', '431', 'Email EPFL', '2014'),
('1940', 'Co-editor in Chief, Nanoscale', 'NA', '1790', '1', '432', 'Email EPFL', '2014'),
('1941', 'Editorial Board Member, Nature Communications', 'NA', '1791', '1', '432', 'Email EPFL', '2014'),
('1942', 'Legal consultant', 'NA', '1792', '1', '432', 'Email EPFL', '2014'),
('1943', 'Member of the Scientific Advisory Board', 'NA', '1793', '1', '432', 'Email EPFL', '2014'),
('1944', 'Head, Scientific Advisory Board', 'NA', '1794', '1', '432', 'Email EPFL', '2014'),
('1945', 'Invited Member, Scientific Advisory Board', 'NA', '1795', '1', '432', 'Email EPFL', '2014'),
('1946', 'Scientific advisor', 'NA', '1796', '1', '432', 'Email EPFL', '2014'),
('1947', 'CSO et administrateur', 'NA', '1797', '1', '433', 'Email EPFL', '2014'),
('1948', 'Administrateur et director ad interim', 'NA', '1798', '1', '433', 'Email EPFL', '2014'),
('1949', 'Start-up advisor to Kokko Inc.', 'NA', '1799', '1', '434', 'Email EPFL', '2014'),
('1950', 'Evaluation de projets de recherche', 'NA', '1800', '1', '435', 'Email EPFL', '2014'),
('1951', 'Founder & Shareholder', 'NA', '1801', '1', '436', 'Email EPFL', '2014'),
('1952', 'Founder & Shareholder', 'NA', '1802', '1', '436', 'Email EPFL', '2014'),
('1953', 'Founder & Shareholder', 'NA', '1803', '1', '436', 'Email EPFL', '2014'),
('1954', 'Shareholder', 'NA', '1804', '1', '436', 'Email EPFL', '2014'),
('1955', 'Consultant', 'NA', '1805', '1', '436', 'Email EPFL', '2014'),
('1956', 'Founder & Shareholder', 'NA', '1806', '1', '436', 'Email EPFL', '2014'),
('1957', 'Membre de la commission fédérale consultative pour la recherche environnementale', 'NA', '1807', '1', '437', 'Email EPFL', '2014'),
('1958', 'Expert externe, Réseau de compétence Economie et Management', 'NA', '1808', '1', '437', 'Email EPFL', '2014'),
('1959', 'Membre du conseil de fondation', 'NA', '1809', '1', '437', 'Email EPFL', '2014'),
('1960', 'Cours (26.03.14) "La réforme fiscale écologique" dans le cadre d''une formation continue', 'NA', '1810', '1', '437', 'Email EPFL', '2014'),
('1961', 'Président le la Commission fédérale de logement', 'NA', '1811', '1', '437', 'Email EPFL', '2014'),
('1962', 'Journée d''économie politique d''iconomix 2014. 1 cours (21.11.14)', 'NA', '1812', '1', '437', 'Email EPFL', '2014'),
('1963', 'Membre du conseil scientifique', 'NA', '1813', '1', '437', 'Email EPFL', '2014'),
('1964', 'Mandat privé pour l''évaluation de la durabilité de projets - Aspects économiques', 'NA', '1814', '1', '437', 'Email EPFL', '2014'),
('1965', 'Partenariat pour organiser une journée de séminaire/année', 'NA', '1815', '1', '437', 'Email EPFL', '2014'),
('1966', 'Comité de direction du PNR 66 "Ressource bois"', 'NA', '1816', '1', '437', 'Email EPFL', '2014'),
('1967', 'Panel d''évaluation des pôles de compétence suisses en recherche énergétique', 'NA', '1817', '1', '437', 'Email EPFL', '2014'),
('1968', 'Membre de la commission de caisse de Publica', 'NA', '1818', '1', '437', 'Email EPFL', '2014'),
('1969', 'Membre du groupe de travail "Forum for climate and global change ProClim"', 'NA', '1819', '1', '437', 'Email EPFL', '2014'),
('1970', 'Professeur associé ad personam', 'NA', '1820', '1', '438', 'Email EPFL', '2014'),
('1971', 'Consultant (7 jours)', 'NA', '1821', '1', '438', 'Email EPFL', '2014'),
('1972', 'Expertise pour projet panel VR NT-14', 'NA', '1822', '1', '439', 'Email EPFL', '2014'),
('1973', 'Membre du comité scientifique du LINCS', 'NA', '1823', '1', '439', 'Email EPFL', '2014'),
('1974', 'Membre du conseil scientifique', 'NA', '1824', '1', '440', 'Email EPFL', '2014'),
('1975', 'Membre du Conseil de la Recherche', 'NA', '1825', '1', '440', 'Email EPFL', '2014'),
('1976', 'Membre du conseil', 'NA', '1826', '1', '440', 'Email EPFL', '2014'),
('1977', 'Membre du conseil', 'NA', '1827', '1', '440', 'Email EPFL', '2014'),
('1978', 'Chaire du conseil scientifique', 'NA', '1828', '1', '440', 'Email EPFL', '2014'),
('1979', 'Adjunct Professor (finished Aug 2014)', 'NA', '1829', '1', '441', 'Email EPFL', '2014'),
('1980', 'Board Member', 'NA', '1830', '1', '441', 'Email EPFL', '2014'),
('1981', 'Board Member', 'NA', '1831', '1', '441', 'Email EPFL', '2014'),
('1982', 'Board Member', 'NA', '1832', '1', '441', 'Email EPFL', '2014'),
('1983', 'Member (no longer active)', 'NA', '1833', '0', '441', 'Email EPFL', '2014'),
('1984', 'Board Member', 'NA', '1834', '1', '441', 'Email EPFL', '2014'),
('1985', 'Board of Governors', 'NA', '1835', '1', '441', 'Email EPFL', '2014'),
('1986', 'Comité d''expertise "Ambizione"', 'NA', '1583', '1', '442', 'Email EPFL', '2014'),
('1987', 'Founder, pas de rôle exécutif', 'NA', '1836', '1', '443', 'Email EPFL', '2014'),
('1988', 'Consulting', 'NA', '1837', '1', '443', 'Email EPFL', '2014'),
('1989', 'Consulting', 'NA', '1838', '0', '443', 'Email EPFL / Selbstdeklaration', '2014 / Jan 2016'),
('1990', 'Diverses commissions du SNF', 'NA', '1839', '1', '444', 'Email EPFL', '2014'),
('1991', 'Conseil Suisse de la Science et de l''Innovation', 'NA', '1840', '1', '444', 'Email EPFL', '2014'),
('1992', 'Conseil scientifique', 'NA', '1841', '1', '444', 'Email EPFL', '2014'),
('1993', 'Scientific Advisory Board Clinical Research Department', 'NA', '1842', '1', '444', 'Email EPFL', '2014'),
('1994', 'EMBO YIP (Young Investigator Program) committee', 'NA', '1843', '1', '444', 'Email EPFL', '2014'),
('1995', 'Scientific Advisory Board', 'NA', '1844', '1', '444', 'Email EPFL', '2014'),
('1996', 'Conseil de fondation et Conseil Scientifique de la Fondation Jeantet', 'NA', '1845', '1', '444', 'Email EPFL', '2014'),
('1997', 'Droits d''auteur', 'NA', '1846', '1', '445', 'Email EPFL', '2014'),
('1998', 'Droits d''auteur', 'NA', '1847', '1', '445', 'Email EPFL', '2014'),
('1999', 'Expertise', 'NA', '1848', '1', '445', 'Email EPFL', '2014'),
('2000', 'President du Conseil National de la Recherche', 'NA', '1849', '1', '446', 'Email EPFL', '2014'),
('2001', 'Occasional advisor', 'NA', '1850', '1', '446', 'Email EPFL', '2014'),
('2002', 'Membre du conseil d''administration (jusqu''à Juin 2014, puis occasional advisor)', 'NA', '1851', '1', '446', 'Email EPFL', '2014'),
('2003', 'Prof. ordinaire part-time', 'NA', '1852', '1', '447', 'Email EPFL', '2014'),
('2004', 'Partenaire associée', 'NA', '1853', '1', '447', 'Email EPFL', '2014'),
('2005', 'Membre comité scientifique', 'NA', '1854', '1', '447', 'Email EPFL', '2014'),
('2006', 'Membre comité scientifique', 'NA', '1855', '1', '447', 'Email EPFL', '2014'),
('2007', 'Membre comité scientifique', 'NA', '1856', '1', '447', 'Email EPFL', '2014'),
('2008', 'CEO et Administrateur', 'NA', '1857', '1', '448', 'Email EPFL', '2014'),
('2009', 'Conseil informatique (non-payé)', 'NA', '1858', '1', '449', 'Email EPFL', '2014'),
('2010', 'Conseil informatique', 'NA', '1859', '1', '449', 'Email EPFL', '2014'),
('2011', 'Parlement vaudois, mission de stabilité', 'NA', '1860', '1', '450', 'Email EPFL', '2014'),
('2012', 'Berater', 'NA', '1861', '1', '451', 'Email EPFL', '2014'),
('2013', 'Co-Editor', 'NA', '1862', '1', '451', 'Email EPFL', '2014'),
('2014', 'Advisory Board Forschungsstelle Nachhaltige Energie-und Wasserversorgung', 'NA', '1863', '1', '451', 'Email EPFL', '2014'),
('2015', 'Externer Reviewer', 'NA', '1864', '1', '451', 'Email EPFL', '2014'),
('2016', 'Reviewer Marie-Curie ITN (10 days)', 'NA', '1865', '1', '452', 'Email EPFL', '2014'),
('2017', 'Reviewer MATENG (9.5 days)', 'NA', '1866', '1', '452', 'Email EPFL', '2014'),
('2018', 'Survey on sustainability (1 day)', 'NA', '1867', '1', '452', 'Email EPFL', '2014'),
('2019', 'Editor in chief, Tunnelling and Underground Space Technology, while on leave', 'NA', '1868', '0', '453', 'Email EPFL / Selbstdeklaration', '2014 / 2016'),
('2020', 'Independent director (non-executive), while on leave', 'NA', '1869', '0', '453', 'Email EPFL / Selbstdeklaration', '2014 / 2016'),
('2021', 'Professor of Geomechanics (full-time), while on leave', 'NA', '1870', '0', '453', 'Email EPFL / Selbstdeklaration', '2014 / 2016'),
('2022', 'Editorial board member', 'NA', '1871', '1', '454', 'Email EPFL', '2014'),
('2023', 'Editorial board member', 'NA', '1872', '1', '454', 'Email EPFL', '2014'),
('2024', 'Consultant', 'NA', '28', '1', '454', 'Email EPFL', '2014'),
('2025', 'Editorial board member', 'NA', '1873', '1', '454', 'Email EPFL', '2014'),
('2026', 'Editorial board member', 'NA', '1874', '1', '454', 'Email EPFL', '2014'),
('2027', 'Committee member', 'NA', '1875', '0', '454', 'Email EPFL / Mail Prof', '2014'),
('2028', 'Committee member Labex SynOrg', 'NA', '1876', '1', '454', 'Email EPFL', '2014'),
('2029', 'Scientific Advisory Board Member', 'NA', '1877', '1', '454', 'Email EPFL', '2014'),
('2030', 'Cours en science de l''environnement', 'NA', '1878', '1', '455', 'Email EPFL', '2014'),
('2031', 'Membre du conseil', 'NA', '1879', '1', '455', 'Email EPFL', '2014'),
('2032', 'Advisory Board', 'NA', '1880', '1', '456', 'Email EPFL', '2014'),
('2033', 'Advisory Board', 'NA', '1881', '1', '456', 'Email EPFL', '2014'),
('2034', 'Chief Scientist', 'NA', '1882', '0', '456', 'Selbstdeklaration', 'Jan 2016'),
('2035', 'Advisory Board', 'NA', '1883', '1', '456', 'Email EPFL', '2014'),
('2036', 'Vorstand', 'NA', '1884', '0', '457', 'Brief 20.10.2015', '2013'),
('2037', 'Anwalt', 'NA', '380', '0', '457', 'Brief 20.10.2015', '2013'),
('2038', 'Rechtsberater', 'NA', '380', '1', '458', 'Brief 20.10.2015', '2013'),
('2039', 'Präsidentin', 'NA', '1885', '0', '459', 'Selbstdeklaration', 'Jan 2016'),
('2040', 'Justizrat', 'NA', '1886', '1', '460', 'Brief 20.10.2015', '2013'),
('2041', 'Ersatzmitglied für das Obergericht', 'NA', '349', '1', '461', 'Brief 20.10.2015', '2013'),
('2042', 'Schiedsrichter', 'NA', '1887', '1', '462', 'Selbstdeklaration', 'Januar 2016'),
('2043', 'Gutachter', 'NA', '380', '1', '462', 'Selbstdeklaration', 'Jan 2016'),
('2044', 'Rechtsberater', 'NA', '380', '1', '461', 'Brief 20.10.2015', '2013'),
('2045', 'Rechtsberater', 'NA', '380', '1', '463', 'Brief 20.10.2015', '2013'),
('2046', 'Rechtsberater', 'NA', '380', '1', '464', 'Brief 20.10.2015', '2013'),
('2047', 'Verwaltungsrat', 'NA', '1888', '0', '465', 'Brief 20.10.2015', '2013'),
('2048', 'Leitung des regionalen Schuldienstes des Heilpädagogischen Instituts', 'NA', '1889', '1', '466', 'Brief 20.10.2015', '2013'),
('2049', 'Mitglied der Fachkommission & Jurymitglied', 'NA', '229', '1', '467', 'Brief 20.10.2015', '2013'),
('2050', 'Jurypräsident', 'NA', '1890', '1', '467', 'Brief 20.10.2015', '2013'),
('2051', 'Wissenschaftlicher Beriat des Zentrums für Psychotherapie', 'NA', '27', '1', '468', 'Brief 20.10.2015', '2013'),
('2052', 'Betreuung von Studenten und Doktoranden', 'NA', '27', '1', '469', 'Brief 20.10.2015', '2013'),
('2053', 'Neurologe', 'NA', '1891', '1', '470', 'Brief 20.10.2015', '2013'),
('2054', 'Präsident', 'NA', '1892', '1', '471', 'Brief 20.10.2015', '2013'),
('2055', 'Verwaltungsratspräsident', 'NA', '1893', '1', '472', 'Brief 20.10.2015', '2013'),
('2056', 'Verwaltungsratspräsident', 'NA', '1894', '1', '472', 'Brief 20.10.2015', '2013'),
('2057', 'Stiftungsrat', 'NA', '1895', '1', '473', 'Brief 20.10.2015', '2013'),
('2058', 'Analyse von Spektren für dritte', 'NA', '1896', '1', '474', 'Brief 20.10.2015', '2013'),
('2059', 'Oberassistentin an der Abteilung für Endokrinologie und Diabetologie', 'NA', '1897', '1', '475', 'Brief 20.10.2015', '2013'),
('2060', 'Forschungsrat der Abteilung Biologie und Medizin', 'NA', '1898', '1', '476', 'Brief 20.10.2015', '2013'),
('2061', 'Mitglied der Wissenschaftlichen Kommission', 'NA', '1899', '1', '477', 'Brief 20.10.2015', '2013'),
('2062', 'Verwaltungsratspräsident', 'NA', '1900', '1', '478', 'Brief 20.10.2015', '2013'),
('2063', 'Mitglied', 'NA', '1901', '1', '479', 'Brief 20.10.2015', '2013'),
('2064', 'Verwaltungsrat', 'NA', '1902', '1', '480', 'Brief 20.10.2015', '2013'),
('2065', 'Geschäftsführer', 'NA', '1903', '1', '480', 'Brief 20.10.2015', '2013'),
('2066', 'Stiftungsrat', 'NA', '1904', '1', '480', 'Brief 20.10.2015', '2013'),
('2067', 'Aufsichtsrat', 'NA', '1905', '0', '481', 'Brief 20.10.2015', '2013'),
('2068', 'NA', 'NA', '1906', '1', '482', 'NA', 'NA'),
('2069', 'NA', 'NA', '1907', '1', '483', 'NA', 'NA'),
('2070', 'NA', 'NA', '1908', '1', '483', 'NA', 'NA'),
('2071', 'NA', 'NA', '1909', '1', '483', 'NA', 'NA'),
('2072', 'NA', 'NA', '1910', '1', '484', 'NA', 'NA'),
('2073', 'NA', 'NA', '1911', '1', '484', 'NA', 'NA'),
('2074', 'NA', 'NA', '1912', '1', '485', 'NA', 'NA'),
('2075', 'NA', 'NA', '1913', '1', '486', 'NA', 'NA'),
('2076', 'NA', 'NA', '1914', '1', '486', 'NA', 'NA'),
('2077', 'NA', 'NA', '1915', '1', '487', 'NA', 'NA'),
('2078', 'NA', 'NA', '1916', '1', '487', 'NA', 'NA'),
('2079', 'NA', 'NA', '1917', '1', '487', 'NA', 'NA'),
('2080', 'NA', 'NA', '1918', '1', '488', 'NA', 'NA'),
('2081', 'NA', 'NA', '1919', '1', '488', 'NA', 'NA'),
('2082', 'NA', 'NA', '1920', '0', '489', 'NA', 'NA'),
('2083', 'NA', 'NA', '1921', '1', '490', 'NA', 'NA'),
('2084', 'NA', 'NA', '1922', '1', '491', 'NA', 'NA'),
('2085', 'Mitglied des Dachstiftungsrates', 'unentgeltlich', '1923', '1', '492', 'NA', 'NA'),
('2086', 'NA', 'NA', '1924', '1', '493', 'NA', 'NA'),
('2087', 'Mitglied des Stiftungsrats und dessen Ausschuss', 'NA', '1925', '1', '494', 'Selbstdeklaration', 'Jan 2016'),
('2088', 'NA', 'NA', '1926', '1', '495', 'NA', 'NA'),
('2089', 'NA', 'NA', '1927', '1', '496', 'NA', 'NA'),
('2090', 'NA', 'NA', '1928', '1', '496', 'NA', 'NA'),
('2091', 'NA', 'NA', '1929', '1', '496', 'NA', 'NA'),
('2092', 'NA', 'NA', '385', '1', '497', 'NA', 'NA'),
('2093', 'NA', 'NA', '1930', '1', '497', 'NA', 'NA'),
('2094', 'NA', 'NA', '1931', '1', '497', 'NA', 'NA'),
('2095', 'NA', 'NA', '1932', '1', '497', 'NA', 'NA'),
('2096', 'NA', 'NA', '1933', '1', '497', 'NA', 'NA'),
('2097', 'NA', 'NA', '1934', '1', '497', 'NA', 'NA'),
('2098', 'NA', 'NA', '1935', '1', '498', 'NA', 'NA'),
('2099', 'NA', 'NA', '1936', '0', '499', 'Selbstdeklaration', 'Jan 2016'),
('2100', 'NA', 'NA', '1937', '1', '500', 'NA', 'NA'),
('2101', 'NA', 'NA', '1938', '1', '500', 'NA', 'NA'),
('2102', 'NA', 'NA', '1939', '1', '501', 'NA', 'NA'),
('2103', 'NA', 'NA', '1940', '1', '502', 'NA', 'NA'),
('2104', 'NA', 'NA', '1941', '1', '503', 'NA', 'NA'),
('2105', 'NA', 'NA', '1942', '1', '503', 'NA', 'NA'),
('2106', 'NA', 'NA', '1943', '1', '504', 'NA', 'NA'),
('2107', 'NA', 'NA', '1944', '1', '504', 'NA', 'NA'),
('2108', 'NA', 'NA', '1945', '1', '505', 'NA', 'NA'),
('2109', 'NA', 'NA', '1946', '1', '506', 'NA', 'NA'),
('2110', 'NA', 'NA', '1947', '1', '506', 'NA', 'NA'),
('2111', 'NA', 'NA', '1948', '1', '506', 'NA', 'NA'),
('2112', 'NA', 'NA', '1949', '1', '507', 'NA', 'NA'),
('2113', 'NA', 'NA', '1950', '1', '508', 'NA', 'NA'),
('2114', 'NA', 'NA', '1951', '1', '509', 'NA', 'NA'),
('2115', 'Präsidentin', 'NA', '1952', '1', '510', 'NA', 'NA'),
('2116', 'NA', 'NA', '583', '1', '511', 'NA', 'NA'),
('2117', 'NA', 'NA', '1953', '1', '512', 'NA', 'NA'),
('2118', 'NA', 'NA', '1954', '1', '513', 'NA', 'NA'),
('2119', 'NA', 'NA', '1955', '1', '513', 'NA', 'NA'),
('2120', 'NA', 'NA', '1956', '1', '514', 'NA', 'NA'),
('2121', 'NA', 'NA', '1957', '1', '514', 'NA', 'NA'),
('2122', 'NA', 'NA', '1958', '1', '515', 'NA', 'NA'),
('2123', 'NA', 'NA', '1959', '1', '516', 'NA', 'NA'),
('2124', 'NA', 'NA', '1960', '1', '517', 'NA', 'NA'),
('2125', 'NA', 'NA', '1961', '1', '518', 'NA', 'NA'),
('2126', 'NA', 'NA', '1962', '1', '519', 'NA', 'NA'),
('2127', 'NA', 'NA', '1963', '1', '520', 'NA', 'NA'),
('2128', 'NA', 'NA', '1964', '1', '520', 'NA', 'NA'),
('2129', 'NA', 'NA', '1965', '1', '521', 'NA', 'NA'),
('2130', 'NA', 'NA', '1966', '1', '521', 'NA', 'NA'),
('2131', 'NA', 'NA', '1967', '1', '521', 'NA', 'NA'),
('2132', 'NA', 'NA', '1968', '1', '522', 'NA', 'NA'),
('2133', 'NA', 'NA', '1969', '1', '522', 'NA', 'NA'),
('2134', 'NA', 'NA', '1970', '1', '523', 'NA', 'NA'),
('2135', 'NA', 'NA', '1971', '1', '523', 'NA', 'NA'),
('2136', 'NA', 'NA', '1972', '1', '523', 'NA', 'NA'),
('2137', 'NA', 'NA', '1973', '1', '524', 'NA', 'NA'),
('2138', 'NA', 'NA', '1974', '1', '525', 'NA', 'NA'),
('2139', 'NA', 'NA', '1975', '1', '525', 'NA', 'NA'),
('2140', 'NA', 'NA', '1919', '1', '525', 'NA', 'NA'),
('2141', 'NA', 'NA', '1976', '1', '525', 'NA', 'NA'),
('2142', 'Vizepräsident des Verwaltungsrates', 'NA', '1977', '1', '526', 'NA', 'NA'),
('2143', 'NA', 'NA', '1978', '1', '527', 'NA', 'NA'),
('2144', 'NA', 'NA', '1957', '1', '528', 'NA', 'NA'),
('2145', 'NA', 'NA', '1979', '1', '529', 'NA', 'NA'),
('2146', 'NA', 'NA', '1980', '1', '529', 'NA', 'NA'),
('2147', 'NA', 'NA', '1981', '1', '529', 'NA', 'NA'),
('2148', 'NA', 'NA', '1982', '1', '530', 'NA', 'NA'),
('2149', 'NA', 'NA', '1983', '1', '531', 'NA', 'NA'),
('2150', 'NA', 'NA', '1984', '1', '532', 'NA', 'NA'),
('2151', 'NA', 'NA', '1985', '1', '533', 'NA', 'NA'),
('2152', 'NA', 'NA', '1952', '1', '534', 'NA', 'NA'),
('2153', 'NA', 'NA', '1986', '1', '534', 'NA', 'NA'),
('2154', 'NA', 'NA', '1987', '1', '534', 'NA', 'NA'),
('2155', 'NA', 'NA', '1988', '1', '535', 'NA', 'NA'),
('2156', 'NA', 'NA', '1989', '1', '536', 'NA', 'NA'),
('2157', 'NA', 'NA', '1990', '1', '537', 'NA', 'NA'),
('2158', 'NA', 'NA', '1991', '1', '537', 'NA', 'NA'),
('2159', 'NA', 'NA', '1992', '1', '537', 'NA', 'NA'),
('2160', 'NA', 'NA', '1993', '0', '538', 'NA', 'NA'),
('2161', 'NA', 'NA', '1994', '1', '539', 'NA', 'NA'),
('2162', 'NA', 'NA', '1995', '1', '539', 'NA', 'NA'),
('2163', 'NA', 'NA', '1996', '1', '540', 'NA', 'NA'),
('2164', 'NA', 'NA', '1997', '1', '540', 'NA', 'NA'),
('2165', 'NA', 'NA', '1998', '1', '540', 'NA', 'NA'),
('2166', 'NA', 'NA', '1931', '1', '540', 'NA', 'NA'),
('2167', 'NA', 'NA', '1999', '1', '540', 'NA', 'NA'),
('2168', 'NA', 'NA', '2000', '1', '540', 'NA', 'NA'),
('2169', 'NA', 'NA', '2001', '1', '540', 'NA', 'NA'),
('2170', 'NA', 'NA', '2002', '1', '540', 'NA', 'NA'),
('2171', 'NA', 'NA', '1238', '1', '540', 'NA', 'NA'),
('2172', 'NA', 'NA', '2003', '1', '540', 'NA', 'NA'),
('2173', 'NA', 'NA', '2004', '1', '540', 'NA', 'NA'),
('2174', 'NA', 'NA', '1964', '1', '541', 'NA', 'NA'),
('2175', 'NA', 'NA', '2005', '1', '541', 'NA', 'NA'),
('2176', 'NA', 'NA', '2006', '1', '542', 'NA', 'NA'),
('2177', 'NA', 'NA', '2007', '1', '543', 'NA', 'NA'),
('2178', 'NA', 'NA', '2008', '1', '544', 'NA', 'NA'),
('2179', 'NA', 'NA', '2009', '1', '545', 'NA', 'NA'),
('2180', 'NA', 'NA', '2010', '1', '546', 'NA', 'NA'),
('2181', 'NA', 'NA', '2011', '1', '547', 'NA', 'NA'),
('2182', 'NA', 'NA', '2012', '1', '547', 'NA', 'NA'),
('2183', 'NA', 'NA', '2013', '1', '548', 'NA', 'NA'),
('2184', 'NA', 'NA', '2014', '1', '549', 'NA', 'NA'),
('2185', 'NA', 'NA', '2013', '1', '550', 'NA', 'NA'),
('2186', 'NA', 'NA', '2015', '1', '550', 'NA', 'NA'),
('2187', 'NA', 'NA', '2016', '1', '550', 'NA', 'NA'),
('2188', 'NA', 'NA', '2017', '1', '551', 'NA', 'NA'),
('2189', 'NA', 'NA', '1957', '1', '552', 'NA', 'NA'),
('2190', 'NA', 'NA', '2018', '1', '552', 'NA', 'NA'),
('2191', 'NA', 'NA', '2019', '1', '552', 'NA', 'NA'),
('2192', 'NA', 'NA', '2020', '1', '552', 'NA', 'NA'),
('2193', 'NA', 'NA', '2021', '1', '552', 'NA', 'NA'),
('2194', 'NA', 'NA', '2022', '1', '552', 'NA', 'NA'),
('2195', 'NA', 'NA', '2023', '1', '553', 'NA', 'NA'),
('2196', 'NA', 'NA', '2024', '1', '554', 'NA', 'NA'),
('2197', 'NA', 'NA', '2025', '1', '554', 'NA', 'NA'),
('2198', 'NA', 'NA', '2026', '1', '555', 'NA', 'NA'),
('2199', 'NA', 'NA', '2027', '1', '556', 'NA', 'NA'),
('2200', 'NA', 'NA', '2028', '1', '557', 'NA', 'NA'),
('2201', 'NA', 'NA', '2029', '1', '557', 'NA', 'NA'),
('2202', 'NA', 'NA', '1931', '1', '557', 'NA', 'NA'),
('2203', 'NA', 'NA', '2030', '1', '557', 'NA', 'NA'),
('2204', 'NA', 'NA', '2031', '1', '557', 'NA', 'NA'),
('2205', 'NA', 'NA', '2032', '1', '557', 'NA', 'NA'),
('2206', 'NA', 'NA', '2033', '1', '557', 'NA', 'NA'),
('2207', 'NA', 'NA', '2034', '1', '557', 'NA', 'NA'),
('2208', 'NA', 'NA', '584', '1', '557', 'NA', 'NA'),
('2209', 'NA', 'NA', '1909', '1', '557', 'NA', 'NA'),
('2210', 'NA', 'NA', '2035', '1', '557', 'NA', 'NA'),
('2211', 'NA', 'NA', '2036', '1', '558', 'NA', 'NA'),
('2212', 'NA', 'NA', '2037', '1', '559', 'NA', 'NA'),
('2213', 'NA', 'NA', '2038', '1', '560', 'NA', 'NA'),
('2214', 'Board Member', 'NA', '1932', '1', '561', 'Selbstdeklaration', 'Jan 2016'),
('2215', 'President', 'NA', '2039', '1', '561', 'Selbstdeklaration', 'Jan 2016'),
('2216', 'Aufsichtsrat', 'NA', '2040', '1', '562', 'Selbstdeklaration', 'Februar 2016'),
('2217', 'Verwaltungsrat', 'NA', '2041', '1', '562', 'Selbstdeklaration', 'Februar 2016'),
('2218', 'NA', 'NA', '2042', '1', '563', 'NA', 'NA'),
('2219', 'NA', 'NA', '2043', '1', '564', 'NA', 'NA'),
('2220', 'NA', 'NA', '2044', '1', '564', 'NA', 'NA'),
('2221', 'NA', 'NA', '2045', '1', '564', 'NA', 'NA'),
('2222', 'NA', 'NA', '2046', '1', '565', 'NA', 'NA'),
('2223', 'NA', 'NA', '2047', '0', '566', 'NA', 'NA'),
('2224', 'Lehrauftrag "Enterprise Architecture"', 'NA', '2048', '1', '567', 'Website Alexandria', '28.10.2015'),
('2225', 'Beratung und Veranstaltungen im Bereich Enterprise Architecture Management', 'NA', '2049', '1', '567', 'Website Alexandria', '28.10.2015'),
('2226', 'Verwaltungsrat', 'NA', '2050', '1', '568', 'Website Alexandria', '28.10.2015'),
('2227', 'Verwaltungsrat', 'NA', '2051', '1', '568', 'Website Alexandria', '28.10.2015'),
('2228', 'Verwaltungsratspräsident', 'NA', '2052', '1', '568', 'Website Alexandria', '28.10.2015'),
('2229', 'Mitglied', 'NA', '2053', '1', '569', 'Website Alexandria', '28.10.2015'),
('2230', 'Verwaltungsratspräsident und Gründer', 'NA', '2054', '1', '569', 'Website Alexandria', '28.10.2015'),
('2231', 'Wissenschaftliche Beirätin', 'NA', '2055', '1', '570', 'Website Alexandria', '28.10.2015'),
('2232', 'Gutachterin', 'NA', '2056', '1', '570', 'Website Alexandria', '28.10.2015'),
('2233', 'Beirätin, Beratung', 'NA', '2057', '0', '570', 'Website Alexandria', '28.10.2015'),
('2234', 'Beirätin', 'NA', '2058', '1', '570', 'Website Alexandria', '28.10.2015'),
('2235', 'Verwaltungsrat', 'NA', '2059', '1', '571', 'Website Alexandria', '28.10.2015'),
('2236', 'Verwaltungsrat', 'NA', '2060', '1', '571', 'Website Alexandria', '28.10.2015'),
('2237', 'Verwaltungsrat', 'NA', '2061', '1', '571', 'Website Alexandria', '28.10.2015'),
('2238', 'Verwaltungsratspräsident', 'NA', '2062', '1', '572', 'Website Alexandria', '28.10.2015'),
('2239', 'Verwaltungsratspräsident', 'NA', '17', '1', '572', 'Website Alexandria', '28.10.2015'),
('2240', 'Verwaltungsratspräsident', 'NA', '2063', '1', '573', 'Website Alexandria', '28.10.2015'),
('2241', 'Mitglied im Fachbeirat', 'NA', '2064', '1', '573', 'Website Alexandria', '28.10.2015'),
('2242', 'Ständiger Mitarbeiter', 'NA', '2065', '1', '573', 'Website Alexandria', '28.10.2015'),
('2243', 'Partner', 'NA', '2066', '1', '574', 'Website Alexandria', '28.10.2015'),
('2244', 'Verwaltungsratsvizepräsident', 'NA', '2067', '1', '157', 'Website Alexandria', '28.10.2015'),
('2245', 'Präsident', 'NA', '2068', '1', '157', 'Website Alexandria', '28.10.2015'),
('2246', 'Beratungstätigkeit', 'NA', '2069', '0', '575', 'Website Alexandria / Selbstdeklaration', '28.10.2015 / Jan 2016'),
('2247', 'Informatik-Lenkungsausschuss', 'NA', '2070', '1', '575', 'Website Alexandria', '28.10.2015'),
('2248', 'Verwaltungsratspräsident', 'NA', '2071', '1', '575', 'Website Alexandria', '28.10.2015'),
('2249', 'Consultant for Financial Literacy', 'NA', '1676', '1', '576', 'Website Alexandria', '28.10.2015'),
('2250', 'Consultant for Financial Literacy', 'NA', '2072', '1', '576', 'Website Alexandria', '28.10.2015'),
('2251', 'Background Note on the "Impact of Banking Crises on Households in Emerging Europe" for World Development Report 2014', 'NA', '2073', '0', '576', 'Website Alexandria / Selbstdeklaration ', 'Jan 2016'),
('2252', 'Diverse Gutachten', 'NA', '2074', '1', '576', 'Website Alexandria / Selbstdeklaration', '28.10.2015 / Jan 2016'),
('2253', 'Member of Technical Assistance Committee', 'NA', '2075', '0', '576', 'Website Alexandria / Selbstdeklaration', '28.10.2015 / Jan 2016'),
('2254', 'Diverse kleinere Tätigkeiten', 'NA', '2076', '0', '576', 'Website Alexandria / Selbstdeklaration', 'Jan 2016'),
('2255', 'Diverse kleinere Tätigkeiten', 'NA', '2077', '0', '576', 'Website Alexandria / Selbstdeklaration', 'Jan 2016'),
('2256', 'Verwaltungsratspräsidentin und Gründerin', 'NA', '2078', '1', '577', 'Website Alexandria', '28.10.2015'),
('2257', 'Mitglied des Fachrates', 'NA', '2079', '1', '577', 'Website Alexandria', '28.10.2015'),
('2258', 'Mitglied des Vorstandes', 'NA', '2080', '1', '577', 'Website Alexandria', '28.10.2015'),
('2259', 'Mitglied des Vorstandes', 'NA', '2081', '1', '577', 'Website Alexandria', '28.10.2015'),
('2260', 'Vizepräsident', 'NA', '2082', '0', '578', 'Website Alexandria', '28.10.2015'),
('2261', 'Mitglied der Parlamentarischen Kommission zur Überprüfung und Sicherung der Parlamentsrechte bei der Mandatierung von Auslandseinsätzen der Bundeswehr', 'NA', '2083', '0', '579', 'Website Alexandria / Mail Prof', 'Jan 2016'),
('2262', 'Mitglied des Verwaltungsrates', 'NA', '2084', '0', '579', 'Website Alexandria / Mail Prof', 'Jan 2016'),
('2263', 'Partner', 'NA', '2085', '1', '580', 'Website Alexandria', '28.10.2015'),
('2264', 'Dozent', 'NA', '2086', '1', '581', 'Website Alexandria', '28.10.2015'),
('2265', 'Kommanditist', 'NA', '2087', '1', '582', 'Website Alexandria', '28.10.2015'),
('2266', 'Aufsichtsrat', 'NA', '2088', '1', '582', 'Website Alexandria', '28.10.2015'),
('2267', 'Beirat', 'NA', '2089', '1', '582', 'Website Alexandria', '28.10.2015'),
('2268', 'Berater', 'NA', '2090', '1', '582', 'Website Alexandria', '28.10.2015'),
('2269', 'Gründerin und Projektleiterin', 'NA', '2091', '1', '583', 'Website Alexandria', '28.10.2015'),
('2270', 'Mitgründerin', 'NA', '2092', '1', '583', 'Website Alexandria', '28.10.2015'),
('2271', 'Ersatzrichterin', 'NA', '2093', '1', '584', 'Website Alexandria', '28.10.2015'),
('2272', 'Richter', 'NA', '2094', '1', '585', 'Website Alexandria', '28.10.2015'),
('2273', 'Experte im Rahmen der Weiterentwicklung der schweizerischen Hochschul- und Bildungsgesetzgebung wie auch der Hochschulgesetzregelung', 'NA', '2095', '1', '585', 'Website Alexandria', '28.10.2015'),
('2274', 'Korrespondierendes Mitglied der philosophisch-historischen Klasse im Ausland', 'NA', '2096', '1', '585', 'Website Alexandria', '28.10.2015'),
('2275', 'Mitglied des Stiftungsrats', 'NA', '2097', '1', '585', 'Website Alexandria', '28.10.2015'),
('2276', 'Research Fellow', 'NA', '2098', '1', '586', 'Website Alexandria', '28.10.2015'),
('2277', 'Präsident', 'NA', '2099', '1', '587', 'Website Alexandria', '28.10.2015'),
('2278', 'Department of Economics', 'NA', '27', '1', '588', 'Website Alexandria', '28.10.2015'),
('2279', 'Verwaltungsrat', 'NA', '2100', '1', '589', 'Website Alexandria', '28.10.2015'),
('2280', 'National Representative Switzerland and Member of the Executive Committee', 'NA', '2101', '1', '590', 'Website Alexandria', '28.10.2015'),
('2281', 'Gründer und Leiter der Regionalgruppe Ostschweiz/Vorarlberg', 'NA', '2102', '1', '590', 'Website Alexandria', '28.10.2015'),
('2282', 'Co-Founder', 'NA', '2103', '1', '590', 'Website Alexandria', '28.10.2015'),
('2290', 'Vorsitz EG Wirtschaftsstatistik', 'NA', '2110', '1', '591', 'Website Alexandria', '28.10.2015'),
('2291', 'Mitglied des geschäftsleitenden Ausschusses', 'NA', '2111', '1', '591', 'Website Alexandria', '28.10.2015'),
('2292', 'Vorstandsmitglied', 'NA', '2112', '1', '591', 'Website Alexandria', '28.10.2015'),
('2293', 'Bankrat', 'NA', '2113', '1', '591', 'Website Alexandria', '28.10.2015'),
('2294', 'Verwaltungsratspräsident', 'NA', '2114', '1', '591', 'Website Alexandria', '28.10.2015'),
('2295', 'Mitglied der Programmkommission', 'NA', '403', '1', '591', 'Website Alexandria', '28.10.2015'),
('2296', 'Mitglied des VR', 'NA', '2115', '1', '591', 'Website Alexandria', '28.10.2015'),
('2297', 'Mitglied des Verwaltungsrates', 'NA', '2050', '1', '592', 'Website Alexandria', '28.10.2015'),
('2298', 'Mitglied des Verwaltungsrates', 'NA', '2116', '1', '592', 'Website Alexandria', '28.10.2015'),
('2299', 'Vorsitzender des Verwaltungsrates', 'NA', '2052', '1', '592', 'Website Alexandria', '28.10.2015'),
('2300', 'Verwaltungsrat', 'NA', '2117', '1', '593', 'Website Alexandria', '28.10.2015'),
('2301', 'Mitglied strategisches Advisory Board', 'NA', '2118', '1', '593', 'Website Alexandria', '28.10.2015'),
('2302', 'Dozent Qualitäts- und Prozessmanagement', 'NA', '2119', '1', '593', 'Website Alexandria', '28.10.2015'),
('2303', 'Dozent Qualitäts- und Prozessmanagement', 'NA', '2120', '1', '593', 'Website Alexandria', '28.10.2015'),
('2304', 'Dozent Qualitäts- und Prozessmanagement', 'NA', '2121', '1', '593', 'Website Alexandria', '28.10.2015'),
('2305', 'Lehrtätigkeit', 'NA', '2122', '1', '594', 'Website Alexandria', '28.10.2015'),
('2306', 'Lehrtätigkeit', 'NA', '2123', '1', '594', 'Website Alexandria', '28.10.2015'),
('2307', 'Vortragstätigkeit (einmalig)', 'NA', '2124', '1', '594', 'Website Alexandria', '28.10.2015'),
('2308', 'Fachexperte und Coach für Designer Startups', 'NA', '2125', '1', '595', 'Website Alexandria', '28.10.2015'),
('2309', 'Dozent', 'NA', '2126', '1', '595', 'Website Alexandria', '28.10.2015'),
('2310', 'Dozent', 'NA', '2127', '1', '595', 'Website Alexandria', '28.10.2015'),
('2311', 'International Advisory Board', 'NA', '2128', '1', '596', 'Website Alexandria', '28.10.2015'),
('2312', 'Gründer und Verwaltungsrat', 'NA', '2129', '1', '596', 'Website Alexandria', '28.10.2015'),
('2313', 'Gründer und Verwaltungsrat', 'NA', '2130', '1', '596', 'Website Alexandria', '28.10.2015'),
('2314', 'Gründer und Verwaltungsrat', 'NA', '2131', '1', '596', 'Website Alexandria', '28.10.2015'),
('2315', 'Miglied Forschungs- und Bildungskommission', 'NA', '2132', '1', '596', 'Website Alexandria', '28.10.2015'),
('2316', 'Gründer, Co-Director', 'NA', '2133', '1', '596', 'Website Alexandria', '28.10.2015'),
('2317', 'Verwaltungsrat', 'NA', '2134', '1', '596', 'Website Alexandria', '28.10.2015'),
('2318', 'Audit Expert Group', 'NA', '929', '1', '596', 'Website Alexandria', '28.10.2015'),
('2319', 'Verwaltungsrat', 'NA', '2135', '1', '596', 'Website Alexandria', '28.10.2015'),
('2320', 'Inhaber', 'NA', '2136', '1', '597', 'Website Alexandria', '28.10.2015'),
('2321', 'Gründer und Gesellschafter', 'NA', '2137', '0', '597', 'Website Alexandria', '28.10.2015'),
('2322', 'Gesellschafter', 'NA', '2138', '1', '597', 'Website Alexandria', '28.10.2015'),
('2323', 'Mitglied des Beirats', 'NA', '2139', '1', '597', 'Website Alexandria', '28.10.2015'),
('2324', 'Präsident', 'NA', '2140', '1', '597', 'Website Alexandria', '28.10.2015'),
('2325', 'Gutachter', 'NA', '2141', '1', '598', 'Website Alexandria', '28.10.2015'),
('2326', 'Titularprofessor für Rechtsgeschichte und Rechtsphilosophie', 'NA', '27', '1', '599', 'Website Alexandria', '28.10.2015'),
('2327', 'Präsident der Rechtsquellenstiftung', 'NA', '2142', '1', '599', 'Website Alexandria', '28.10.2015'),
('2328', 'Mitglied', 'NA', '2143', '1', '599', 'Website Alexandria', '28.10.2015'),
('2329', 'Vizepräsident', 'NA', '2144', '1', '599', 'Website Alexandria', '28.10.2015'),
('2330', 'Mitglied des Verwaltungsrats', 'NA', '2145', '1', '600', 'Website Alexandria', '28.10.2015'),
('2331', 'Co-Präsident', 'NA', '2146', '1', '600', 'Website Alexandria', '28.10.2015'),
('2332', 'Malmsten Visiting Professor, Department of Economics', 'NA', '2147', '1', '601', 'Website Alexandria', '28.10.2015'),
('2333', 'Dozent', 'NA', '2148', '0', '602', 'Website Alexandria', '28.10.2015'),
('2334', 'Lehrbeauftragter', 'NA', '2149', '0', '602', 'Website Alexandria', '28.10.2015'),
('2335', 'Lehrbeauftragter', 'NA', '2150', '0', '602', 'Website Alexandria', '28.10.2015'),
('2336', 'Mitglied des Beirats, Geschäftsberichte', 'NA', '2151', '0', '602', 'Website Alexandria', '28.10.2015'),
('2337', 'Mitglied des Vorstands', 'NA', '2152', '0', '602', 'Website Alexandria', '28.10.2015'),
('2338', 'Präsident', 'NA', '2153', '1', '603', 'Website Alexandria', '28.10.2015'),
('2339', 'Verwaltungsratsmitglied', 'NA', '2154', '1', '603', 'Website Alexandria', '28.10.2015'),
('2340', 'Founder, Chairman, and CTO', 'NA', '1193', '1', '604', 'Website Alexandria', '28.10.2015'),
('2341', 'Expert Committee', 'NA', '2155', '1', '604', 'Website Alexandria', '28.10.2015'),
('2342', 'Advisory Board', 'NA', '2156', '1', '604', 'Website Alexandria', '28.10.2015'),
('2343', 'Advisory Board', 'NA', '2157', '1', '604', 'Website Alexandria', '28.10.2015'),
('2344', 'Advisory Board', 'NA', '2158', '1', '604', 'Website Alexandria', '28.10.2015'),
('2345', 'Mitglied des Verwaltungsrats', 'NA', '2159', '1', '605', 'Website Alexandria', '28.10.2015'),
('2346', 'Geschäftsführer', 'NA', '2160', '1', '606', 'Website Alexandria', '28.10.2015'),
('2347', 'Vorstandsmitglied/Kassierer', 'NA', '2161', '1', '606', 'Website Alexandria', '28.10.2015'),
('2348', 'Mitglied des Innovationsbeirats', 'NA', '2162', '1', '606', 'Website Alexandria', '28.10.2015'),
('2349', 'Lehrstuhl für Strategisches und Internationales Management', 'NA', '2123', '1', '607', 'Website Alexandria', '28.10.2015'),
('2350', 'Chairman of the Board', 'NA', '2163', '1', '608', 'Website Alexandria / Selbstdeklaration', '28.10.2015 / Jan 2016'),
('2351', 'Member of the Board', 'NA', '2164', '1', '608', 'Website Alexandria', '28.10.2015'),
('2352', 'Gutachtertätigkeit', 'NA', '1896', '1', '608', 'Website Alexandria', '28.10.2015'),
('2353', 'Mitglied des Verwaltungsrats', 'NA', '2165', '1', '609', 'Website Alexandria', '28.10.2015'),
('2354', 'Mitglied des Verwaltungsrats', 'NA', '2166', '1', '609', 'Website Alexandria', '28.10.2015'),
('2355', 'Mitglied im Stiftungsrat', 'NA', '2167', '1', '610', 'Website Alexandria', '28.10.2015'),
('2356', 'Mitglied im Stiftungsrat', 'NA', '2168', '1', '610', 'Website Alexandria', '28.10.2015'),
('2357', 'Präsident der Fachkommission', 'NA', '2169', '1', '611', 'Website Alexandria', '28.10.2015'),
('2358', 'Mitglied der Oberaufsichtskommission Berufliche Vorsorge', 'NA', '2170', '1', '611', 'Website Alexandria', '28.10.2015'),
('2359', 'Mitglied des Verwaltungsrats', 'NA', '2171', '1', '611', 'Website Alexandria', '28.10.2015'),
('2360', 'Mitglied des Prüfungsausschusses', 'NA', '2172', '1', '611', 'Website Alexandria', '28.10.2015'),
('2361', 'Mitglied der Redaktionskommission', 'NA', '2173', '1', '611', 'Website Alexandria', '28.10.2015'),
('2362', 'Mitglied des Fachbeirats', 'NA', '2174', '1', '611', 'Website Alexandria', '28.10.2015'),
('2363', 'Beirat', 'NA', '2175', '1', '612', 'Website Alexandria', '28.10.2015'),
('2364', 'Professor', 'NA', '2176', '1', '612', 'Website Alexandria', '28.10.2015'),
('2365', 'Diverse gutachterliche und beratende Tätigkeiten', 'NA', '2177', '0', '612', 'Website Alexandria / Selbstdeklaration', '28.10.2015 / Jan 2016'),
('2366', 'Diverse gutachterliche und beratende Tätigkeiten', 'NA', '2178', '0', '612', 'Website Alexandria / Selbstdeklaration', '28.10.2015 / Jan 2016'),
('2367', 'Diverse gutachterliche und beratende Tätigkeiten', 'NA', '2179', '0', '612', 'Website Alexandria / Selbstdeklaration', '28.10.2015  / Jan 2016'),
('2368', 'Diverse gutachterliche und beratende Tätigkeiten', 'NA', '2180', '0', '612', 'Website Alexandria / Selbstdeklaration', '28.10.2015 / Jan 2016'),
('2369', 'Dozent für Englische Sprache und Literatur', 'NA', '2181', '1', '613', 'Website Alexandria', '28.10.2015'),
('2370', 'Associate Partner', 'NA', '2182', '1', '614', 'Website Alexandria', '28.10.2015'),
('2371', 'Verwaltungsrat', 'NA', '2183', '1', '615', 'Website Alexandria', '28.10.2015'),
('2372', 'Verwaltungsrat', 'NA', '2184', '1', '615', 'Website Alexandria', '28.10.2015'),
('2373', 'Verwaltungsrat', 'NA', '2185', '1', '615', 'Website Alexandria', '28.10.2015'),
('2374', 'Mitglied des Geschäftsführenden Ausschusses', 'NA', '2186', '1', '616', 'Website Alexandria', '28.10.2015'),
('2375', 'Mitherausgeber der Zeitschrift "Board - Zeitschrift für Aufsichtsräte"', 'NA', '2187', '1', '616', 'Website Alexandria', '28.10.2015'),
('2376', 'Mitglied im Forschungsnetzwerk', 'NA', '2188', '1', '616', 'Website Alexandria', '28.10.2015'),
('2377', 'Mitherausgeber der Zeitschrift "Controlling"', 'NA', '2189', '1', '616', 'Website Alexandria', '28.10.2015'),
('2378', 'Gesellschafter', 'NA', '2190', '1', '616', 'Website Alexandria', '28.10.2015'),
('2379', 'Redner, Berater', 'NA', '380', '1', '617', 'Website Alexandria', '28.10.2015'),
('2380', 'Verwaltungsrat', 'NA', '2191', '1', '618', 'Website Alexandria', '28.10.2015'),
('2381', 'Geschäftsführer', 'NA', '2192', '1', '618', 'Website Alexandria', '28.10.2015'),
('2382', 'Fachbeirat', 'NA', '2193', '1', '618', 'Website Alexandria', '28.10.2015'),
('2383', 'Board Member', 'NA', '2194', '1', '619', 'Website Alexandria', '28.10.2015'),
('2384', 'Board Member', 'NA', '2195', '1', '619', 'Website Alexandria', '28.10.2015'),
('2385', 'Founder & Partner', 'NA', '2196', '1', '619', 'Website Alexandria', '28.10.2015'),
('2386', 'Aufsichtsratsvorsitzender', 'NA', '2197', '1', '620', 'Website Alexandria', '28.10.2015'),
('2387', 'Verwaltungsratspräsident', 'NA', '2198', '1', '620', 'Website Alexandria', '28.10.2015'),
('2388', 'Verwaltungsratspräsident', 'NA', '2199', '1', '620', 'Website Alexandria', '28.10.2015'),
('2389', 'Geschäftsführender Gesellschafter', 'NA', '2200', '1', '620', 'Website Alexandria', '28.10.2015'),
('2390', 'Externer Moderator Projekt "Gründerhochschule Exist IV"', 'NA', '2201', '1', '620', 'Website Alexandria', '28.10.2015'),
('2391', 'Expertenjury Startfeld und Vorjury', 'NA', '2202', '1', '620', 'Website Alexandria', '28.10.2015'),
('2392', 'Präsidium', 'NA', '2203', '1', '620', 'Website Alexandria', '28.10.2015'),
('2393', 'Fachbeirat', 'NA', '2204', '1', '620', 'Website Alexandria', '28.10.2015'),
('2394', 'Beirat', 'NA', '2205', '1', '620', 'Website Alexandria', '28.10.2015'),
('2395', 'Verwaltungsratspräsident', 'NA', '2206', '1', '620', 'Website Alexandria', '28.10.2015'),
('2396', 'Seniorpartner', 'NA', '2207', '1', '621', 'Website Alexandria', '28.10.2015'),
('2397', 'Titularprofessor für Arbeitsrecht', 'NA', '582', '1', '621', 'Website Alexandria', '28.10.2015'),
('2398', 'Fluglehrer', 'NA', '2208', '1', '621', 'Website Alexandria', '28.10.2015'),
('2399', 'Verwaltungsratspräsident', 'NA', '2209', '1', '621', 'Website Alexandria', '28.10.2015'),
('2400', 'Verwaltungsratspräsident', 'NA', '2210', '1', '621', 'Website Alexandria', '28.10.2015'),
('2401', 'Verwaltungsratspräsident', 'NA', '2211', '1', '621', 'Website Alexandria', '28.10.2015'),
('2402', 'Verwaltungsratspräsident', 'NA', '2212', '1', '621', 'Website Alexandria', '28.10.2015'),
('2403', 'Verwaltungsratsvizepräsident', 'NA', '2213', '1', '621', 'Website Alexandria', '28.10.2015'),
('2404', 'Verwaltungsratsvizepräsident', 'NA', '2214', '1', '621', 'Website Alexandria', '28.10.2015'),
('2405', 'Verwaltungsratspitglied', 'NA', '2215', '1', '621', 'Website Alexandria', '28.10.2015'),
('2406', 'Verwaltungsratssekretär', 'NA', '2216', '1', '621', 'Website Alexandria', '28.10.2015'),
('2407', 'Mitglied des Stiftungsrates', 'NA', '2217', '1', '622', 'Website Alexandria', '28.10.2015'),
('2408', 'Mitglied der Leitung', 'NA', '2218', '1', '622', 'Website Alexandria', '28.10.2015'),
('2409', 'Mitglied der Vor-und Hauptjury', 'NA', '2219', '1', '622', 'Website Alexandria', '28.10.2015'),
('2410', 'Mitglied der Jury', 'NA', '2220', '1', '622', 'Website Alexandria', '28.10.2015'),
('2411', 'Mitglied des Vorstandes', 'NA', '2221', '1', '622', 'Website Alexandria', '28.10.2015'),
('2412', 'Mitglied im Herausgeberbeirat', 'NA', '2222', '1', '622', 'Website Alexandria', '28.10.2015'),
('2413', 'Mitglied im Herausgeberbeirat', 'NA', '2223', '1', '622', 'Website Alexandria', '28.10.2015'),
('2414', 'Herausgeber', 'NA', '2224', '1', '622', 'Website Alexandria', '28.10.2015'),
('2415', 'Mitglied des Aufsichtsrats', 'NA', '2225', '1', '622', 'Website Alexandria', '28.10.2015'),
('2416', 'Mitglied des Verwaltungsrats', 'NA', '2226', '1', '622', 'Website Alexandria', '28.10.2015'),
('2417', 'Mitglied im Stiftungsrat', 'NA', '2227', '1', '623', 'Website Alexandria', '28.10.2015'),
('2418', 'Verwaltungsratspräsident', 'NA', '2228', '1', '623', 'Website Alexandria', '28.10.2015'),
('2419', 'Konsulent', 'NA', '1142', '1', '624', 'Website Alexandria', '28.10.2015'),
('2420', 'Verwaltungsratspräsident', 'NA', '1143', '0', '624', 'Website Alexandria', '28.10.2015'),
('2421', 'Stiftungsrat', 'NA', '2229', '1', '624', 'Website Alexandria', '28.10.2015'),
('2422', 'Verwaltungsratspräsident', 'NA', '2230', '1', '625', 'Website Alexandria', '28.10.2015'),
('2423', 'Verwaltungsratspräsident', 'NA', '2231', '1', '625', 'Website Alexandria', '28.10.2015'),
('2424', 'Verwaltungsratspräsident', 'NA', '2232', '1', '625', 'Website Alexandria', '28.10.2015'),
('2425', 'Stiftungsrat', 'NA', '2233', '1', '625', 'Website Alexandria', '28.10.2015'),
('2426', 'Mitglied des Investment Committee', 'NA', '2234', '1', '625', 'Website Alexandria', '28.10.2015'),
('2427', 'Vorstand', 'NA', '2235', '1', '625', 'Website Alexandria', '28.10.2015'),
('2428', '«Pate» für Jungunternehmer', 'NA', '2236', '1', '625', 'Website Alexandria', '28.10.2015'),
('2429', 'Verwaltungsrat', 'NA', '2237', '1', '626', 'Website Alexandria', '28.10.2015'),
('2430', 'Verwaltungsrat', 'NA', '2238', '1', '626', 'Website Alexandria', '28.10.2015'),
('2431', 'Verwaltungsrat', 'NA', '2239', '1', '626', 'Website Alexandria', '28.10.2015'),
('2432', 'Verwaltungsratspräsident', 'NA', '2240', '1', '627', 'Website Alexandria', '28.10.2015'),
('2433', 'Professor', 'NA', '2241', '1', '628', 'Website Alexandria', '28.10.2015'),
('2434', 'Unternehmensberater', 'NA', '2242', '1', '629', 'Website Alexandria', '28.10.2015'),
('2435', 'Partner', 'NA', '2243', '1', '629', 'Website Alexandria', '28.10.2015'),
('2436', 'Stiftungsrat', 'NA', '2244', '1', '630', 'Website Alexandria', '28.10.2015'),
('2437', 'Verwaltungsratspräsident', 'NA', '2245', '1', '630', 'Website Alexandria', '28.10.2015'),
('2438', 'Präsident', 'NA', '2246', '1', '630', 'Website Alexandria', '28.10.2015'),
('2439', 'Ersatzrichter', 'NA', '2247', '1', '631', 'Website Alexandria', '28.10.2015'),
('2440', 'Mitglied Kommission für Planung und Gemeindeentwicklung', 'NA', '2248', '1', '631', 'Website Alexandria', '28.10.2015'),
('2441', 'Vorstandsmitglied', 'NA', '2249', '1', '631', 'Website Alexandria', '28.10.2015'),
('2442', 'Vorstandsmitglied', 'NA', '2250', '1', '631', 'Website Alexandria', '28.10.2015'),
('2443', 'Offizier Recht und Konventionen', 'NA', '2251', '1', '631', 'Website Alexandria', '28.10.2015'),
('2444', 'Ersatzmitglied der Rekurskommission', 'NA', '2252', '1', '631', 'Website Alexandria', '28.10.2015'),
('2445', 'Mitglied des Kuratoriums des Universitätspfarramts', 'NA', '2253', '1', '631', 'Website Alexandria', '28.10.2015'),
('2446', 'Vizepräsident des Stiftungsrats', 'NA', '2254', '1', '631', 'Website Alexandria', '28.10.2015'),
('2447', 'Vierzehner', 'NA', '2255', '1', '631', 'Website Alexandria', '28.10.2015'),
('2448', 'Präsident', 'NA', '2256', '1', '632', 'Website Alexandria', '28.10.2015'),
('2449', 'Beratungstätigkeiten für Mitglieder', 'NA', '2257', '1', '632', 'Website Alexandria', '28.10.2015'),
('2450', 'Forschungsrat Abteilung 1', 'NA', '1898', '1', '633', 'Website Alexandria', '28.10.2015'),
('2451', 'Präsident Verwaltungsrat', 'NA', '2258', '1', '634', 'Website Alexandria', '28.10.2015'),
('2452', 'Präsident Verwaltungsrat', 'NA', '2259', '1', '634', 'Website Alexandria', '28.10.2015'),
('2453', 'Mitglied Verwaltungsrat', 'NA', '2260', '1', '634', 'Website Alexandria', '28.10.2015'),
('2454', 'Mitglied Verwaltungsrat', 'NA', '2261', '1', '634', 'Website Alexandria', '28.10.2015'),
('2455', 'Mitglied Aufsichtsrat', 'NA', '2262', '1', '634', 'Website Alexandria', '28.10.2015'),
('2456', 'Fachlehrer für Wirtschaft & Recht', 'NA', '2263', '1', '635', 'Website Alexandria', '28.10.2015'),
('2457', 'Affiliated', 'NA', '2264', '0', '636', 'Website Alexandria / Selbstdeklaration', '28.10.2015 / Jan 2016'),
('2458', 'Mitglied des Universitätsrats', 'NA', '2265', '1', '637', 'Website Alexandria', '28.10.2015'),
('2459', 'Mitglied des Verwaltungsrats', 'NA', '2266', '1', '637', 'Website Alexandria', '28.10.2015'),
('2460', 'Vorstandsmitglied', 'NA', '2267', '1', '638', 'Website Alexandria', '28.10.2015'),
('2461', 'Mitglied des Verwaltungsrats', 'NA', '2268', '1', '638', 'Website Alexandria', '28.10.2015'),
('2462', 'Geschäftsführender Partner und Mitglied des Verwaltungsrates', 'NA', '2269', '1', '639', 'Website Alexandria', '28.10.2015'),
('2463', 'Vorsitzender des Beirats', 'NA', '2270', '1', '640', 'Website Alexandria', '28.10.2015'),
('2464', 'Mitglied des Beirats', 'NA', '2271', '1', '640', 'Website Alexandria', '28.10.2015'),
('2465', 'Honorary Research Fellow', 'NA', '2272', '1', '640', 'Website Alexandria', '28.10.2015'),
('2466', 'Oberstlt i Gst', 'NA', '2273', '0', '641', 'Website Alexandria', '28.10.2015'),
('2467', 'Rechtsanwältin', 'NA', '2274', '1', '642', 'Website Alexandria', '28.10.2015'),
('2468', 'Beiratsmitglied', 'NA', '2275', '1', '643', 'Website Alexandria', '28.10.2015'),
('2469', 'Stiftungsratmitglied', 'NA', '2276', '1', '643', 'Website Alexandria', '28.10.2015'),
('2470', 'Beiratsmitglied', 'NA', '2277', '1', '643', 'Website Alexandria', '28.10.2015'),
('2471', 'Beiratsmitglied', 'NA', '2278', '1', '643', 'Website Alexandria', '28.10.2015'),
('2472', 'Präsidentin', 'NA', '2279', '1', '643', 'Website Alexandria', '28.10.2015'),
('2473', 'Geschäftsführerin', 'NA', '2280', '1', '643', 'Website Alexandria', '28.10.2015'),
('2474', 'Mitglied des Executive Committee', 'NA', '2281', '1', '644', 'Website Alexandria', '28.10.2015'),
('2475', 'Mitglied des Editorial Advisory Boards', 'NA', '2282', '1', '644', 'Website Alexandria', '28.10.2015'),
('2476', 'Stiftungsrat', 'NA', '2283', '1', '644', 'Website Alexandria', '28.10.2015'),
('2477', 'Stiftungsrat', 'NA', '2284', '1', '644', 'Website Alexandria', '28.10.2015'),
('2478', 'Co-Editor-in-Chief', 'NA', '2285', '1', '644', 'Website Alexandria', '28.10.2015'),
('2479', 'Mitglied des Initiativkommitees', 'NA', '2286', '1', '644', 'Website Alexandria', '28.10.2015'),
('2480', 'Verwaltungsrat', 'NA', '2287', '1', '645', 'Website Alexandria', '28.10.2015'),
('2481', 'Verwaltungsrat', 'NA', '2288', '1', '645', 'Website Alexandria', '28.10.2015'),
('2482', 'Verwaltungsrat', 'NA', '2289', '1', '645', 'Website Alexandria', '28.10.2015'),
('2483', 'Mitglied des Beirats', 'NA', '2290', '1', '646', 'Website Alexandria', '28.10.2015'),
('2484', 'Membre du conseil d''administration', '', '2349', '1', '647', 'Activités accessoires 2014 Université de Genève', 'Ende 2014'),
('2485', 'Membre du Scientific Advisory Board', 'NA', '2688', '1', '648', 'Activités accessoires 2014 Université de Genève', 'Ende 2014'),
('2486', 'Membre du conseil d''administraiton', 'NA', '2689', '1', '649', 'Activités accessoires 2014 Université de Genève', 'Ende 2014'),
('2487', 'Président du comité d''audit et membre du conseil d''adminstration', 'NA', '2690', '1', '650', 'Activités accessoires 2014 Université de Genève', 'Ende 2014'),
('2488', 'Membre et Président du conseil', 'NA', '2691', '1', '650', 'Activités accessoires 2014 Université de Genève', 'Ende 2014'),
('2489', 'Membre du comité', 'NA', '2692', '1', '651', 'Activités accessoires 2014 Université de Genève', 'Ende 2014'),
('2490', 'Membre du comité', 'NA', '2693', '1', '651', 'Activités accessoires 2014 Université de Genève', 'Ende 2014'),
('2491', 'Direction scientifique', 'NA', '2694', '1', '652', 'Activités accessoires 2014 Université de Genève', 'Ende 2014'),
('2492', 'Direction scientifique', 'NA', '2695', '1', '652', 'Activités accessoires 2014 Université de Genève', 'Ende 2014'),
('2493', 'Conseil scientifique et orateur', 'NA', '910', '1', '653', 'Activités accessoires 2014 Université de Genève', 'Ende 2014'),
('2494', 'Membre du conseil d''administration', 'NA', '2685', '1', '654', 'Activités accessoires 2014 Université de Genève', 'Ende 2014'),
('2495', 'Membre du conseil', 'NA', '2696', '1', '655', 'Activités accessoires 2014 Université de Genève', 'Ende 2014'),
('2496', 'Membre du conseil scientifique', 'NA', '2697', '1', '655', 'Activités accessoires 2014 Université de Genève', 'Ende 2014'),
('2497', 'NA', 'NA', '2698', '1', '656', 'Activités accessoires déclarées en 2014 conformément ä la Directive 1.25 de l''Université de Lausanne ayant engendré un revenu accessoire supérieur à CHF 10''000.-', '2014'),
('2498', 'NA', 'NA', '2698', '1', '657', 'Activités accessoires déclarées en 2014 conformément ä la Directive 1.25 de l''Université de Lausanne ayant engendré un revenu accessoire supérieur à CHF 10''000.-
Activités accessoires déclarées en 2014 conformément ä la Directive 1.25 de l''Université de Lausanne ayant engendré un revenu accessoire supérieur à CHF 10''000.-', '2014'),
('2499', 'NA', 'NA', '2698', '1', '658', 'Activités accessoires déclarées en 2014 conformément ä la Directive 1.25 de l''Université de Lausanne ayant engendré un revenu accessoire supérieur à CHF 10''000.-', '2014'),
('2500', 'NA', 'NA', '2698', '1', '659', 'Activités accessoires déclarées en 2014 conformément ä la Directive 1.25 de l''Université de Lausanne ayant engendré un revenu accessoire supérieur à CHF 10''000.-', '2014'),
('2501', 'Mandat', 'NA', '2699', '1', '660', 'Activités accessoires déclarées en 2014 conformément ä la Directive 1.25 de l''Université de Lausanne ayant engendré un revenu accessoire supérieur à CHF 10''000.-', '2014'),
('2502', 'Mandat', 'NA', '2700', '1', '660', 'Activités accessoires déclarées en 2014 conformément ä la Directive 1.25 de l''Université de Lausanne ayant engendré un revenu accessoire supérieur à CHF 10''000.-', '2014'),
('2503', 'Mandat', 'NA', '2698', '1', '661', 'Activités accessoires déclarées en 2014 conformément ä la Directive 1.25 de l''Université de Lausanne ayant engendré un revenu accessoire supérieur à CHF 10''000.-', '2014'),
('2504', 'NA', 'NA', '2698', '1', '662', 'Activités accessoires déclarées en 2014 conformément ä la Directive 1.25 de l''Université de Lausanne ayant engendré un revenu accessoire supérieur à CHF 10''000.-', '2014'),
('2505', 'NA', 'NA', '2701', '1', '663', 'Activités accessoires déclarées en 2014 conformément ä la Directive 1.25 de l''Université de Lausanne ayant engendré un revenu accessoire supérieur à CHF 10''000.-', '2014'),
('2506', 'Conseil d''administration', 'NA', '2702', '1', '664', 'Activités accessoires déclarées en 2014 conformément ä la Directive 1.25 de l''Université de Lausanne ayant engendré un revenu accessoire supérieur à CHF 10''000.-', '2014'),
('2507', 'NA', 'NA', '2698', '1', '665', 'Activités accessoires déclarées en 2014 conformément ä la Directive 1.25 de l''Université de Lausanne ayant engendré un revenu accessoire supérieur à CHF 10''000.-', '2014'),
('2508', 'Mandat', 'NA', '2703', '1', '666', 'Activités accessoires déclarées en 2014 conformément ä la Directive 1.25 de l''Université de Lausanne ayant engendré un revenu accessoire supérieur à CHF 10''000.-', '2014'),
('2509', 'NA', 'NA', '2698', '1', '667', 'Activités accessoires déclarées en 2014 conformément ä la Directive 1.25 de l''Université de Lausanne ayant engendré un revenu accessoire supérieur à CHF 10''000.-', '2014'),
('2510', 'NA', 'NA', '2698', '1', '668', 'Activités accessoires déclarées en 2014 conformément ä la Directive 1.25 de l''Université de Lausanne ayant engendré un revenu accessoire supérieur à CHF 10''000.-', '2014'),
('2511', 'NA', 'NA', '2698', '1', '669', 'Activités accessoires déclarées en 2014 conformément ä la Directive 1.25 de l''Université de Lausanne ayant engendré un revenu accessoire supérieur à CHF 10''000.-', '2014'),
('2512', 'NA', 'NA', '2698', '1', '670', 'Activités accessoires déclarées en 2014 conformément ä la Directive 1.25 de l''Université de Lausanne ayant engendré un revenu accessoire supérieur à CHF 10''000.-', '2014'),
('2513', 'NA', 'NA', '2698', '1', '671', 'Activités accessoires déclarées en 2014 conformément ä la Directive 1.25 de l''Université de Lausanne ayant engendré un revenu accessoire supérieur à CHF 10''000.-', '2014'),
('2514', 'NA', 'NA', '2698', '1', '672', 'Activités accessoires déclarées en 2014 conformément ä la Directive 1.25 de l''Université de Lausanne ayant engendré un revenu accessoire supérieur à CHF 10''000.-', '2014'),
('2515', 'NA', 'NA', '2698', '1', '673', 'Activités accessoires déclarées en 2014 conformément ä la Directive 1.25 de l''Université de Lausanne ayant engendré un revenu accessoire supérieur à CHF 10''000.-', '2014'),
('2516', 'Mandat', 'NA', '2702', '1', '674', 'Activités accessoires déclarées en 2014 conformément ä la Directive 1.25 de l''Université de Lausanne ayant engendré un revenu accessoire supérieur à CHF 10''000.-', '2014'),
('2517', 'Mandat', 'NA', '2704', '1', '674', 'Activités accessoires déclarées en 2014 conformément ä la Directive 1.25 de l''Université de Lausanne ayant engendré un revenu accessoire supérieur à CHF 10''000.-', '2014'),
('2518', 'Mandat', 'NA', '2705', '1', '674', 'Activités accessoires déclarées en 2014 conformément ä la Directive 1.25 de l''Université de Lausanne ayant engendré un revenu accessoire supérieur à CHF 10''000.-', '2014'),
('2519', 'Mandat', 'NA', '397', '1', '675', 'Activités accessoires déclarées en 2014 conformément ä la Directive 1.25 de l''Université de Lausanne ayant engendré un revenu accessoire supérieur à CHF 10''000.-', '2014'),
('2520', 'Mandat', 'NA', '2706', '1', '676', 'Activités accessoires déclarées en 2014 conformément ä la Directive 1.25 de l''Université de Lausanne ayant engendré un revenu accessoire supérieur à CHF 10''000.-', '2014'),
('2521', 'Mandat', 'NA', '2707', '0', '677', 'Activités accessoires déclarées en 2014 conformément ä la Directive 1.25 de l''Université de Lausanne ayant engendré un revenu accessoire supérieur à CHF 10''000.-', '2016'),
('2522', 'NA', 'NA', '2698', '1', '678', 'Activités accessoires déclarées en 2014 conformément ä la Directive 1.25 de l''Université de Lausanne ayant engendré un revenu accessoire supérieur à CHF 10''000.-', '2014'),
('2523', 'Mandat', 'NA', '2708', '1', '679', 'Activités accessoires déclarées en 2014 conformément ä la Directive 1.25 de l''Université de Lausanne ayant engendré un revenu accessoire supérieur à CHF 10''000.-', '2014'),
('2524', 'Mandat', 'NA', '2709', '1', '680', 'Activités accessoires déclarées en 2014 conformément ä la Directive 1.25 de l''Université de Lausanne ayant engendré un revenu accessoire supérieur à CHF 10''000.-', '2014'),
('2525', 'Mandat', 'NA', '397', '1', '681', 'Activités accessoires déclarées en 2014 conformément ä la Directive 1.25 de l''Université de Lausanne ayant engendré un revenu accessoire supérieur à CHF 10''000.-', '2014'),
('2526', 'Mandat', 'NA', '2710', '1', '682', 'Activités accessoires déclarées en 2014 conformément ä la Directive 1.25 de l''Université de Lausanne ayant engendré un revenu accessoire supérieur à CHF 10''000.-', '2014'),
('2527', 'President', 'NA', '2711', '1', '683', 'Activités accessoires déclarées en 2014 conformément ä la Directive 1.25 de l''Université de Lausanne ayant engendré un revenu accessoire supérieur à CHF 10''000.-', '2014'),
('2528', 'Juge suppléant', 'NA', '2712', '1', '684', 'Activités accessoires déclarées en 2014 conformément ä la Directive 1.25 de l''Université de Lausanne ayant engendré un revenu accessoire supérieur à CHF 10''000.-', '2014'),
('2529', 'Mandat', 'NA', '2713', '1', '685', 'Activités accessoires déclarées en 2014 conformément ä la Directive 1.25 de l''Université de Lausanne ayant engendré un revenu accessoire supérieur à CHF 10''000.-', '2014'),
('2530', 'NA', 'NA', '2698', '1', '686', 'Activités accessoires déclarées en 2014 conformément ä la Directive 1.25 de l''Université de Lausanne ayant engendré un revenu accessoire supérieur à CHF 10''000.-', '2014'),
('2531', 'Mandat', '', '2714', '1', '687', 'Liste des activités annexes de l''Université de Neuchâtel', 'Nov 15'),
('2532', 'Député', '', '2715', '1', '688', 'Liste des activités annexes de l''Université de Neuchâtel', 'Nov 15'),
('2533', 'Vice-président', '', '2716', '1', '688', 'Liste des activités annexes de l''Université de Neuchâtel', 'Nov 15'),
('2534', 'Enseignement', '', '2717', '1', '689', 'Liste des activités annexes de l''Université de Neuchâtel', 'Nov 15'),
('2535', 'Conseil externe dans l''étude d''avocats', '', '2718', '1', '690', 'Liste des activités annexes de l''Université de Neuchâtel', '15.09.2013'),
('2536', 'Cours', '', '2719', '1', '691', 'Liste des activités annexes de l''Université de Neuchâtel', 'Nov 15'),
('2537', 'Prof invité', '', '2720', '1', '691', 'Liste des activités annexes de l''Université de NeuchâteL
', 'Nov 15'),
('2538', 'Conseil d’administration', '', '2710', '1', '691', 'Liste des activités annexes de l''Université de Neuchâtel', 'Nov 15'),
('2539', 'Conseil d’administration', '', '2721', '1', '691', 'Liste des activités annexes de l''Université de Neuchâtel', 'Nov 15'),
('2540', 'Président', '', '2722', '1', '692', 'Liste des activités annexes de l''Université de Neuchâtel', 'Nov 15'),
('2541', 'Membre du Comité suisse', '', '2723', '1', '692', 'Liste des activités annexes de l''Université de Neuchâtel', 'Nov 15'),
('2542', 'Membre', '', '2724', '1', '692', 'Liste des activités annexes de l''Université de Neuchâtel', 'Nov 15'),
('2543', 'Membre du Comité', '', '2725', '1', '692', 'Liste des activités annexes de l''Université de Neuchâtel', 'Nov 15'),
('2544', 'Enseignement', '', '2722', '1', '692', 'Liste des activités annexes de l''Université de Neuchâtel', 'Nov 15'),
('2545', 'Membre', '', '2726', '1', '693', 'Liste des activités annexes de l''Université de Neuchâtel', 'Nov 15'),
('2546', 'Membre du conseil scientifique', '', '2727', '1', '694', 'Liste des activités annexes de l''Université de Neuchâtel', 'Nov 15'),
('2547', 'Membre du conseil', '', '2728', '1', '694', 'Liste des activités annexes de l''Université de Neuchâtel', 'Nov 15'),
('2548', 'Membre du conseil scientifique', '', '2729', '1', '694', 'Liste des activités annexes de l''Université de Neuchâtel', 'Nov 15'),
('2549', 'Membre titulaire étranger', '', '2730', '1', '694', 'Liste des activités annexes de l''Université de Neuchâtel', 'Nov 15'),
('2550', 'Membre du Bureau exécutif', '', '2731', '1', '694', 'Liste des activités annexes de l''Université de Neuchâtel', 'Nov 15'),
('2551', 'Directeur scientifique', '', '2732', '1', '695', 'Liste des activités annexes de l''Université de Neuchâtel', 'Nov 15'),
('2552', 'Membre du conseil scientifique', '', '2733', '1', '695', 'Liste des activités annexes de l''Université de Neuchâtel', 'Nov 15'),
('2553', 'Co-directeur', '', '2734', '1', '695', 'Liste des activités annexes de l''Université de Neuchâtel', 'Nov 15'),
('2554', 'Enseignement', '', '2735', '1', '695', 'Liste des activités annexes de l''Université de Neuchâtel', 'Nov 15'),
('2555', 'NA', 'NA', '1606', '1', '504', 'Selbstangabe', 'Jan 2016'),
('2556', 'mandats privés (expertises, analyses) ', '', '2736', '0', '697', 'Mail UniNE', 'Jan 2016'),
('2557', 'Mitglied des Stiftungsrates', '', '997', '1', '467', 'Selbstangabe', 'Jan 16'),
('2558', 'Mitglied des Wissenschaftsrates ', '', '2737', '1', '467', 'Selbstangabe', 'Jan 16'),
('2559', 'Mitglied des Stiftungsrates', '', '2738', '1', '467', 'Selbstangabe', 'Jan 16'),
('2560', 'Mitglied des Stiftungsrates', 'unentgeltlich', '2739', '1', '492', 'Selbstangabe Prof
', 'Jan 2016'),
('2561', 'Chair of the Scientific Committee (from September 2016)', 'NA', '1739', '1', '395', 'Selbstangabe', 'Jan 16'),
('2562', 'Mitglied des Auswahlausschusses', 'NA', '2740', '1', '179', 'Selbstangabe Prof', 'Jan 2016'),
('2563', 'Sprecher des Forschugnsverbunds "Bilderfahrzeuge - Aby Warbug''s Legacy and the Future of Iconology"', '', '1170', '1', '179', 'Selbstangabe', 'Jan 16'),
('2564', 'NA', 'NA', '2013', '1', '514', 'Selbstangabe', 'Jan 2016'),
('2565', 'NA', 'NA', '2741', '1', '587', 'Selbstangabe', 'Jan 16'),
('2566', 'Verwaltungsrat', 'NA', '2742', '1', '147', 'Angabe Generalsekretariat', 'Jan 16'),
('2567', 'Director', '', '2743', '1', '147', 'Angabe Generalsekretariat', 'Januar 2016'),
('2568', 'Director', '', '2743', '1', '47', 'Angabe Generalsekretariat', 'Januar 2016'),
('2569', 'Verwaltungsrat', '', '2744', '1', '147', 'Angabe Generalsekretariat', 'Januar 2016'),
('2570', 'Verwaltungsrat', '', '2744', '1', '698', 'Angabe Generalsekretariat', 'Januar 2016'),
('2571', 'Verwaltungsrat', '', '2744', '1', '699', 'Angabe Generalsekretariat', 'Januar 2016'),
('2572', 'Stiftungsrat', '', '2745', '1', '700', 'Angabe Generalsekretariat', 'Januar 2016'),
('2573', 'Stiftungsrat', '', '2745', '1', '701', 'Angabe Generalsekretariat', 'Januar 2016'),
('2574', 'Vertreter der ETH im Leitorgan', '', '2746', '1', '702', 'Angabe Generalsekretariat', 'Januar 2016'),
('2575', 'NA', 'NA', '548', '1', '197', 'Angabe Generalsekretariat', 'Januar 2016'),
('2576', 'Vertreter in der Plenarversammlung und im Vorstand', '', '2747', '1', '47', 'Angabe Generalsekretariat', 'Januar 2016'),
('2577', 'NA', 'NA', '309', '1', '250', 'Angabe Generalsekretariat', 'Januar 2016'),
('2578', 'Vorstandsmitglied', 'NA', '2748', '1', '703', 'Angabe Generalsekretariat', 'Januar 2016'),
('2579', 'Vizepräsidentin', 'NA', '921', '1', '696', 'Angabe Generalsekretariat', 'Januar 2016'),
('2580', 'Stiftungsrat', 'NA', '921', '1', '704', 'Angabe Generalsekretariat', 'Januar 2016'),
('2581', 'Stiftungsrat', 'NA', '921', '1', '705', 'Angabe Generalsekretariat', 'Januar 2016'),
('2582', 'Präsidentin', 'NA', '804', '1', '696', 'Angabe Generalsekretariat', 'Januar 2016'),
('2583', 'Stiftungsrat', 'NA', '598', '1', '696', 'Angabe Generalsekretariat', 'Januar 2016'),
('2584', 'Stiftungsrat', 'NA', '916', '1', '696', 'Angabe Generalsekretariat', 'Januar 2016'),
('2585', 'Stiftungsrat', 'NA', '917', '1', '696', 'Angabe Generalsekretariat', 'Januar 2016'),
('2586', 'Stiftungsrat', 'NA', '918', '1', '696', 'Angabe Generalsekretariat', 'Januar 2016'),
('2587', 'Stiftungsrat', 'NA', '918', '1', '250', 'Angabe Generalsekretariat', 'Januar 2016'),
('2589', 'Stiftungsrat', 'NA', '918', '1', '147', 'Angabe Generalsekretariat', 'Januar 2016'),
('2590', 'Stiftungsrat', 'NA', '918', '1', '47', 'Angabe Generalsekretariat', 'Januar 2016'),
('2591', 'Präsdentin', 'NA', '919', '1', '696', 'Angabe Generalsekretariat', 'Januar 2016'),
('2592', 'NA', 'NA', '919', '1', '706', 'Angabe Generalsekretariat', 'Januar 2016'),
('2593', 'NA', 'NA', '919', '1', '707', 'Angabe Generalsekretariat', 'Januar 2016'),
('2594', 'Präsident', 'NA', '2749', '1', '708', 'Angabe Generalsekretariat', 'Januar 2016'),
('2595', 'Stiftungsrat', 'NA', '2749', '1', '709', 'Angabe Generalsekretariat', 'Januar 2016'),
('2596', 'Stiftungsrat', 'NA', '2749', '1', '710', 'Angabe Generalsekretariat', 'Januar 2016'),
('2597', 'Stiftungsrat', 'NA', '2749', '1', '711', 'Angabe Generalsekretariat', 'Januar 2016'),
('2598', 'Stiftungsrat', 'NA', '2750', '1', '205', 'Angabe Generalsekretariat', 'Januar 2016'),
('2599', 'Präsident', 'NA', '922', '1', '696', 'Angabe Generalsekretariat', 'Januar 2016'),
('2600', 'Stiftungsrat', 'NA', '922', '1', '712', 'Angabe Generalsekretariat', 'Januar 2016'),
('2601', 'Stiftungsrat', 'NA', '2751', '1', '713', 'Angabe Generalsekretariat', 'Januar 2016'),
('2602', 'Präsident', 'NA', '2752', '1', '714', 'Angabe Generalsekretariat', 'Januar 2016'),
('2603', 'Vorstandsmitglied', 'NA', '2634', '1', '74', 'Angabe Generalsekretariat', 'Januar 2016'),
('2604', 'Stiftungsrat', 'NA', '2753', '1', '715', 'Angabe Generalsekretariat', 'Januar 2016'),
('2605', 'NA', 'NA', '2691', '1', '716', 'Angabe Generalsekretariat', 'Januar 2016'),
('2606', 'Stiftungsrat', 'NA', '2754', '1', '717', 'Angabe Generalsekretariat', 'Januar 2016'),
('2607', 'Stiftungsrat', 'NA', '2755', '1', '147', 'Angabe Generalsekretariat', 'Januar 2016'),
('2608', 'NA', 'NA', '1976', '1', '147', 'Angabe Generalsekretariat', 'Januar 2016'),
('2609', 'Stiftungsrat', 'NA', '1254', '1', '147', 'Angabe Generalsekretariat', 'Januar 2016'),
('2610', 'Stiftungsrat', 'NA', '923', '1', '696', 'Angabe Generalsekretariat', 'Januar 2016'),
('2611', 'NA', 'NA', '2620', '1', '706', 'Angabe Generalsekretariat', 'Januar 2016'),
('2612', 'Vize-Präsident', 'NA', '2756', '1', '462', 'Angabe Generalsekretariat', 'Januar 2016'),
('2613', 'Advisory board', 'NA', '2757', '1', '456', 'Angabe Generalsekretariat', 'Januar 2016'),
('2614', 'Präsident des Verwaltungsrates', 'NA', '2758', '1', '634', 'Angabe Generalsekretariat', 'Januar 2016'),
('2615', 'membre du Directoire', 'NA', '2759', '1', '692', 'Angabe Generalsekretariat', 'Januar 2016'),
('2616', 'Venture Labe', 'NA', '2760', '1', '330', 'Angabe Generalsekretariat', 'Januar 2016'),
('2617', 'Visiting Professor', 'NA', '2761', '1', '330', 'Angabe Generalsekretariat', 'Januar 2016'),
('2618', 'Mitglied des Nachhaltigkeitsbeirats', 'NA', '2762', '1', '176', 'Angabe Generalsekretariat', 'Januar 2016'),
('2619', 'Präsidentin der Unabhängigen Fachkommission', 'NA', '2763', '1', '468', 'Angabe Generalsekretariat', 'Januar 2016'),
('2620', 'Vizepräsidentin', 'NA', '2764', '1', '468', 'Angabe Generalsekretariat', 'Januar 2016'),
('2621', 'Forschungsrätin', 'NA', '397', '1', '468', 'Angabe Generalsekretariat', 'Januar 2016'),
('2622', 'Member', 'NA', '2765', '1', '341', 'Angabe Generalsekretariat', 'Januar 2016'),
('2623', 'Member Scientific Advisory Board', 'NA', '2766', '1', '341', 'Angabe Generalsekretariat', 'Januar 2016'),
('2624', 'Member', 'NA', '2767', '1', '341', 'Angabe Generalsekretariat', 'Januar 2016'),
('2625', 'Vice President', 'NA', '2768', '1', '341', 'Angabe Generalsekretariat', 'Januar 2016'),
('2626', 'Member of the board', 'NA', '2769', '1', '341', 'Angabe Generalsekretariat', 'Januar 2016'),
('2627', 'Mitglied', 'NA', '2770', '1', '241', 'Angabe Generalsekretariat', 'Januar 2016'),
('2628', 'Mitglied', 'NA', '2771', '1', '241', 'Angabe Generalsekretariat', 'Januar 2016'),
('2629', 'Konsulent', 'NA', '2772', '1', '241', 'Angabe Generalsekretariat', 'Januar 2016'),
('2630', 'Vorstandsmitglied und seit Januar 2015 Präsident', 'NA', '2773', '1', '241', 'Angabe Generalsekretariat', 'Januar 2016'),
('2631', 'Mitglied', 'NA', '2774', '1', '241', 'Angabe Generalsekretariat', 'Januar 2016'),
('2632', 'Mitglied', 'NA', '2775', '1', '241', 'Angabe Generalsekretariat', 'Januar 2016'),
('2633', 'Mitglied', 'NA', '2776', '1', '241', 'Angabe Generalsekretariat', 'Januar 2016'),
('2634', 'Vorstandsmitglied', 'NA', '2777', '1', '241', 'Angabe Generalsekretariat', 'Januar 2016'),
('2635', 'Mitglied im Hochschulrat', 'NA', '2778', '1', '209', 'Angabe Generalsekretariat', 'Januar 2016'),
('2636', 'Mitglied Stiftungsrat Ombudsmann', '', '2819', '1', '479', 'Selbstangabe', 'Januar 2016'),
('2637', 'Mitglied', 'NA', '1943', '1', '330', 'Selbstdeklaration', 'Januar 2016'),
('2638', 'Stiftungsrat', '', '2820', '1', '563', 'Selbstangabe', 'Februar 2016'),
('2639', 'Board Member', '', '2821', '1', '563', 'Selbstangabe', 'Februar 2016'),
('2640', 'Board Member', '', '2822', '1', '563', 'Selbstangabe', 'Februar 2016'),
('2641', 'Course Director', '', '2823', '1', '563', 'Selbstangabe', 'Februar 2016'),
('2642', 'Associated Editor', '', '2824', '1', '563', 'Selbstangabe', 'Februar 2016'),
('2643', 'Section Editor', '', '2825', '1', '563', 'Selbstangabe', 'Februar 2016');

INSERT INTO "Branche" ("ID", "Bezeichnung") VALUES
('1', 'Beratung, Advokatur, PR & Treuhand'),
('2', 'Bildung & Forschung'),
('3', 'Energie, Umwelt & Mobilität'),
('4', 'Finanzwirtschaft & Versicherungen'),
('5', 'Gesellschaft, Soziales, Kultur & Sport'),
('6', 'Gewerbe, Handel & Dienstleistungen'),
('7', 'Industrie, Bau & Landwirtschaft'),
('8', 'Medien & Kommunikation'),
('9', 'Nicht klassifizierbar'),
('10', 'Pharma & Gesundheit'),
('11', 'Politik, Verwaltung, Justiz & Sicherheit'),
('12', 'Technologie');

INSERT INTO "Interessengruppe" ("ID", "Bezeichnung", "Branche_ID") VALUES
('0', 'Unbekannt', '9'),
('1', 'Pharma', '10'),
('2', 'Krankenkassen', '10'),
('3', 'Gesundheit', '10'),
('4', 'Arztmedizin', '10'),
('5', 'Spitäler', '10'),
('6', 'Patienten', '10'),
('7', 'Spitex', '10'),
('8', 'Öffentliches Gesundheitswesen', '10'),
('9', 'Medizinaltechniken', '10'),
('10', 'Musik', '5'),
('12', 'Gemeinwohl/Gesellschaft', '5'),
('13', 'Kantone/Regionen', '11'),
('14', 'Städte', '11'),
('15', 'Behinderung', '10'),
('16', 'Banken', '4'),
('17', 'Rohstoffhandelsfirmen', '6'),
('18', 'Consulting/PR', '1'),
('19', 'Immobilien/Hauseigentümer', '6'),
('20', 'Parteien', '11'),
('21', 'Historisches', '5'),
('23', 'Wirtschaft allgemein', '6'),
('24', 'Migration', '11'),
('25', 'Hilfswerke', '5'),
('26', 'Individualverkehr', '3'),
('27', 'Bildungsförderung', '2'),
('28', 'Privatschulen', '2'),
('29', 'Energieversorger', '3'),
('30', 'Atomenergie', '3'),
('31', 'Energie allgemein', '3'),
('32', 'Alternativenergie', '3'),
('33', 'Öffentlicher Verkehr', '3'),
('34', 'Kunsthandwerk', '5'),
('35', 'Staatspolitik allgemein', '11'),
('36', 'Logistik/Transport', '3'),
('38', 'Nahrungsmittel', '7'),
('39', 'Milchwirtschaft', '7'),
('40', 'Handelsbeziehungen', '11'),
('41', 'Bildung/Wissenschaft', '2'),
('42', 'Pensionskassen/Vorsorgeeinrichtungen', '4'),
('43', 'Langsamverkehr', '3'),
('44', 'Kulturinstitutionen', '5'),
('45', 'Think Tank', '5'),
('46', 'Oel-/Gasindustrie', '3'),
('47', 'Dienstleister', '8'),
('48', 'Printmedien', '8'),
('49', 'Elektronische Medien', '8'),
('50', 'Cleantech', '6'),
('51', 'Bauhauptgewerbe', '6'),
('52', 'Baunebengewerbe', '7'),
('53', 'Arbeitnehmerorganisationen', '5'),
('54', 'Umwelt & Natur', '3'),
('55', 'Tierschutz', '3'),
('56', 'Sozialversicherungen', '5'),
('57', 'Versicherungen', '4'),
('58', 'Advokaturen/Treuhand', '1'),
('59', 'KMU/Gewerbe/Arbeitgeber', '6'),
('60', 'Tourismus/Gastronomie', '6'),
('61', 'Industrie', '7'),
('62', 'Medien allgemein', '8'),
('63', 'Kulturförderung', '5'),
('64', 'Reinigungsgewerbe', '6'),
('65', 'Spitzensport', '5'),
('66', 'Breitensport', '5'),
('67', 'Gleichstellung', '5'),
('68', 'Hilfswerke international', '11'),
('69', 'Kosmetika/pharmazeutische Produkte', '10'),
('70', 'Aussenpolitik allgemein', '11'),
('71', 'Friedensförderung', '11'),
('72', 'Sicherheit allgemein', '11'),
('73', 'Pflege', '10'),
('74', 'Dienstleistungen allg.', '6'),
('75', 'Pro EU', '11'),
('76', 'Kontra EU', '11'),
('77', 'Futtermittel', '7'),
('78', 'IT', '12'),
('79', 'Heime/Institutionen', '5'),
('80', 'Ökologie', '7'),
('81', 'Konsumentenschutz', '5'),
('82', 'Weinbau/Spirituosen', '7'),
('83', 'Promotion/Label', '7'),
('84', 'Obstwirtschaft', '7'),
('85', 'Landwirtschaft allgemein', '7'),
('86', 'Viehwirtschaft', '7'),
('87', 'Maschinenindustrie', '7'),
('88', 'Dienstleistungen', '10'),
('89', 'Sport allgemein', '5'),
('90', 'Verkehrssicherheit', '3'),
('91', 'Klima', '3'),
('92', 'Detailhandel', '6'),
('93', 'Umwelt allgemein', '3'),
('94', 'Raumplanung', '3'),
('95', 'Rüstungsindustrie', '7'),
('96', 'Produktion/Handel', '7'),
('97', 'Biotech', '12'),
('98', 'Mieter', '5'),
('99', 'Abgaben und Steuern', '5'),
('100', 'Berggebiete', '11'),
('101', 'Textilindustrie', '7'),
('102', 'Kinder/Jugend', '5'),
('103', 'Religion', '5'),
('104', 'Innere Sicherheit/Nachrichtendienste', '11'),
('105', 'Polizei', '11'),
('106', 'Gemeinden', '11'),
('107', 'Investmentgesellschaften', '4'),
('108', 'Handel', '6'),
('111', 'Militär', '11'),
('115', 'Chemie/Biotech', '12'),
('116', 'Luftfahrt', '3'),
('117', 'Aufsicht', '11'),
('118', 'Globalisierungskritiker', '11'),
('119', 'Grafik', '8'),
('120', 'Rettungswesen', '11'),
('121', 'Vermögensverwalter', '4'),
('122', 'Wasser', '3'),
('123', 'Wasserkraft', '3'),
('124', 'Technik', '7'),
('125', 'Werbung', '8'),
('126', 'Abfallwirtschaft', '3'),
('127', 'Zuwanderungskritiker', '11'),
('128', 'Bildende Künste', '5'),
('129', 'Buch', '8'),
('130', 'Uhrenindustrie', '7'),
('131', 'AKW-Gegner', '3'),
('132', 'Schifffahrt', '3'),
('133', 'Tabak', '7'),
('134', 'Gentechnik-Kritiker', '7'),
('135', 'Holz- und Waldwirtschaft', '7'),
('136', 'Glücksspiel', '6'),
('137', 'Geflügelzucht', '7'),
('138', 'Architektur', '7'),
('139', 'Film/Theater', '5'),
('140', 'Literatur', '5'),
('141', 'Zivilschutz', '11'),
('143', 'Justiz', '11');

INSERT INTO "Kooperation" ("ID", "Tochtereinheit_ID", "Organisation_ID", "Kooperationsart_ID", "Name", "Betrag", "Beginn", "Ende", "Quelle", "Stand_Daten") VALUES
('1', '76', '2291', '1', 'Chaire Fondation Bertarelli de technologie neuroprosthétique', 'Jährliche Finanzierung in CHF: unbekannt', 'NA', 'NA', 'Datenlieferung EPFL (EPFL-Liste des chaires sponsorisées (état 05.06.2015).xlsx) & Website EPFL Stand 10.9.2015  http://partenariats.epfl.ch/page-69579-en.html', 'Juni 2015'),
('2', '76', '2291', '1', 'Chaire Fondation Bertarelli en neuroprosthétique cognitive', 'Jährliche Finanzierung in CHF: unbekannt', 'NA', 'NA', 'Datenlieferung EPFL (EPFL-Liste des chaires sponsorisées (état 05.06.2015).xlsx) & Website EPFL Stand 10.9.2015  http://partenariats.epfl.ch/page-69579-en.html', 'Juni 2015'),
('3', '76', '2291', '1', 'Chaire Fondation Bertarelli en neuroingénierie translationnelle', 'Jährliche Finanzierung in CHF: unbekannt', 'NA', 'NA', 'Datenlieferung EPFL (EPFL-Liste des chaires sponsorisées (état 05.06.2015).xlsx) & Website EPFL Stand 10.9.2015  http://partenariats.epfl.ch/page-69579-en.html', 'Juni 2015'),
('4', '76', '2291', '1', 'Fondation Bertarelli - Nouvelle chaire Campus Biotech (nom à définir) neuroingénierie', 'Jährliche Finanzierung in CHF: unbekannt', 'NA', 'NA', 'Datenlieferung EPFL (EPFL-Liste des chaires sponsorisées (état 05.06.2015).xlsx) & Website EPFL Stand 10.9.2015  http://partenariats.epfl.ch/page-69579-en.html', 'Juni 2015'),
('5', '76', '2292', '1', 'Chaire sponsorisée de recherche en cellules souches', 'Jährliche Finanzierung in CHF: unbekannt', 'NA', 'NA', 'Datenlieferung EPFL (EPFL-Liste des chaires sponsorisées (état 05.06.2015).xlsx) & Website EPFL Stand 10.9.2015  http://partenariats.epfl.ch/page-69579-en.html', 'Juni 2015'),
('6', '73', '2293', '1', 'Chaire Constellium (en solutions multi-matériaux et interfaces)', 'Jährliche Finanzierung in CHF: unbekannt', 'NA', 'NA', 'Datenlieferung EPFL (EPFL-Liste des chaires sponsorisées (état 05.06.2015).xlsx) & Website EPFL Stand 10.9.2015  http://partenariats.epfl.ch/page-69579-en.html', 'Juni 2015'),
('7', '76', '2294', '1', 'Chaire Debiopharm en transduction des signaux dans l''oncogenèse', 'Jährliche Finanzierung in CHF: unbekannt', 'NA', 'NA', 'Datenlieferung EPFL (EPFL-Liste des chaires sponsorisées (état 05.06.2015).xlsx) & Website EPFL Stand 10.9.2015  http://partenariats.epfl.ch/page-69579-en.html', 'Juni 2015'),
('8', '73', '2294', '1', 'Swiss up Engineering Chair', 'Jährliche Finanzierung in CHF: unbekannt', 'NA', 'NA', 'Datenlieferung EPFL (EPFL-Liste des chaires sponsorisées (état 05.06.2015).xlsx) & Website EPFL Stand 10.9.2015  http://partenariats.epfl.ch/page-69579-en.html', 'Juni 2015'),
('9', '76', '2295', '1', 'Chaire Fondation defitech en interfaces cerveau-machine', 'Jährliche Finanzierung in CHF: unbekannt', 'NA', 'NA', 'Datenlieferung EPFL (EPFL-Liste des chaires sponsorisées (état 05.06.2015).xlsx) & Website EPFL Stand 10.9.2015  http://partenariats.epfl.ch/page-69579-en.html', 'Juni 2015'),
('10', '76', '2295', '1', 'Chaire Fondation defitech de recherche en neuroingénierie clinique et interactions homme-machine', 'Jährliche Finanzierung in CHF: unbekannt', 'NA', 'NA', 'Datenlieferung EPFL (EPFL-Liste des chaires sponsorisées (état 05.06.2015).xlsx) & Website EPFL Stand 10.9.2015  http://partenariats.epfl.ch/page-69579-en.html', 'Juni 2015'),
('11', '73', '2296', '1', 'Chaire EOS Holding en systèmes électriques distribués am Institut de génie électrique et électronique (IEL)', 'Jährliche Finanzierung in CHF: unbekannt', 'NA', 'NA', 'Datenlieferung EPFL (EPFL-Liste des chaires sponsorisées (état 05.06.2015).xlsx) & Website EPFL Stand 10.9.2015  http://partenariats.epfl.ch/page-69579-en.html', 'Juni 2015'),
('12', '75', '2297', '1', 'Chaire Margaretha Kamprad en limnologie et science environnementale', 'Jährliche Finanzierung in CHF: unbekannt', 'NA', 'NA', 'Datenlieferung EPFL (EPFL-Liste des chaires sponsorisées (état 05.06.2015).xlsx) & Website EPFL Stand 10.9.2015  http://partenariats.epfl.ch/page-69579-en.html', 'Juni 2015'),
('13', '76', '2298', '1', 'Next Generation Firmenich Chair in neuroscience', 'Jährliche Finanzierung in CHF: unbekannt', 'NA', 'NA', 'Datenlieferung EPFL (EPFL-Liste des chaires sponsorisées (état 05.06.2015).xlsx) & Website EPFL Stand 10.9.2015  http://partenariats.epfl.ch/page-69579-en.html', 'Juni 2015'),
('14', '78', '2299', '1', 'Chaire Fondation Gandur pour l''Art', 'Jährliche Finanzierung in CHF: unbekannt', 'NA', 'NA', 'Datenlieferung EPFL (EPFL-Liste des chaires sponsorisées (état 05.06.2015).xlsx) & Website EPFL Stand 10.9.2015  http://partenariats.epfl.ch/page-69579-en.html', 'Juni 2015'),
('15', '75', '2300', '1', 'Chaire Gaznat (capture et valorisation de Co2)', 'Jährliche Finanzierung in CHF: unbekannt', 'NA', 'NA', 'Datenlieferung EPFL (EPFL-Liste des chaires sponsorisées (état 05.06.2015).xlsx) & Website EPFL Stand 10.9.2015  http://partenariats.epfl.ch/page-69579-en.html', 'Juni 2015'),
('16', '75', '2300', '1', 'Chaire Gaznat en géoénergie (étude du stockage souterrain et à long terme du C02)', 'Jährliche Finanzierung in CHF: unbekannt', 'NA', 'NA', 'Datenlieferung EPFL (EPFL-Liste des chaires sponsorisées (état 05.06.2015).xlsx) & Website EPFL Stand 10.9.2015  http://partenariats.epfl.ch/page-69579-en.html', 'Juni 2015'),
('17', '73', '2301', '1', 'Swiss up Engineering Chair', 'Jährliche Finanzierung in CHF: unbekannt', 'NA', 'NA', 'Datenlieferung EPFL (EPFL-Liste des chaires sponsorisées (état 05.06.2015).xlsx) & Website EPFL Stand 10.9.2015  http://partenariats.epfl.ch/page-69579-en.html', 'Juni 2015'),
('18', '76', '2302', '1', 'Chaire Fondation IRP en réparation de la moelle épinière', 'Jährliche Finanzierung in CHF: unbekannt', 'NA', 'NA', 'Datenlieferung EPFL (EPFL-Liste des chaires sponsorisées (état 05.06.2015).xlsx) & Website EPFL Stand 10.9.2015  http://partenariats.epfl.ch/page-69579-en.html', 'Juni 2015'),
('19', '76', '2303', '1', 'Chaire de la Fondation ISREC en oncologie translationnelle', 'Jährliche Finanzierung in CHF: unbekannt', 'NA', 'NA', 'Datenlieferung EPFL (EPFL-Liste des chaires sponsorisées (état 05.06.2015).xlsx) & Website EPFL Stand 10.9.2015  http://partenariats.epfl.ch/page-69579-en.html', 'Juni 2015'),
('20', '76', '2303', '1', 'Chaire de la Fondation ISREC en oncologie translationnelle', 'Jährliche Finanzierung in CHF: unbekannt', 'NA', 'NA', 'Datenlieferung EPFL (EPFL-Liste des chaires sponsorisées (état 05.06.2015).xlsx) & Website EPFL Stand 10.9.2015  http://partenariats.epfl.ch/page-69579-en.html', 'Juni 2015'),
('21', '76', '2304', '1', 'Chaire Julia Jacobi en photomédecine', 'Jährliche Finanzierung in CHF: unbekannt', 'NA', 'NA', 'Datenlieferung EPFL (EPFL-Liste des chaires sponsorisées (état 05.06.2015).xlsx) & Website EPFL Stand 10.9.2015  http://partenariats.epfl.ch/page-69579-en.html', 'Juni 2015'),
('22', '73', '2305', '1', 'Chaire Kristian Gerhard Jebsen Foundation en métabolisme et nutrition', 'Jährliche Finanzierung in CHF: unbekannt', 'NA', 'NA', 'Datenlieferung EPFL (EPFL-Liste des chaires sponsorisées (état 05.06.2015).xlsx) & Website EPFL Stand 10.9.2015  http://partenariats.epfl.ch/page-69579-en.html', 'Juni 2015'),
('23', '75', '2306', '1', 'Chaire Landolt & Cie. "Stratégies innovatrices pour un futur durable"', 'Jährliche Finanzierung in CHF: unbekannt', 'NA', 'NA', 'Datenlieferung EPFL (EPFL-Liste des chaires sponsorisées (état 05.06.2015).xlsx) & Website EPFL Stand 10.9.2015  http://partenariats.epfl.ch/page-69579-en.html', 'Juni 2015'),
('24', '78', '2307', '1', 'Chaire Latour en Musicologie Digitale', 'Jährliche Finanzierung in CHF: unbekannt', 'NA', 'NA', 'Datenlieferung EPFL (EPFL-Liste des chaires sponsorisées (état 05.06.2015).xlsx) & Website EPFL Stand 10.9.2015  http://partenariats.epfl.ch/page-69579-en.html', 'Juni 2015'),
('25', '76', '2308', '1', 'Chaire Medtronic en neuroingénierie', 'Jährliche Finanzierung in CHF: unbekannt', 'NA', 'NA', 'Datenlieferung EPFL (EPFL-Liste des chaires sponsorisées (état 05.06.2015).xlsx) & Website EPFL Stand 10.9.2015  http://partenariats.epfl.ch/page-69579-en.html', 'Juni 2015'),
('26', '76', '2309', '1', 'Chaire Merck Serono en techniques d''administration de médicaments', 'Jährliche Finanzierung in CHF: unbekannt', 'NA', 'NA', 'Datenlieferung EPFL (EPFL-Liste des chaires sponsorisées (état 05.06.2015).xlsx) & Website EPFL Stand 10.9.2015  http://partenariats.epfl.ch/page-69579-en.html', 'Juni 2015'),
('27', '76', '2309', '1', 'Chaire Merck Serono en oncologie', 'Jährliche Finanzierung in CHF: unbekannt', 'NA', 'NA', 'Datenlieferung EPFL (EPFL-Liste des chaires sponsorisées (état 05.06.2015).xlsx) & Website EPFL Stand 10.9.2015  http://partenariats.epfl.ch/page-69579-en.html', 'Juni 2015'),
('28', '76', '2309', '1', 'Chaire Merck Serono en neurosciences', 'Jährliche Finanzierung in CHF: unbekannt', 'NA', 'NA', 'Datenlieferung EPFL (EPFL-Liste des chaires sponsorisées (état 05.06.2015).xlsx) & Website EPFL Stand 10.9.2015  http://partenariats.epfl.ch/page-69579-en.html', 'Juni 2015'),
('29', '75', '2310', '1', 'Chaire Mobilière en écologie urbaine et espaces de vie durables', 'Jährliche Finanzierung in CHF: unbekannt', 'NA', 'NA', 'Datenlieferung EPFL (EPFL-Liste des chaires sponsorisées (état 05.06.2015).xlsx) & Website EPFL Stand 10.9.2015  http://partenariats.epfl.ch/page-69579-en.html', 'Juni 2015'),
('30', '73', '2311', '1', 'Swiss up Engineering Chair', 'Jährliche Finanzierung in CHF: unbekannt', 'NA', 'NA', 'Datenlieferung EPFL (EPFL-Liste des chaires sponsorisées (état 05.06.2015).xlsx) & Website EPFL Stand 10.9.2015  http://partenariats.epfl.ch/page-69579-en.html', 'Juni 2015'),
('31', '76', '2312', '1', 'Chaire Nestlé en métabolisme énergétique', 'Jährliche Finanzierung in CHF: unbekannt', 'NA', 'NA', 'Datenlieferung EPFL (EPFL-Liste des chaires sponsorisées (état 05.06.2015).xlsx) & Website EPFL Stand 10.9.2015  http://partenariats.epfl.ch/page-69579-en.html', 'Juni 2015'),
('32', '76', '2312', '1', 'Chaire Nestlé Chair en neurodéveloppement', 'Jährliche Finanzierung in CHF: unbekannt', 'NA', 'NA', 'Datenlieferung EPFL (EPFL-Liste des chaires sponsorisées (état 05.06.2015).xlsx) & Website EPFL Stand 10.9.2015  http://partenariats.epfl.ch/page-69579-en.html', 'Juni 2015'),
('33', '73', '2313', '1', 'Chaire Patek Philippe en micro-nanotechnologies', 'Jährliche Finanzierung in CHF: unbekannt', 'NA', 'NA', 'Datenlieferung EPFL (EPFL-Liste des chaires sponsorisées (état 05.06.2015).xlsx) & Website EPFL Stand 10.9.2015  http://partenariats.epfl.ch/page-69579-en.html', 'Juni 2015'),
('34', '75', '2314', '1', 'Chaire Petrosvibri en stockage souterrain du gaz naturel', 'Jährliche Finanzierung in CHF: unbekannt', 'NA', 'NA', 'Datenlieferung EPFL (EPFL-Liste des chaires sponsorisées (état 05.06.2015).xlsx) & Website EPFL Stand 10.9.2015  http://partenariats.epfl.ch/page-69579-en.html', 'Juni 2015'),
('35', '77', '2315', '1', 'Chaire La Poste en management des industries de réseau', 'Jährliche Finanzierung in CHF: unbekannt', 'NA', 'NA', 'Datenlieferung EPFL (EPFL-Liste des chaires sponsorisées (état 05.06.2015).xlsx) & Website EPFL Stand 10.9.2015  http://partenariats.epfl.ch/page-69579-en.html', 'Juni 2015'),
('36', '73', '2316', '1', 'Chaire PX Group', 'Jährliche Finanzierung in CHF: unbekannt', 'NA', 'NA', 'Datenlieferung EPFL (EPFL-Liste des chaires sponsorisées (état 05.06.2015).xlsx) & Website EPFL Stand 10.9.2015  http://partenariats.epfl.ch/page-69579-en.html', 'Juni 2015'),
('37', '73', '2317', '1', 'Chaire Richemont en technologies de fabrication multi-échelles', 'Jährliche Finanzierung in CHF: unbekannt', 'NA', 'NA', 'Datenlieferung EPFL (EPFL-Liste des chaires sponsorisées (état 05.06.2015).xlsx) & Website EPFL Stand 10.9.2015  http://partenariats.epfl.ch/page-69579-en.html', 'Juni 2015'),
('38', '72', '2318', '1', 'Chaire Fondation de Famille Sandoz en chimie biophysique des macromolécules', 'Jährliche Finanzierung in CHF: unbekannt', 'NA', 'NA', 'Datenlieferung EPFL (EPFL-Liste des chaires sponsorisées (état 05.06.2015).xlsx) & Website EPFL Stand 10.9.2015  http://partenariats.epfl.ch/page-69579-en.html', 'Juni 2015'),
('39', '77', '2319', '1', 'Chaire Swiss Finance Institute', 'Jährliche Finanzierung in CHF: unbekannt', 'NA', 'NA', 'Datenlieferung EPFL (EPFL-Liste des chaires sponsorisées (état 05.06.2015).xlsx) & Website EPFL Stand 10.9.2015  http://partenariats.epfl.ch/page-69579-en.html', 'Juni 2015'),
('40', '77', '2320', '1', 'Chaire Swiss Finance Institute', 'Jährliche Finanzierung in CHF: unbekannt', 'NA', 'NA', 'Datenlieferung EPFL (EPFL-Liste des chaires sponsorisées (état 05.06.2015).xlsx) & Website EPFL Stand 10.9.2015  http://partenariats.epfl.ch/page-69579-en.html', 'Juni 2015'),
('41', '77', '2320', '1', 'Chaire Swissquote Chair en finance quantitative', 'Jährliche Finanzierung in CHF: unbekannt', 'NA', 'NA', 'Datenlieferung EPFL (EPFL-Liste des chaires sponsorisées (état 05.06.2015).xlsx) & Website EPFL Stand 10.9.2015  http://partenariats.epfl.ch/page-69579-en.html', 'Juni 2015'),
('42', '77', '2321', '1', 'Chaire Swiss Finance Institute', 'Jährliche Finanzierung in CHF: unbekannt', 'NA', 'NA', 'Datenlieferung EPFL (EPFL-Liste des chaires sponsorisées (état 05.06.2015).xlsx) & Website EPFL Stand 10.9.2015  http://partenariats.epfl.ch/page-69579-en.html', 'Juni 2015'),
('43', '4', '454', '1', 'Assistenzprofessur mit Tenure Track für Energiewissenschaft und Energietechnik', 'Co-Finanzierung mit ABB, Alstom, Axpo, Alpiq, BKW, CKW, EKZ, EWZ. Gesamtbetrag: CHF 7 Mio.', 'NA', 'NA', 'Datenlieferung ETHZ (ETHZ-Gefoerderte_Professuren_WEBSEITE_2015_PDF.pdf)', 'Juni 2015'),
('44', '5', '454', '1', 'Professur für Hochleistungselektronik', 'Co-Finanzierung mit ABB, Alpiq, Alstom, Axpo, BKW, CKW, EKZ, EWZ (swisselectric). Gesamtbetrag: CHF 10 Mio.', 'NA', 'NA', 'Datenlieferung ETHZ (ETHZ-Gefoerderte_Professuren_WEBSEITE_2015_PDF.pdf)', 'Juni 2015'),
('45', '5', '454', '1', 'Professur für Leistungshalbleiter', 'Betrag: CHF 5 Mio.', 'NA', 'NA', 'Datenlieferung ETHZ (ETHZ-Gefoerderte_Professuren_WEBSEITE_2015_PDF.pdf)', 'Juni 2015'),
('46', '3', '2322', '1', 'Professur für Urbane Wassersysteme', 'Co-Finanzierung mit Albert Lück-Stiftung, Verband VSA, Verband SVGW. Gesamtbetrag: CHF 2.5 Mio.', 'NA', 'NA', 'Datenlieferung ETHZ (ETHZ-Gefoerderte_Professuren_WEBSEITE_2015_PDF.pdf)', 'Juni 2015'),
('47', '3', '2322', '1', 'Professur für Strukturmechanik', 'Betrag: CHF 2.4 Mio.', 'NA', 'NA', 'Datenlieferung ETHZ (ETHZ-Gefoerderte_Professuren_WEBSEITE_2015_PDF.pdf)', 'Juni 2015'),
('48', '4', '2323', '1', 'Assistenzprofessur mit Tenure Track für Energiewissenschaft und Energietechnik', 'Co-Finanzierung mit ABB, Alstom, Axpo, Alpiq, BKW, CKW, EKZ, EWZ. Gesamtbetrag: CHF 7 Mio.', 'NA', 'NA', 'Datenlieferung ETHZ (ETHZ-Gefoerderte_Professuren_WEBSEITE_2015_PDF.pdf)', 'Juni 2015'),
('49', '5', '2323', '1', 'Professur für Hochleistungselektronik', 'Co-Finanzierung mit ABB, Alpiq, Alstom, Axpo, BKW, CKW, EKZ, EWZ (swisselectric). Gesamtbetrag: CHF 10 Mio.', 'NA', 'NA', 'Datenlieferung ETHZ (ETHZ-Gefoerderte_Professuren_WEBSEITE_2015_PDF.pdf)', 'Juni 2015'),
('50', '4', '2323', '1', 'Professur für Kernenergiesysteme', 'Co-Finanzierung mit Alpiq, Axpo, BKW, CKW (swisselectric). Gesamtbetrag: CHF 3 Mio.', 'NA', 'NA', 'Datenlieferung ETHZ (ETHZ-Gefoerderte_Professuren_WEBSEITE_2015_PDF.pdf)', 'Juni 2015'),
('51', '4', '2323', '1', 'Assistenzprofessur mit Tenure Track für „Reliability & Risk Engineering”', 'Co-Finanzierung mit AXA Research Fund, Alpiq, Axpo, BKW, CKW (swisselectric). Gesamtbetrag: CHF 4.8 Mio.', 'NA', 'NA', 'Datenlieferung ETHZ (ETHZ-Gefoerderte_Professuren_WEBSEITE_2015_PDF.pdf)', 'Juni 2015'),
('52', '4', '2324', '1', 'Assistenzprofessur mit Tenure Track für Energiewissenschaft und Energietechnik', 'Co-Finanzierung mit ABB, Alstom, Axpo, Alpiq, BKW, CKW, EKZ, EWZ. Gesamtbetrag: CHF 7 Mio.', 'NA', 'NA', 'Datenlieferung ETHZ (ETHZ-Gefoerderte_Professuren_WEBSEITE_2015_PDF.pdf)', 'Juni 2015'),
('53', '5', '2324', '1', 'Professur für Hochleistungselektronik', 'Co-Finanzierung mit ABB, Alpiq, Alstom, Axpo, BKW, CKW, EKZ, EWZ (swisselectric). Gesamtbetrag: CHF 10 Mio.', 'NA', 'NA', 'Datenlieferung ETHZ (ETHZ-Gefoerderte_Professuren_WEBSEITE_2015_PDF.pdf)', 'Juni 2015'),
('54', '4', '2325', '1', 'Assistenzprofessur mit Tenure Track für „Reliability & Risk Engineering”', 'Co-Finanzierung mit AXA Research Fund, Alpiq, Axpo, BKW, CKW (swisselectric). Gesamtbetrag: CHF 4.8 Mio.', 'NA', 'NA', 'Datenlieferung ETHZ (ETHZ-Gefoerderte_Professuren_WEBSEITE_2015_PDF.pdf)', 'Juni 2015'),
('55', '4', '2326', '1', 'Assistenzprofessur mit Tenure Track für Energiewissenschaft und Energietechnik', 'Co-Finanzierung mit ABB, Alstom, Axpo, Alpiq, BKW, CKW, EKZ, EWZ. Gesamtbetrag: CHF 7 Mio.', 'NA', 'NA', 'Datenlieferung ETHZ (ETHZ-Gefoerderte_Professuren_WEBSEITE_2015_PDF.pdf)', 'Juni 2015'),
('56', '5', '2326', '1', 'Professur für Hochleistungselektronik', 'Co-Finanzierung mit ABB, Alpiq, Alstom, Axpo, BKW, CKW, EKZ, EWZ (swisselectric). Gesamtbetrag: CHF 10 Mio.', 'NA', 'NA', 'Datenlieferung ETHZ (ETHZ-Gefoerderte_Professuren_WEBSEITE_2015_PDF.pdf)', 'Juni 2015'),
('57', '4', '2326', '1', 'Professur für Kernenergiesysteme', 'Co-Finanzierung mit Alpiq, Axpo, BKW, CKW (swisselectric). Gesamtbetrag: CHF 3 Mio.', 'NA', 'NA', 'Datenlieferung ETHZ (ETHZ-Gefoerderte_Professuren_WEBSEITE_2015_PDF.pdf)', 'Juni 2015'),
('58', '4', '2326', '1', 'Assistenzprofessur mit Tenure Track für „Reliability & Risk Engineering”', 'Co-Finanzierung mit AXA Research Fund, Alpiq, Axpo, BKW, CKW (swisselectric). Gesamtbetrag: CHF 4.8 Mio.', 'NA', 'NA', 'Datenlieferung ETHZ (ETHZ-Gefoerderte_Professuren_WEBSEITE_2015_PDF.pdf)', 'Juni 2015'),
('59', '4', '2327', '1', 'Assistenzprofessur mit Tenure Track für Energiewissenschaft und Energietechnik', 'Co-Finanzierung mit ABB, Alstom, Axpo, Alpiq, BKW, CKW, EKZ, EWZ. Gesamtbetrag: CHF 7 Mio.', 'NA', 'NA', 'Datenlieferung ETHZ (ETHZ-Gefoerderte_Professuren_WEBSEITE_2015_PDF.pdf)', 'Juni 2015'),
('60', '5', '2327', '1', 'Professur für Hochleistungselektronik', 'Co-Finanzierung mit ABB, Alpiq, Alstom, Axpo, BKW, CKW, EKZ, EWZ (swisselectric). Gesamtbetrag: CHF 10 Mio.', 'NA', 'NA', 'Datenlieferung ETHZ (ETHZ-Gefoerderte_Professuren_WEBSEITE_2015_PDF.pdf)', 'Juni 2015'),
('61', '4', '2327', '1', 'Professur für Kernenergiesysteme', 'Co-Finanzierung mit Alpiq, Axpo, BKW, CKW (swisselectric). Gesamtbetrag: CHF 3 Mio.', 'NA', 'NA', 'Datenlieferung ETHZ (ETHZ-Gefoerderte_Professuren_WEBSEITE_2015_PDF.pdf)', 'Juni 2015'),
('62', '4', '2327', '1', 'Assistenzprofessur mit Tenure Track für „Reliability & Risk Engineering”', 'Co-Finanzierung mit AXA Research Fund, Alpiq, Axpo, BKW, CKW (swisselectric). Gesamtbetrag: CHF 4.8 Mio.', 'NA', 'NA', 'Datenlieferung ETHZ (ETHZ-Gefoerderte_Professuren_WEBSEITE_2015_PDF.pdf)', 'Juni 2015'),
('63', '4', '2328', '1', 'Assistenzprofessur mit Tenure Track für Energiewissenschaft und Energietechnik', 'Co-Finanzierung mit ABB, Alstom, Axpo, Alpiq, BKW, CKW, EKZ, EWZ. Gesamtbetrag: CHF 7 Mio.', 'NA', 'NA', 'Datenlieferung ETHZ (ETHZ-Gefoerderte_Professuren_WEBSEITE_2015_PDF.pdf)', 'Juni 2015'),
('64', '5', '2328', '1', 'Professur für Hochleistungselektronik', 'Co-Finanzierung mit ABB, Alpiq, Alstom, Axpo, BKW, CKW, EKZ, EWZ (swisselectric). Gesamtbetrag: CHF 10 Mio.', 'NA', 'NA', 'Datenlieferung ETHZ (ETHZ-Gefoerderte_Professuren_WEBSEITE_2015_PDF.pdf)', 'Juni 2015'),
('65', '4', '2328', '1', 'Professur für Kernenergiesysteme', 'Co-Finanzierung mit Alpiq, Axpo, BKW, CKW (swisselectric). Gesamtbetrag: CHF 3 Mio.', 'NA', 'NA', 'Datenlieferung ETHZ (ETHZ-Gefoerderte_Professuren_WEBSEITE_2015_PDF.pdf)', 'Juni 2015'),
('66', '4', '2328', '1', 'Assistenzprofessur mit Tenure Track für „Reliability & Risk Engineering”', 'Co-Finanzierung mit AXA Research Fund, Alpiq, Axpo, BKW, CKW (swisselectric). Gesamtbetrag: CHF 4.8 Mio.', 'NA', 'NA', 'Datenlieferung ETHZ (ETHZ-Gefoerderte_Professuren_WEBSEITE_2015_PDF.pdf)', 'Juni 2015'),
('67', '16', '2329', '1', 'Professur für Angewandte Wirtschaftsforschung', 'Betrag: CHF 1.6 Mio.', 'NA', 'NA', 'Datenlieferung ETHZ (ETHZ-Gefoerderte_Professuren_WEBSEITE_2015_PDF.pdf)', 'Juni 2015'),
('68', '9', '2330', '1', 'Professur für Finanzmathematik', 'Betrag: CHF 2.5 Mio.', 'NA', 'NA', 'Datenlieferung ETHZ (ETHZ-Gefoerderte_Professuren_WEBSEITE_2015_PDF.pdf)', 'Juni 2015'),
('69', '4', '2331', '1', 'Assistenzprofessur mit Tenure Track für Energiewissenschaft und Energietechnik', 'Co-Finanzierung mit ABB, Alstom, Axpo, Alpiq, BKW, CKW, EKZ, EWZ. Gesamtbetrag: CHF 7 Mio.', 'NA', 'NA', 'Datenlieferung ETHZ (ETHZ-Gefoerderte_Professuren_WEBSEITE_2015_PDF.pdf)', 'Juni 2015'),
('70', '5', '2331', '1', 'Professur für Hochleistungselektronik', 'Co-Finanzierung mit ABB, Alpiq, Alstom, Axpo, BKW, CKW, EKZ, EWZ (swisselectric). Gesamtbetrag: CHF 10 Mio.', 'NA', 'NA', 'Datenlieferung ETHZ (ETHZ-Gefoerderte_Professuren_WEBSEITE_2015_PDF.pdf)', 'Juni 2015'),
('71', '4', '2331', '1', 'Professur für „Geoenergy Process Technologies“', 'Co-Finanzierung mit First Advisory Group, EKZ. Gesamtbetrag: CHF 4 Mio.', 'NA', 'NA', 'Datenlieferung ETHZ (ETHZ-Gefoerderte_Professuren_WEBSEITE_2015_PDF.pdf)', 'Juni 2015'),
('72', '4', '2332', '1', 'Assistenzprofessur mit Tenure Track für Energiewissenschaft und Energietechnik', 'Co-Finanzierung mit ABB, Alstom, Axpo, Alpiq, BKW, CKW, EKZ, EWZ. Gesamtbetrag: CHF 7 Mio.', 'NA', 'NA', 'Datenlieferung ETHZ (ETHZ-Gefoerderte_Professuren_WEBSEITE_2015_PDF.pdf)', 'Juni 2015'),
('73', '5', '2332', '1', 'Professur für Hochleistungselektronik', 'Co-Finanzierung mit ABB, Alpiq, Alstom, Axpo, BKW, CKW, EKZ, EWZ (swisselectric). Gesamtbetrag: CHF 10 Mio.', 'NA', 'NA', 'Datenlieferung ETHZ (ETHZ-Gefoerderte_Professuren_WEBSEITE_2015_PDF.pdf)', 'Juni 2015'),
('74', '15', '2333', '1', 'Assistenzprofessur mit Tenure Track für Knorpel-Gewebetechnik und Regeneration', 'Betrag: CHF 4 Mio.', 'NA', 'NA', 'Datenlieferung ETHZ (ETHZ-Gefoerderte_Professuren_WEBSEITE_2015_PDF.pdf)', 'Juni 2015'),
('75', '4', '2334', '1', 'Professur für „Geoenergy Process Technologies“', 'Co-Finanzierung mit First Advisory Group, EKZ. Gesamtbetrag: CHF 4 Mio.', 'NA', 'NA', 'Datenlieferung ETHZ (ETHZ-Gefoerderte_Professuren_WEBSEITE_2015_PDF.pdf)', 'Juni 2015'),
('76', '15', '2335', '1', 'Professur für Regenerationstechnik', 'Co-Finanzierung mit Hocoma und Rahn & Bodmer. Gesamtbetrag: CHF 3.28 Mio.', 'NA', 'NA', 'Datenlieferung ETHZ (ETHZ-Gefoerderte_Professuren_WEBSEITE_2015_PDF.pdf)', 'Juni 2015'),
('77', '3', '2336', '1', 'Professur für Nachhaltiges Bauen', 'Betrag: CHF 11 Mio.', 'NA', 'NA', 'Datenlieferung ETHZ (ETHZ-Gefoerderte_Professuren_WEBSEITE_2015_PDF.pdf)', 'Juni 2015'),
('78', '12', '2337', '1', 'Professur für Humane Immunologie', 'Betrag: CHF 0.9 Mio.', 'NA', 'NA', 'Datenlieferung ETHZ (ETHZ-Gefoerderte_Professuren_WEBSEITE_2015_PDF.pdf)', 'Juni 2015'),
('79', '16', '2338', '1', 'Professur für Internationales Logistik Management', 'Betrag: CHF 6.6 Mio.', 'NA', 'NA', 'Datenlieferung ETHZ (ETHZ-Gefoerderte_Professuren_WEBSEITE_2015_PDF.pdf)', 'Juni 2015'),
('80', '15', '2339', '1', 'Professur für „Orthopaedic Technologies in Aging“', 'Betrag: CHF 10 Mio.', 'NA', 'NA', 'Datenlieferung ETHZ (ETHZ-Gefoerderte_Professuren_WEBSEITE_2015_PDF.pdf)', 'Juni 2015'),
('81', '8', '2340', '1', 'Assistenzprofessur mit Tenure Track für Biomolekulartechnik', 'Betrag: CHF 6.5 Mio.', 'NA', 'NA', 'Datenlieferung ETHZ (ETHZ-Gefoerderte_Professuren_WEBSEITE_2015_PDF.pdf)', 'Juni 2015'),
('82', '5', '2341', '1', 'Professur für Biomedizinische Bildgebung', 'Betrag: CHF 1 Mio.', 'NA', 'NA', 'Datenlieferung ETHZ (ETHZ-Gefoerderte_Professuren_WEBSEITE_2015_PDF.pdf)', 'Juni 2015'),
('83', '15', '2342', '1', 'Professur für Regenerationstechnik', 'Co-Finanzierung mit Hocoma und Rahn & Bodmer. Gesamtbetrag: CHF 3.28 Mio.', 'NA', 'NA', 'Datenlieferung ETHZ (ETHZ-Gefoerderte_Professuren_WEBSEITE_2015_PDF.pdf)', 'Juni 2015'),
('84', '5', '2343', '1', 'Professur für „Translational Neuromodeling“', 'Betrag: CHF 10 Mio.', 'NA', 'NA', 'Datenlieferung ETHZ (ETHZ-Gefoerderte_Professuren_WEBSEITE_2015_PDF.pdf)', 'Juni 2015'),
('85', '12', '2344', '1', 'Assistenzprofessur für „RNA Function and Technology in Disease“', 'Betrag: CHF 3 Mio.', 'NA', 'NA', 'Datenlieferung ETHZ (ETHZ-Gefoerderte_Professuren_WEBSEITE_2015_PDF.pdf)', 'Juni 2015'),
('86', '8', '2345', '1', 'Professur für Bioanalytik', 'Betrag: CHF 10 Mio.', 'NA', 'NA', 'Datenlieferung ETHZ (ETHZ-Gefoerderte_Professuren_WEBSEITE_2015_PDF.pdf)', 'Juni 2015'),
('87', '2', '2346', '1', 'Assistenzprofessur für Architektur und Nachhaltige Haustechnologien', 'Betrag: CHF 4 Mio.', 'NA', 'NA', 'Datenlieferung ETHZ (ETHZ-Gefoerderte_Professuren_WEBSEITE_2015_PDF.pdf)', 'Juni 2015'),
('88', '2', '2347', '1', 'Professur für Weiche Materialien', 'Betrag: CHF 7 Mio.', 'NA', 'NA', 'Datenlieferung ETHZ (ETHZ-Gefoerderte_Professuren_WEBSEITE_2015_PDF.pdf)', 'Juni 2015'),
('89', '2', '901', '1', 'Assistenzprofessur mit Tenure Track für „Fluid Dynamics”', 'Betrag: CHF 7 Mio.', 'NA', 'NA', 'Datenlieferung ETHZ (ETHZ-Gefoerderte_Professuren_WEBSEITE_2015_PDF.pdf)', 'Juni 2015'),
('90', '2', '2348', '1', 'Professur für Urbane Wassersysteme', 'Co-Finanzierung mit Albert Lück-Stiftung, Verband VSA, Verband SVGW. Gesamtbetrag: CHF 2.5 Mio.', 'NA', 'NA', 'Datenlieferung ETHZ (ETHZ-Gefoerderte_Professuren_WEBSEITE_2015_PDF.pdf)', 'Juni 2015'),
('91', '16', '2349', '1', 'Professur für Integratives Risiko Management', 'Betrag: CHF 5 Mio.', 'NA', 'NA', 'Datenlieferung ETHZ (ETHZ-Gefoerderte_Professuren_WEBSEITE_2015_PDF.pdf)', 'Juni 2015'),
('92', '6', '362', '1', 'Professur für „Information Security“', 'Betrag: CHF 10 Mio.', 'NA', 'NA', 'Datenlieferung ETHZ (ETHZ-Gefoerderte_Professuren_WEBSEITE_2015_PDF.pdf)', 'Juni 2015'),
('93', '14', '2350', '1', 'Professur für Nachhaltige Agrarökosysteme', 'Betrag: CHF 10 Mio.', 'NA', 'NA', 'Datenlieferung ETHZ (ETHZ-Gefoerderte_Professuren_WEBSEITE_2015_PDF.pdf)', 'Juni 2015'),
('94', '2', '2351', '1', 'Professur für Urbane Wassersysteme', 'Co-Finanzierung mit Albert Lück-Stiftung, Verband VSA, Verband SVGW. Gesamtbetrag: CHF 2.5 Mio.', 'NA', 'NA', 'Datenlieferung ETHZ (ETHZ-Gefoerderte_Professuren_WEBSEITE_2015_PDF.pdf)', 'Juni 2015'),
('95', '13', '2352', '1', 'Professur für Geothermische Energie und Geofluide', 'Betrag: CHF 10 Mio.', 'NA', 'NA', 'Datenlieferung ETHZ (ETHZ-Gefoerderte_Professuren_WEBSEITE_2015_PDF.pdf)', 'Juni 2015'),
('96', '15', '2353', '1', 'Professur für „Physical Activity & Health“', 'Betrag: CHF 10 Mio.', 'NA', 'NA', 'Datenlieferung ETHZ (ETHZ-Gefoerderte_Professuren_WEBSEITE_2015_PDF.pdf)', 'Juni 2015'),
('97', '16', '2354', '1', 'Assistenzprofessur mit Tenure Track für Risiko- und Versicherungsökonomie', 'Betrag: CHF 6 Mio.', 'NA', 'NA', 'Datenlieferung ETHZ (ETHZ-Gefoerderte_Professuren_WEBSEITE_2015_PDF.pdf)', 'Juni 2015'),
('98', '106', '2357', '4', 'Forschungsinstitut für Biomedizin', 'Jährliche Finanzierung in CHF: unbekannt', 'NA', 'NA', 'Website USI Stand August 2015', 'August2015'),
('99', '106', '2358', '4', 'Forschungsinstitut für Biomedizin', 'Jährliche Finanzierung in CHF: unbekannt', 'NA', 'NA', 'Website USI Stand August 2015', 'August2015'),
('100', '84', '2359', '4', 'Luigi Canonica and "Imperial" language: architectural culture in France and Italy under Napoleon', 'Jährliche Finanzierung in CHF: unbekannt', 'NA', 'NA', 'Website USI Stand August 2015', 'August2015'),
('101', '106', '2360', '4', 'Forschungsinstitut für Biomedizin', 'Jährliche Finanzierung in CHF: unbekannt', 'NA', 'NA', 'Website USI Stand August 2015', 'August2015'),
('102', '106', '2361', '4', 'Forschungsinstitut für Biomedizin', 'Jährliche Finanzierung in CHF: unbekannt', 'NA', 'NA', 'Website USI Stand August 2015', 'August2015'),
('103', '106', '2362', '4', 'Forschungsinstitut für Biomedizin', 'Jährliche Finanzierung in CHF: unbekannt', 'NA', 'NA', 'Website USI Stand August 2015', 'August2015'),
('104', '106', '2363', '4', 'Forschungsinstitut für Biomedizin', 'Jährliche Finanzierung in CHF: unbekannt', 'NA', 'NA', 'Website USI Stand August 2015', 'August2015'),
('105', '106', '2364', '4', 'Forschungsinstitut für Biomedizin', 'Jährliche Finanzierung in CHF: unbekannt', 'NA', 'NA', 'Website USI Stand August 2015', 'August2015'),
('106', '106', '2365', '4', 'Forschungsinstitut für Biomedizin', 'Jährliche Finanzierung in CHF: unbekannt', 'NA', 'NA', 'Website USI Stand August 2015', 'August2015'),
('107', '106', '2366', '4', 'Forschungsinstitut für Biomedizin', 'Jährliche Finanzierung in CHF: unbekannt', 'NA', 'NA', 'Website USI Stand August 2015', 'August2015'),
('108', '84', '2366', '4', 'CCMC - Center for Computational Medicine in Cardiology', 'Jährliche Finanzierung in CHF: unbekannt', 'NA', 'NA', 'Website USI Stand August 2015', 'August2015'),
('109', '106', '2367', '4', 'Forschungsinstitut für Biomedizin', 'Jährliche Finanzierung in CHF: unbekannt', 'NA', 'NA', 'Website USI Stand August 2015', 'August2015'),
('110', '106', '2368', '4', 'Forschungsinstitut für Biomedizin', 'Jährliche Finanzierung in CHF: unbekannt', 'NA', 'NA', 'Website USI Stand August 2015', 'August2015'),
('111', '106', '2370', '4', 'Forschungsinstitut für Biomedizin', 'Jährliche Finanzierung in CHF: unbekannt', 'NA', 'NA', 'Website USI Stand August 2015', 'August2015'),
('112', '106', '2371', '4', 'Forschungsinstitut für Biomedizin', 'Jährliche Finanzierung in CHF: unbekannt', 'NA', 'NA', 'Website USI Stand August 2015', 'August2015'),
('113', '106', '2372', '4', 'Forschungsinstitut für Biomedizin', 'Jährliche Finanzierung in CHF: unbekannt', 'NA', 'NA', 'Website USI Stand August 2015', 'August2015'),
('114', '106', '2373', '4', 'Forschungsinstitut für Biomedizin', 'Jährliche Finanzierung in CHF: unbekannt', 'NA', 'NA', 'Website USI Stand August 2015', 'August2015'),
('115', '106', '2374', '4', 'Forschungsinstitut für Biomedizin', 'Jährliche Finanzierung in CHF: unbekannt', 'NA', 'NA', 'Website USI Stand August 2015', 'August2015'),
('116', '106', '2375', '4', 'Forschungsinstitut für Biomedizin', 'Jährliche Finanzierung in CHF: unbekannt', 'NA', 'NA', 'Website USI Stand August 2015', 'August2015'),
('117', '106', '2376', '4', 'Forschungsinstitut für Biomedizin', 'Jährliche Finanzierung in CHF: unbekannt', 'NA', 'NA', 'Website USI Stand August 2015', 'August2015'),
('118', '106', '2377', '4', 'Forschungsinstitut für Biomedizin', 'Jährliche Finanzierung in CHF: unbekannt', 'NA', 'NA', 'Website USI Stand August 2015', 'August2015'),
('119', '106', '2378', '4', 'Forschungsinstitut für Biomedizin', 'Jährliche Finanzierung in CHF: unbekannt', 'NA', 'NA', 'Website USI Stand August 2015', 'August2015'),
('120', '106', '2379', '4', 'Forschungsinstitut für Biomedizin', 'Jährliche Finanzierung in CHF: unbekannt', 'NA', 'NA', 'Website USI Stand August 2015', 'August2015'),
('121', '106', '2380', '4', 'Forschungsinstitut für Biomedizin', 'Jährliche Finanzierung in CHF: unbekannt', 'NA', 'NA', 'Website USI Stand August 2015', 'August2015'),
('122', '106', '2381', '4', 'Forschungsinstitut für Biomedizin', 'Jährliche Finanzierung in CHF: unbekannt', 'NA', 'NA', 'Website USI Stand August 2015', 'August2015'),
('123', '106', '2382', '4', 'Forschungsinstitut für Biomedizin', 'Jährliche Finanzierung in CHF: unbekannt', 'NA', 'NA', 'Website USI Stand August 2015', 'August2015'),
('124', '106', '2383', '4', 'Forschungsinstitut für Biomedizin', 'Jährliche Finanzierung in CHF: unbekannt', 'NA', 'NA', 'Website USI Stand August 2015', 'August2015'),
('125', '106', '2384', '4', 'Forschungsinstitut für Biomedizin', 'Jährliche Finanzierung in CHF: unbekannt', 'NA', 'NA', 'Website USI Stand August 2015', 'August2015'),
('126', '84', '2385', '4', 'CCMC - Center for Computational Medicine in Cardiology', 'Jährliche Finanzierung in CHF: unbekannt', 'NA', 'NA', 'Website USI Stand August 2015', 'August2015'),
('127', '84', '2386', '4', 'CCMC - Center for Computational Medicine in Cardiology', 'Jährliche Finanzierung in CHF: unbekannt', 'NA', 'NA', 'Website USI Stand August 2015', 'August2015'),
('128', '106', '2387', '4', 'Forschungsinstitut für Biomedizin', 'Jährliche Finanzierung in CHF: unbekannt', 'NA', 'NA', 'Website USI Stand August 2015', 'August2015'),
('129', '106', '2388', '4', 'Forschungsinstitut für Biomedizin', 'Jährliche Finanzierung in CHF: unbekannt', 'NA', 'NA', 'Website USI Stand August 2015', 'August2015'),
('130', '106', '2389', '4', 'Forschungsinstitut für Biomedizin', 'Jährliche Finanzierung in CHF: unbekannt', 'NA', 'NA', 'Website USI Stand August 2015', 'August2015'),
('131', '106', '2390', '4', 'Forschungsinstitut für Biomedizin', 'Jährliche Finanzierung in CHF: unbekannt', 'NA', 'NA', 'Website USI Stand August 2015', 'August2015'),
('132', '106', '2391', '4', 'Forschungsinstitut für Biomedizin', 'Jährliche Finanzierung in CHF: unbekannt', 'NA', 'NA', 'Website USI Stand August 2015', 'August2015'),
('133', '106', '2392', '4', 'Forschungsinstitut für Biomedizin', 'Jährliche Finanzierung in CHF: unbekannt', 'NA', 'NA', 'Website USI Stand August 2015', 'August2015'),
('134', '84', '2393', '4', 'CCMC - Center for Computational Medicine in Cardiology', 'Jährliche Finanzierung in CHF: unbekannt', 'NA', 'NA', 'Website USI Stand August 2015', 'August2015'),
('135', '106', '2394', '4', 'Forschungsinstitut für Biomedizin', 'Jährliche Finanzierung in CHF: unbekannt', 'NA', 'NA', 'Website USI Stand August 2015', 'August2015'),
('136', '84', '2395', '1', 'Posizioni professore assistente', 'Jährliche Finanzierung in CHF: 356''000', '2006', '2015', 'Datenlieferung USI ("USI-Risposta SRF_giugno 2015.docx")', 'September2015'),
('137', '82', '2395', '1', 'Posizioni professore assistente am Istituto di studi italiani', 'Jährliche Finanzierung in CHF: 356''000', '2006', '2015', 'Datenlieferung USI ("USI-Risposta SRF_giugno 2015.docx")', 'September2015'),
('138', '83', '2396', '1', 'Una posizione professore assistente', 'Jährliche Finanzierung in CHF: 146''000', '2010', '2015', 'Datenlieferung USI ("USI-Risposta SRF_giugno 2015.docx")', 'September2015'),
('139', '84', '2397', '1', 'Posizione professore assistente Computational Biology', 'Jährliche Finanzierung in CHF: 150''000', '2015', '2017', 'Datenlieferung USI ("USI-Risposta SRF_giugno 2015.docx")', 'September2015'),
('140', '83', '2398', '1', 'MAS Humanitarian Logistic', 'Jährliche Finanzierung in CHF: 250''000', '2010', '2013', 'Datenlieferung USI ("USI-Risposta SRF_giugno 2015.docx")', 'September2015'),
('141', '84', '2399', '1', 'Cattedra Computational Sciences', 'Jährliche Finanzierung in CHF: 300''000', '2010', '2015', 'Datenlieferung USI ("USI-Risposta SRF_giugno 2015.docx")', 'September2015'),
('142', '84', '2392', '1', 'Progetto di ricerca', 'Jährliche Finanzierung in CHF: 187''000', '2011', '2015', 'Datenlieferung USI ("USI-Risposta SRF_giugno 2015.docx")', 'September2015'),
('143', '82', '2400', '1', '', 'Jährliche Finanzierung in CHF: 53''000', '2006', '2015', 'Datenlieferung USI ("USI-Risposta SRF_giugno 2015.docx")', 'September2015'),
('144', '83', '2401', '1', 'Posizioni professore assistente', 'Jährliche Finanzierung in CHF: 188''000', '2008', '2015', 'Datenlieferung USI ("USI-Risposta SRF_giugno 2015.docx")', 'September2015'),
('145', '83', '2402', '1', 'Cattedra Finance', 'Jährliche Finanzierung in CHF: 300''000', '2012', '2013', 'Datenlieferung USI ("USI-Risposta SRF_giugno 2015.docx")', 'September2015'),
('146', '83', '2403', '1', 'Corso pensioni', 'Jährliche Finanzierung in CHF: 30''000', '2013', '2015', 'Datenlieferung USI ("USI-Risposta SRF_giugno 2015.docx")', 'September2015'),
('147', '23', '2404', '1', 'Annetta und Gustav E. Grisdard- Professur für Molecular Bionics', 'Betrag: CHF 3 Mio.', '2010', '2015', 'Datenlieferung Unibas "UNIBAS-NEU-AnfrageSRF_2015_AktuelleStiftungsprofessuren_mitBeiträgen.pdf"', 'Juni 2015'),
('148', '21', '2405', '1', 'Professur für pädiatrische Pneumologie', 'Betrag: CHF 5 Mio.', '2013', '2023', 'Datenlieferung Unibas "UNIBAS-NEU-AnfrageSRF_2015_AktuelleStiftungsprofessuren_mitBeiträgen.pdf"', 'Juni 2015'),
('149', '22', '2406', '1', 'Professur für Jüdische Studien', 'Betrag: CHF 5 Mio.', '2000', 'bis Emeritierung', 'Datenlieferung Unibas "UNIBAS-NEU-AnfrageSRF_2015_AktuelleStiftungsprofessuren_mitBeiträgen.pdf"', 'Juni 2015'),
('150', '21', '2407', '1', 'Professur für Materialwissenschaften', 'Betrag: CHF 6 Mio.', '2006', '2016', 'Datenlieferung Unibas "UNIBAS-NEU-AnfrageSRF_2015_AktuelleStiftungsprofessuren_mitBeiträgen.pdf"', 'Juni 2015'),
('151', '21', '2408', '1', 'Eckenstein-Geigy-Professur für Pädiatrische Pharmakologie', 'Betrag: CHF 15 Mio.', '2014', '2024', 'Datenlieferung Unibas "UNIBAS-NEU-AnfrageSRF_2015_AktuelleStiftungsprofessuren_mitBeiträgen.pdf"', 'Juni 2015'),
('152', '22', '2409', '1', 'FAG-Assistenzprofessur Kulturelle Topographien Osteuropas', 'Betrag: CHF 750''000', '2012', '2016', 'Datenlieferung Unibas "UNIBAS-NEU-AnfrageSRF_2015_AktuelleStiftungsprofessuren_mitBeiträgen.pdf"', 'Juni 2015'),
('153', '23', '2410', '1', 'Professur für experimentelle Physik der kondensierten Materie', 'Betrag: CHF 3,2 Mio. ', '2012', '2022', 'Datenlieferung Unibas "UNIBAS-NEU-AnfrageSRF_2015_AktuelleStiftungsprofessuren_mitBeiträgen.pdf"', 'Juni 2015'),
('154', '21', '2411', '1', 'Stiftungsprofessur für kindliche Knochen- und Weichteiltumore', 'Betrag: CHF 1,5 Mio.', '2014', '2018', 'Datenlieferung Unibas "UNIBAS-NEU-AnfrageSRF_2015_AktuelleStiftungsprofessuren_mitBeiträgen.pdf"', 'Juni 2015'),
('155', '24', '2412', '1', 'Professur für Finanzmanagement', 'Betrag: CHF 10 Mio.', '2007', 'bis Emeritierung', 'Datenlieferung Unibas "UNIBAS-NEU-AnfrageSRF_2015_AktuelleStiftungsprofessuren_mitBeiträgen.pdf"', 'Juni 2015'),
('156', '21', '2344', '1', 'Professur für Immunologie', 'Betrag: CHF 12 Mio.', '2000', 'bis Emeritierung', 'Datenlieferung Unibas "UNIBAS-NEU-AnfrageSRF_2015_AktuelleStiftungsprofessuren_mitBeiträgen.pdf"', 'Juni 2015'),
('157', '24', '2413', '1', 'Professur für Health Economics', 'Jährlicher Betrag von CHF: 450''000', '2011', 'bis Emeritierung', 'Datenlieferung Unibas "UNIBAS-NEU-AnfrageSRF_2015_AktuelleStiftungsprofessuren_mitBeiträgen.pdf"', 'Juni 2015'),
('158', '22', '2414', '1', 'Laurenz-Professur für zeitgenössische Kunst', 'Betrag: CHF : 1 Mio.', '2015', '2019', 'Datenlieferung Unibas "UNIBAS-NEU-AnfrageSRF_2015_AktuelleStiftungsprofessuren_mitBeiträgen.pdf"', 'Juni 2015'),
('159', '22', '2414', '1', 'Schaulager-Professur für Kunsttheorie', 'Betrag: CHF 1,5 Mio.', '2013', '2017', 'Datenlieferung Unibas "UNIBAS-NEU-AnfrageSRF_2015_AktuelleStiftungsprofessuren_mitBeiträgen.pdf"', 'Juni 2015'),
('160', '18', '2415', '1', 'Assistenzprofessur Entwurf am Institut Urban and Landscape Studies', 'Betrag: CHF 1 Mio.', '2015', '2019', 'Datenlieferung Unibas "UNIBAS-NEU-AnfrageSRF_2015_AktuelleStiftungsprofessuren_mitBeiträgen.pdf"', 'Juni 2015'),
('161', '23', '2416', '1', 'Professuren in der Informatik', 'Betrag: CHF 4 Mio.', '2011', '2018', 'Datenlieferung Unibas "UNIBAS-NEU-AnfrageSRF_2015_AktuelleStiftungsprofessuren_mitBeiträgen.pdf"', 'Juni 2015'),
('162', '23', '28', '1', 'Professur für molekulare und systemische Toxikologie', 'Betrag: CHF  1 Mio.', '2012', '2017', 'Datenlieferung Unibas "UNIBAS-NEU-AnfrageSRF_2015_AktuelleStiftungsprofessuren_mitBeiträgen.pdf"', 'Juni 2015'),
('163', '24', '85', '1', 'Professur für Accounting', 'Betrag: CHF 1 Mio.', '2012', '2016', 'Datenlieferung Unibas "UNIBAS-NEU-AnfrageSRF_2015_AktuelleStiftungsprofessuren_mitBeiträgen.pdf"', 'Juni 2015'),
('164', '21', '2417', '1', 'Assistenzprofessur Bildverarbeitung', 'Betrag: CHF 2,75 Mio.', '2015', '2019', 'Datenlieferung Unibas "UNIBAS-NEU-AnfrageSRF_2015_AktuelleStiftungsprofessuren_mitBeiträgen.pdf"', 'Juni 2015'),
('165', '26', '2418', '1', 'Professur im Rahmen des Center for Philanthropy Studies (CEPS)', 'Betrag: CHF 2,5 Mio.', '2014', '2018', 'Datenlieferung Unibas "UNIBAS-NEU-AnfrageSRF_2015_AktuelleStiftungsprofessuren_mitBeiträgen.pdf"', 'Juni 2015'),
('166', '21', '2352', '1', '2 Professuren in der Medizin- Technologie', 'Betrag: CHF 15,2 Mio.', '2015', '2019', 'Datenlieferung Unibas "UNIBAS-NEU-AnfrageSRF_2015_AktuelleStiftungsprofessuren_mitBeiträgen.pdf"', 'Juni 2015'),
('167', '91', '2419', '1', 'Institut für Kunstgeschichte; Schwergewicht Geschichte der textilen Künste', 'Jährliche Finanzierung in CHF: unbekannt', 'NA', 'NA', 'Datenlieferung Unibe "UniBE AW Anfrage Kooperation Unis.msg"', 'September2015'),
('168', '87', '2327', '1', 'Kompetenzzentrum für Public Management KPM; Assistenzprofessur «Staat und Markt»', 'Jährliche Finanzierung in CHF: unbekannt', 'NA', 'NA', 'Datenlieferung Unibe "UniBE AW Anfrage Kooperation Unis.msg"', 'September2015'),
('169', '93', '2310', '1', 'Oeschger Centre for Climate Change Research; Schwerpunkt: Klimafolgen', 'Jährliche Finanzierung in CHF: unbekannt', 'NA', 'NA', 'Datenlieferung Unibe "UniBE AW Anfrage Kooperation Unis.msg"', 'September2015'),
('170', '87', '2420', '1', 'Kompetenzzentrum für Public Management KPM; Assistenzprofessur «Staat und Markt»', 'Jährliche Finanzierung in CHF: unbekannt', 'NA', 'NA', 'Datenlieferung Unibe "UniBE AW Anfrage Kooperation Unis.msg"', 'September2015'),
('171', '91', '2421', '1', 'Institut für Kunstgeschichte; Schwergewicht Gegenwartskunst', 'Jährliche Finanzierung in CHF: unbekannt', 'NA', 'NA', 'Datenlieferung Unibe "UniBE AW Anfrage Kooperation Unis.msg"', 'September2015'),
('172', '89', '2308', '1', 'Universitätsklinik für Kardiologie; Schwerpunkt: Invasive Kardiologie', 'Jährliche Finanzierung in CHF: unbekannt', 'NA', 'NA', 'Datenlieferung Unibe "UniBE AW Anfrage Kooperation Unis.msg"', 'September2015'),
('173', '91', '2422', '1', 'Institute of Advanced Study in the Humanities and the Social Sciences, Friedrich Dürrenmatt Gastprofessur für Weltliteratur', 'Jährliche Finanzierung in CHF: unbekannt', 'NA', 'NA', 'Datenlieferung Unibe "UniBE AW Anfrage Kooperation Unis.msg"', 'September2015'),
('174', '93', '2422', '1', 'Oeschger Centre for Climate Change Research; Assistenzprofessur für empirisch-experimentelle Klima- und Umweltökonomik', 'Jährliche Finanzierung in CHF: unbekannt', 'NA', 'NA', 'Datenlieferung Unibe "UniBE AW Anfrage Kooperation Unis.msg"', 'September2015'),
('175', '87', '361', '1', 'Kompetenzzentrum für Public Management KPM; Assistenzprofessur «Staat und Markt»', 'Jährliche Finanzierung in CHF: unbekannt', 'NA', 'NA', 'Datenlieferung Unibe "UniBE AW Anfrage Kooperation Unis.msg"', 'September2015'),
('176', '87', '1913', '1', 'Kompetenzzentrum für Public Management KPM; Assistenzprofessur «Staat und Markt»', 'Jährliche Finanzierung in CHF: unbekannt', 'NA', 'NA', 'Datenlieferung Unibe "UniBE AW Anfrage Kooperation Unis.msg"', 'September2015'),
('177', '89', '2423', '1', 'Institut für Komplementärmedizin, Schwerpunkt: Anthroposophisch erweiterte Medizin', 'Jährliche Finanzierung in CHF: unbekannt', 'NA', 'NA', 'Datenlieferung Unibe "UniBE AW Anfrage Kooperation Unis.msg"', 'September2015'),
('178', '90', '2424', '1', 'Institute of Bee Health; Schwerpunkt Bienengesundheit', 'Jährliche Finanzierung in CHF: unbekannt', 'NA', 'NA', 'Datenlieferung Unibe "UniBE AW Anfrage Kooperation Unis.msg"', 'September2015'),
('179', '89', '2425', '1', 'Institut für Komplementärmedizin, Schwerpunkt: Anthroposophisch erweiterte Medizin', 'Jährliche Finanzierung in CHF: unbekannt', 'NA', 'NA', 'Datenlieferung Unibe "UniBE AW Anfrage Kooperation Unis.msg"', 'September2015'),
('180', '53', '2426', '2', 'Quali+', 'Betrag: CHF 735''000', '2014', '2018', 'Brief-Antwort BGÖ-Anfrage 21.9.2015', 'September2015'),
('181', '57', '2347', '2', 'Forschungsgruppe im Management in Emerging Markets', 'Betrag: CHF 660''000', '2015', '2020', 'Brief-Antwort BGÖ-Anfrage 21.9.2015', 'September2015'),
('182', '58', '2427', '1', 'Interface Homme-Machine (Human-IST)', 'Co-Finanzierung. Gesamtbetrag: CHF 1 Mio.', '2015', '2016', 'Brief-Antwort BGÖ-Anfrage 21.9.2015', 'September2015'),
('183', '58', '2428', '1', 'Control and Perception Lab', 'Betrag: CHF 800''000', '2011', '2013', 'Brief-Antwort BGÖ-Anfrage 21.9.2015', 'September2015'),
('184', '58', '2429', '1', 'Interface Homme-Machine (Human-IST)', 'Co-Finanzierung. Gesamtbetrag: CHF 1 Mio.', '2015', '2016', 'Brief-Antwort BGÖ-Anfrage 21.9.2015', 'September2015'),
('185', '58', '2430', '4', 'Adolphe Merkle Institute', 'Betrag: CHF 100 Mio.', '2008', 'NA', 'Brief-Antwort BGÖ-Anfrage 21.9.2015', 'September2015'),
('186', '57', '362', '4', 'international institute of management in technology', 'Jährliche Finanzierung in CHF: unbekannt', 'NA', 'NA', 'Brief-Antwort BGÖ-Anfrage 21.9.2015', 'September2015'),
('187', '55', '2430', '4', 'Institut für Mehrsprachigkeit', 'Betrag: CHF 240''000', '2008', 'NA', 'Brief-Antwort BGÖ-Anfrage 21.9.2015', 'September2015'),
('188', '55', '2431', '4', 'Institut für Mehrsprachigkeit', 'Betrag: CHF 50''000', '2008', 'NA', 'Brief-Antwort BGÖ-Anfrage 21.9.2015', 'September2015'),
('189', '54', '2432', '1', 'Zentrum für Islam und Gesellschaft', 'Betrag: CHF 1.43 Mio.', '2016', '2020', 'Brief-Antwort BGÖ-Anfrage 21.9.2015', 'September2015'),
('190', '101', '2433', '1', 'Chaire Jacques de Senarclens', 'Jährliche Finanzierung in CHF: unbekannt', '2015', 'NA', 'NA', 'NA'),
('191', '101', '2434', '1', 'Chaire Irène Pictet', 'Jährliche Finanzierung in CHF: unbekannt', '2015', 'NA', 'NA', 'NA'),
('192', '95', '2435', '1', 'Chaire en Efficience Energétique', 'Jährliche Finanzierung in CHF: unbekannt', '2013', 'NA', 'NA', 'NA'),
('196', '99', '2401', '1', 'de cinq chaires SFI en finance', 'Jährliche Finanzierung in CHF: unbekannt', 'NA', 'NA', 'NA', 'NA'),
('197', '99', '2401', '1', 'de cinq chaires SFI en finance', 'Jährliche Finanzierung in CHF: unbekannt', 'NA', 'NA', 'NA', 'NA'),
('198', '99', '2401', '1', 'de cinq chaires SFI en finance', 'Jährliche Finanzierung in CHF: unbekannt', 'NA', 'NA', 'NA', 'NA'),
('199', '99', '2401', '1', 'de cinq chaires SFI en finance', 'Jährliche Finanzierung in CHF: unbekannt', 'NA', 'NA', 'NA', 'NA'),
('200', '99', '2401', '1', 'de cinq chaires SFI en finance', 'Jährliche Finanzierung in CHF: unbekannt', 'NA', 'NA', 'NA', 'NA'),
('208', '36', '2318', '1', 'Histoire et esthétique du cinéma', 'Jährlicher Betrag: CHF 70''000', '2015', 'NA', 'NA', 'NA'),
('209', '45', '2437', '4', 'Begabtenförderprogramm "primius"', 'Jährliche Finanzierung in CHF: unbekannt', 'NA', 'NA', 'Pressemitteilung Unilu https://www.unilu.ch/fakultaeten/ksf/institute/politikwissenschaftliches-seminar/news/news/detail/gegen-2-millionen-franken-fuer-forschung-eingeworben/', 'Oktober2014'),
('210', '44', '2438', '2', '"(Re)challenging norms and values in (post)socialist Vietnam. Decision-making strategies within the household and beyond"', 'Jährliche Finanzierung in CHF: unbekannt', 'NA', 'NA', 'Pressemitteilung Unilu https://www.unilu.ch/fakultaeten/ksf/institute/politikwissenschaftliches-seminar/news/news/detail/gegen-2-millionen-franken-fuer-forschung-eingeworben/', 'Oktober2014'),
('211', '43', '2422', '2', '"Imame, Rapper, Cybermuftis. Islamische Autoritäten, muslimische Jugendliche und gesellschaftliche Kohäsion in der Schweiz"', 'Betrag: CHF 412''000', 'NA', 'NA', 'Pressemitteilung Unilu https://www.unilu.ch/fakultaeten/ksf/institute/politikwissenschaftliches-seminar/news/news/detail/gegen-2-millionen-franken-fuer-forschung-eingeworben/', 'Oktober2014'),
('212', '43', '2439', '1', 'Institut für Jüdisch-Christliche Forschung (IJCF)', 'Jährliche Finanzierung in CHF: unbekannt', 'NA', 'NA', 'Pressemitteilung Unilu https://www.unilu.ch/fakultaeten/tf/professuren/judaistik-und-theologie/news/news/detail/jutta-schumacher-gablinger-gastprofessur-am-ijcf/', 'Oktober2014'),
('213', '48', '2440', '1', 'Droit du sport', 'Betrag: CHF 250''000', '2005', 'NA', 'Brief 16.10.2015', 'September2015'),
('214', '50', '2441', '1', 'Géographie politique', 'Betrag: CHF 125''000', '2010', '2015', 'Brief 16.10.2015', 'September2015'),
('215', '48', '2441', '1', 'Droit du développment territorial et en prévention et règlement amiable des différends', 'Betrag: CHF 125''000', '2010', '2015', 'Brief 16.10.2015', 'September2015'),
('216', '48', '2333', '1', 'Centre international d’études du sport (CIES)', 'Jährliche Finanzierung in CHF: unbekannt', 'NA', 'NA', 'Datenlieferung "UNINE-2015-06_questions_SRF-data.docx"', 'September2015'),
('217', '48', '2318', '1', 'littérature française', 'Betrag: CHF 292''000', 'NA', 'NA', 'Brief 16.10.2015', 'September2015'),
('218', '28', '2442', '4', 'Institut für Accounting, Controlling und Auditing', 'Jährliche Finanzierung in CHF: unbekannt', 'NA', 'NA', 'Websites der Institute, Stand August 2015', 'August2015'),
('219', '28', '1286', '4', 'Institut für Accounting, Controlling und Auditing', 'Jährliche Finanzierung in CHF: unbekannt', 'NA', 'NA', 'Websites der Institute, Stand August 2015', 'August2015'),
('220', '28', '2443', '4', 'Institut für Accounting, Controlling und Auditing', 'Jährliche Finanzierung in CHF: unbekannt', 'NA', 'NA', 'Websites der Institute, Stand August 2015', 'August2015'),
('221', '28', '2444', '4', 'Institut für Accounting, Controlling und Auditing', 'Jährliche Finanzierung in CHF: unbekannt', 'NA', 'NA', 'Websites der Institute, Stand August 2015', 'August2015'),
('222', '30', '2445', '4', 'Schweizerisches Institut für Aussenwirtschaft und Angewandte Wirtschaftsforschung', 'Jährliche Finanzierung in CHF: unbekannt', 'NA', 'NA', 'Websites der Institute, Stand August 2015', 'August2015'),
('223', '28', '454', '2', 'Forschungsstelle für Customer Insight', 'Jährliche Finanzierung in CHF: < 100''000', 'NA', 'NA', 'Websites der Institute, Stand August 2015', 'August2015'),
('224', '28', '2446', '2', 'Forschungsstelle für Customer Insight', 'Jährliche Finanzierung in CHF: < 100''000', 'NA', 'NA', 'Websites der Institute, Stand August 2015', 'August2015'),
('225', '28', '2447', '2', 'Forschungsstelle für Customer Insight', 'Jährliche Finanzierung in CHF: > 100''000', 'NA', 'NA', 'Websites der Institute, Stand August 2015', 'August2015'),
('226', '28', '2326', '2', 'Forschungsstelle für Customer Insight', 'Jährliche Finanzierung in CHF: < 100''000', 'NA', 'NA', 'Websites der Institute, Stand August 2015', 'August2015'),
('227', '28', '2448', '2', 'Forschungsstelle für Customer Insight', 'Jährliche Finanzierung in CHF: > 100''000', 'NA', 'NA', 'Websites der Institute, Stand August 2015', 'August2015'),
('228', '28', '2449', '2', 'Forschungsstelle für Customer Insight', 'Jährliche Finanzierung in CHF: < 100''000', 'NA', 'NA', 'Websites der Institute, Stand August 2015', 'August2015'),
('229', '28', '2450', '2', 'Forschungsstelle für Customer Insight', 'Jährliche Finanzierung in CHF: < 100''000', 'NA', 'NA', 'Websites der Institute, Stand August 2015', 'August2015'),
('230', '28', '2451', '2', 'Forschungsstelle für Customer Insight', 'Jährliche Finanzierung in CHF: < 100''000', 'NA', 'NA', 'Websites der Institute, Stand August 2015', 'August2015'),
('231', '28', '1060', '2', 'Forschungsstelle für Customer Insight', 'Jährliche Finanzierung in CHF: < 100''000', 'NA', 'NA', 'Websites der Institute, Stand August 2015', 'August2015'),
('232', '28', '2315', '2', 'Forschungsstelle für Customer Insight', 'Jährliche Finanzierung in CHF: < 100''000', 'NA', 'NA', 'Websites der Institute, Stand August 2015', 'August2015'),
('233', '28', '2452', '2', 'Forschungsstelle für Customer Insight', 'Jährliche Finanzierung in CHF: < 100''000', 'NA', 'NA', 'Websites der Institute, Stand August 2015', 'August2015'),
('234', '28', '1286', '2', 'Forschungsstelle für Customer Insight', 'Jährliche Finanzierung in CHF: < 100''000', 'NA', 'NA', 'Websites der Institute, Stand August 2015', 'August2015'),
('235', '28', '2336', '2', 'Forschungsstelle für Customer Insight', 'Jährliche Finanzierung in CHF: < 100''000', 'NA', 'NA', 'Websites der Institute, Stand August 2015', 'August2015'),
('236', '28', '2453', '2', 'Forschungsstelle für Customer Insight', 'Jährliche Finanzierung in CHF: < 100''000', 'NA', 'NA', 'Websites der Institute, Stand August 2015', 'August2015'),
('237', '28', '2454', '2', 'Forschungsstelle für Customer Insight', 'Jährliche Finanzierung in CHF: < 100''000', 'NA', 'NA', 'Websites der Institute, Stand August 2015', 'August2015'),
('238', '28', '2312', '2', 'Forschungsstelle für Customer Insight', 'Jährliche Finanzierung in CHF: < 100''000', 'NA', 'NA', 'Websites der Institute, Stand August 2015', 'August2015'),
('239', '28', '2455', '2', 'Forschungsstelle für Customer Insight', 'Jährliche Finanzierung in CHF: < 100''000', 'NA', 'NA', 'Websites der Institute, Stand August 2015', 'August2015'),
('240', '28', '2456', '2', 'Forschungsstelle für Customer Insight', 'Jährliche Finanzierung in CHF: < 100''000', 'NA', 'NA', 'Websites der Institute, Stand August 2015', 'August2015'),
('241', '28', '2457', '2', 'Forschungsstelle für Customer Insight', 'Jährliche Finanzierung in CHF: < 100''000', 'NA', 'NA', 'Websites der Institute, Stand August 2015', 'August2015'),
('242', '28', '2458', '2', 'Forschungsstelle für Customer Insight', 'Jährliche Finanzierung in CHF: < 100''000', 'NA', 'NA', 'Websites der Institute, Stand August 2015', 'August2015'),
('243', '28', '929', '2', 'Forschungsstelle für Customer Insight', 'Jährliche Finanzierung in CHF: < 100''000', 'NA', 'NA', 'Websites der Institute, Stand August 2015', 'August2015'),
('244', '28', '2459', '2', 'Forschungsstelle für Customer Insight', 'Jährliche Finanzierung in CHF: < 100''000', 'NA', 'NA', 'Websites der Institute, Stand August 2015', 'August2015'),
('245', '28', '2460', '2', 'Forschungsstelle für Customer Insight', 'Jährliche Finanzierung in CHF: < 100''000', 'NA', 'NA', 'Websites der Institute, Stand August 2015', 'August2015'),
('246', '30', '2461', '1', 'Lehrstuhl für Management erneuerbarer Energien am Institut für Wirtschaft und Ökologie (IWÖ-HSG)', 'Jährliche Finanzierung in CHF: unbekannt', 'NA', 'NA', 'Websites der Institute, Stand August 2015', 'August2015'),
('247', '28', '2442', '1', 'Lehrstuhl für Familienunternehmen am Center for Family Business (CFB-HSG)', 'Jährliche Finanzierung in CHF: unbekannt', 'NA', 'NA', 'Websites der Institute, Stand August 2015', 'August2015'),
('248', '28', '2462', '1', 'Lehrstuhl für Versicherungsmanagement am Institut für Versicherungswirtschaft (I.VW-HSG)', 'Jährliche Finanzierung in CHF: unbekannt', 'NA', 'NA', 'Websites der Institute, Stand August 2015', 'August2015'),
('249', '28', '2443', '1', 'Lehrstuhl für Audit und Accounting am Institut für Accounting, Controlling und Auditing (ACA-HSG)', 'Jährliche Finanzierung in CHF: unbekannt', 'NA', 'NA', 'Websites der Institute, Stand August 2015', 'August2015'),
('250', '28', '2463', '1', 'Lehrstuhl für Internationales Wirtschaftsrecht und Law and Economics am Institut für Finanzwissenschaft und Finanzrecht (IFF-HSG)', 'Jährliche Finanzierung in CHF: unbekannt', 'NA', 'NA', 'Websites der Institute, Stand August 2015', 'August2015'),
('251', '28', '2464', '1', 'Lehrstuhl für Internationales Handelsmanagement am Forschungszentrum für Handelsmanagement (IRM-HSG)', 'Jährliche Finanzierung in CHF: unbekannt', 'NA', 'NA', 'Websites der Institute, Stand August 2015', 'August2015'),
('252', '64', '2465', '1', 'Molekular-Krebs-Forschungsgruppe', 'Jährliche Finanzierung in CHF: unbekannt', 'NA', 'NA', 'Datenlieferung UZH "UniZH-150612_Stiftungsprofessuren.xlsx"', 'Juni 2015'),
('253', '67', '1355', '1', 'Informatik und Nachhaltigkeit', 'Jährliche Finanzierung in CHF: unbekannt', 'NA', 'NA', 'Datenlieferung UZH "UniZH-150612_Stiftungsprofessuren.xlsx"', 'Juni 2015'),
('254', '67', '2466', '1', 'Pelkmans-Lab am Institute of Molecular Life Sciences', 'Jährliche Finanzierung in CHF: unbekannt', 'NA', 'NA', 'Datenlieferung UZH "UniZH-150612_Stiftungsprofessuren.xlsx"', 'Juni 2015'),
('255', '64', '2467', '1', 'Institut für experimentelle Immunologie', 'Jährliche Finanzierung in CHF: unbekannt', 'NA', 'NA', 'Datenlieferung UZH "UniZH-150612_Stiftungsprofessuren.xlsx"', 'Juni 2015'),
('256', '64', '2337', '1', 'Horten-Zentrum für Praxisorientierte Forschung und Wissenstransfer', 'Jährliche Finanzierung in CHF: unbekannt', 'NA', 'NA', 'Datenlieferung UZH "UniZH-150612_Stiftungsprofessuren.xlsx"', 'Juni 2015'),
('257', '66', '2468', '1', 'Jacobs Zentrum für Jugendforschung', 'Jährliche Finanzierung in CHF: unbekannt', '2014', 'NA', 'Datenlieferung UZH "UniZH-150612_Stiftungsprofessuren.xlsx"', 'Juni 2015'),
('258', '64', '2469', '1', 'Lehrstuhl für Muttermilch Forschung', 'Betrag: CHF 20 Mio.', 'NA', 'NA', 'Datenlieferung UZH "UniZH-150612_Stiftungsprofessuren.xlsx"', 'Juli 2015'),
('259', '63', '2470', '1', 'Professur für BWL am Institut für Betriebswirtschaftslehre', 'Jährliche Finanzierung in CHF: unbekannt', 'NA', 'NA', 'Datenlieferung UZH "UniZH-150612_Stiftungsprofessuren.xlsx"', 'Juni 2015'),
('260', '66', '2422', '1', 'Professur für sozialwissenschaftliche Japanologie', 'Jährliche Finanzierung in CHF: unbekannt', 'NA', 'NA', 'Datenlieferung UZH "UniZH-150612_Stiftungsprofessuren.xlsx"', 'Juni 2015'),
('261', '64', '28', '1', 'Cancer Network Zurich', 'Jährliche Finanzierung in CHF: unbekannt', 'NA', 'NA', 'Datenlieferung UZH "UniZH-150612_Stiftungsprofessuren.xlsx"', 'Juni 2015'),
('262', '64', '2471', '1', 'Neurorehabilitation', 'Jährliche Finanzierung in CHF: unbekannt', 'NA', 'NA', 'Datenlieferung UZH "UniZH-150612_Stiftungsprofessuren.xlsx"', 'Juni 2015'),
('263', '64', '929', '1', 'Professur für Mustelplastizität, Unispital Balgrist', 'Jährliche Finanzierung in CHF: unbekannt', 'NA', 'NA', 'Datenlieferung UZH "UniZH-150612_Stiftungsprofessuren.xlsx"', 'Juni 2015'),
('264', '63', '2319', '1', 'Professor für Finance am Institut für Banking und Finance', 'Jährliche Finanzierung in CHF: unbekannt', 'NA', 'NA', 'Datenlieferung UZH "UniZH-150612_Stiftungsprofessuren.xlsx"', 'Juni 2015'),
('265', '63', '2319', '1', 'Financial Economics am Institut für Banking und Finance', 'Jährliche Finanzierung in CHF: unbekannt', 'NA', 'NA', 'Datenlieferung UZH "UniZH-150612_Stiftungsprofessuren.xlsx"', 'Juni 2015'),
('266', '63', '2319', '1', 'Professor of Banking am Institut für Banking und Finance', 'Jährliche Finanzierung in CHF: unbekannt', 'NA', 'NA', 'Datenlieferung UZH "UniZH-150612_Stiftungsprofessuren.xlsx"', 'Juni 2015'),
('267', '64', '2472', '1', 'Zentrum für Zahnmedizin', 'Jährliche Finanzierung in CHF: unbekannt', 'NA', 'NA', 'Datenlieferung UZH "UniZH-150612_Stiftungsprofessuren.xlsx"', 'Juni 2015'),
('268', '66', '2473', '1', 'Centre for Democracy Studies Aarau', 'Jährliche Finanzierung in CHF: unbekannt', 'NA', 'NA', 'Datenlieferung UZH "UniZH-150612_Stiftungsprofessuren.xlsx"', 'Juni 2015'),
('269', '64', '2474', '1', 'Professorin Krebsepidemiologie', 'Jährliche Finanzierung in CHF: unbekannt', 'NA', 'NA', 'Datenlieferung UZH "UniZH-150612_Stiftungsprofessuren.xlsx"', 'Juni 2015'),
('270', '64', '2475', '1', 'Psychiatrische Forschung', 'Jährliche Finanzierung in CHF: unbekannt', 'NA', 'NA', 'Datenlieferung UZH "UniZH-150612_Stiftungsprofessuren.xlsx"', 'Juni 2015'),
('271', '64', '2476', '1', 'Skin Cancer Functional Genomics', 'Jährliche Finanzierung in CHF: unbekannt', 'NA', 'NA', 'Datenlieferung UZH "UniZH-150612_Stiftungsprofessuren.xlsx"', 'Juni 2015'),
('272', '63', '2477', '1', 'Hans Vontobel Professor of Financial Engineering am Institut für Banking und Finance', 'Jährliche Finanzierung in CHF: unbekannt', 'NA', 'NA', 'Datenlieferung UZH "UniZH-150612_Stiftungsprofessuren.xlsx"', 'Juni 2015'),
('273', '64', '2477', '1', 'Institute of Molecular Cancer Research', 'Jährliche Finanzierung in CHF: unbekannt', 'NA', 'NA', 'Datenlieferung UZH "UniZH-150612_Stiftungsprofessuren.xlsx"', 'Juni 2015'),
('274', '64', '2478', '1', 'Assistenzprofessur für Plasitzitäts- und Lernforschung', 'Jährliche Finanzierung in CHF: unbekannt', 'NA', 'NA', 'Datenlieferung UZH "UniZH-150612_Stiftungsprofessuren.xlsx"', 'Juni 2015'),
('275', '101', '2684', '1', 'Théologie pratique', 'Jährliche Finanzierung in CHF: 260''000', ' ', '12 Jahre', 'Tabelle Uni Genf', 'Winter 2015'),
('276', '101', '2684', '1', 'Ethique', 'Jährliche Finanzierung in CHF: 200''000', '§ ', '10 Jahre', 'Tabelle Uni Genf', 'Dezember 2015'),
('277', '95', '2684', '1', 'Professorat en efficience énergétique', 'Jährliche Finanzierung in CHF: 400''000', ' ', '4 Jahre', 'Tabelle Uni Genf', 'Dezember 2015'),
('278', '96', '1426', '1', 'Neurosciences cliniques', 'Jährliche Finanzierung in CHF: 500''000', ' ', '5 Jahre', 'Tabelle Uni Genf', 'Dezember 2015'),
('279', '96', '1426', '1', 'Santé globale', 'Jährliche Finanzierung in CHF: 500''000', ' ', '5 Jahre', 'Tabelle Uni Genf', 'Dezember 2015'),
('280', '96', '398', '1', 'Microbiologie - Virologie', 'Jährliche Finanzierung in CHF: unbekannt', ' ', '2 Jahre', 'Tabelle Uni Genf', 'Dezember 2015'),
('281', '96', '2686', '1', 'Rhumatologie', 'Jährliche Finanzierung in CHF: 400''000', ' ', '5 Jahre', 'Tabelle Uni Genf', 'Dezember 2015'),
('282', '96', '2687', '1', 'Chaire Professorat Alain Rossier: Neuro-régénération et réparation fonctionnelle du système nerveux', 'Jährliche Finanzierung in CHF: 700''000', ' ', '3 Jahre', 'Tabelle Uni Genf', 'Dezember 2015'),
('283', '96', '1827', '1', 'Chaire Giorgi Cavaglieri en Sciences de la Vie', 'Jährliche Finanzierung in CHF: 400''000', ' ', '6 Jahre', 'Tabelle Uni Genf', 'Dezember 2015'),
('284', '99', '398', '1', 'Economie', 'Jährliche Finanzierung in CHF: unbekannt', '', '', 'Tabelle Uni Genf', 'Dezember 2015'),
('285', '33', '451', '4', 'Unspezifische Co-Finanzierung', 'Jährliche Finanzierung in CHF: > 50''000', 'NA', 'NA', 'Couriell UNIL: Financements de plus de CHF 50''000 versés en 2014 à l''UniL par des tiers', 'Jan 2016'),
('286', '33', '2779', '4', 'Unspezifische Co-Finanzierung', 'Jährliche Finanzierung in CHF: > 50''000', 'NA', 'NA', 'Couriell UNIL: Financements de plus de CHF 50''000 versés en 2014 à l''UniL par des tiers', 'Jan 2016'),
('287', '33', '2780', '4', 'Unspezifische Co-Finanzierung', 'Jährliche Finanzierung in CHF: > 50''000', 'NA', 'NA', 'Couriell UNIL: Financements de plus de CHF 50''000 versés en 2014 à l''UniL par des tiers', 'Jan 2016'),
('288', '33', '2781', '4', 'Unspezifische Co-Finanzierung', 'Jährliche Finanzierung in CHF: > 50''000', 'NA', 'NA', 'Couriell UNIL: Financements de plus de CHF 50''000 versés en 2014 à l''UniL par des tiers', 'Jan 2016'),
('289', '33', '2782', '4', 'Unspezifische Co-Finanzierung', 'Jährliche Finanzierung in CHF: > 50''000', 'NA', 'NA', 'Couriell UNIL: Financements de plus de CHF 50''000 versés en 2014 à l''UniL par des tiers', 'Jan 2016'),
('290', '33', '2344', '4', 'Unspezifische Co-Finanzierung', 'Jährliche Finanzierung in CHF: > 50''000', 'NA', 'NA', 'Couriell UNIL: Financements de plus de CHF 50''000 versés en 2014 à l''UniL par des tiers', 'Jan 2016'),
('291', '33', '2783', '4', 'Unspezifische Co-Finanzierung', 'Jährliche Finanzierung in CHF: > 50''000', 'NA', 'NA', 'Couriell UNIL: Financements de plus de CHF 50''000 versés en 2014 à l''UniL par des tiers', 'Jan 2016'),
('292', '33', '2309', '4', 'Unspezifische Co-Finanzierung', 'Jährliche Finanzierung in CHF: > 50''000', 'NA', 'NA', 'Couriell UNIL: Financements de plus de CHF 50''000 versés en 2014 à l''UniL par des tiers', 'Jan 2016'),
('293', '33', '2784', '4', 'Unspezifische Co-Finanzierung', 'Jährliche Finanzierung in CHF: > 50''000', 'NA', 'NA', 'Couriell UNIL: Financements de plus de CHF 50''000 versés en 2014 à l''UniL par des tiers', 'Jan 2016'),
('294', '33', '2706', '4', 'Unspezifische Co-Finanzierung', 'Jährliche Finanzierung in CHF: > 50''000', 'NA', 'NA', 'Couriell UNIL: Financements de plus de CHF 50''000 versés en 2014 à l''UniL par des tiers', 'Jan 2016'),
('295', '33', '2785', '4', 'Unspezifische Co-Finanzierung', 'Jährliche Finanzierung in CHF: > 50''000', 'NA', 'NA', 'Couriell UNIL: Financements de plus de CHF 50''000 versés en 2014 à l''UniL par des tiers', 'Jan 2016'),
('296', '33', '2786', '4', 'Unspezifische Co-Finanzierung', 'Jährliche Finanzierung in CHF: > 50''000', 'NA', 'NA', 'Couriell UNIL: Financements de plus de CHF 50''000 versés en 2014 à l''UniL par des tiers', 'Jan 2016'),
('297', '33', '2787', '4', 'Unspezifische Co-Finanzierung', 'Jährliche Finanzierung in CHF: > 50''000', 'NA', 'NA', 'Couriell UNIL: Financements de plus de CHF 50''000 versés en 2014 à l''UniL par des tiers', 'Jan 2016'),
('298', '33', '2788', '4', 'Unspezifische Co-Finanzierung', 'Jährliche Finanzierung in CHF: > 50''000', 'NA', 'NA', 'Couriell UNIL: Financements de plus de CHF 50''000 versés en 2014 à l''UniL par des tiers', 'Jan 2016'),
('299', '33', '2716', '4', 'Unspezifische Co-Finanzierung', 'Jährliche Finanzierung in CHF: > 50''000', 'NA', 'NA', 'Couriell UNIL: Financements de plus de CHF 50''000 versés en 2014 à l''UniL par des tiers', 'Jan 2016'),
('300', '33', '991', '4', 'Unspezifische Co-Finanzierung', 'Jährliche Finanzierung in CHF: > 50''000', 'NA', 'NA', 'Couriell UNIL: Financements de plus de CHF 50''000 versés en 2014 à l''UniL par des tiers', 'Jan 2016'),
('301', '33', '2711', '4', 'Unspezifische Co-Finanzierung', 'Jährliche Finanzierung in CHF: > 50''000', 'NA', 'NA', 'Couriell UNIL: Financements de plus de CHF 50''000 versés en 2014 à l''UniL par des tiers', 'Jan 2016'),
('302', '33', '2789', '4', 'Unspezifische Co-Finanzierung', 'Jährliche Finanzierung in CHF: > 50''000', 'NA', 'NA', 'Couriell UNIL: Financements de plus de CHF 50''000 versés en 2014 à l''UniL par des tiers', 'Jan 2016'),
('303', '33', '1899', '4', 'Unspezifische Co-Finanzierung', 'Jährliche Finanzierung in CHF: > 50''000', 'NA', 'NA', 'Couriell UNIL: Financements de plus de CHF 50''000 versés en 2014 à l''UniL par des tiers', 'Jan 2016'),
('304', '33', '2790', '4', 'Unspezifische Co-Finanzierung', 'Jährliche Finanzierung in CHF: > 50''000', 'NA', 'NA', 'Couriell UNIL: Financements de plus de CHF 50''000 versés en 2014 à l''UniL par des tiers', 'Jan 2016'),
('305', '33', '2791', '4', 'Unspezifische Co-Finanzierung', 'Jährliche Finanzierung in CHF: > 50''000', 'NA', 'NA', 'Couriell UNIL: Financements de plus de CHF 50''000 versés en 2014 à l''UniL par des tiers', 'Jan 2016'),
('306', '33', '2792', '4', 'Unspezifische Co-Finanzierung', 'Jährliche Finanzierung in CHF: > 50''000', 'NA', 'NA', 'Couriell UNIL: Financements de plus de CHF 50''000 versés en 2014 à l''UniL par des tiers', 'Jan 2016'),
('307', '33', '2793', '4', 'Unspezifische Co-Finanzierung', 'Jährliche Finanzierung in CHF: > 50''000', 'NA', 'NA', 'Couriell UNIL: Financements de plus de CHF 50''000 versés en 2014 à l''UniL par des tiers', 'Jan 2016'),
('308', '33', '2794', '4', 'Unspezifische Co-Finanzierung', 'Jährliche Finanzierung in CHF: > 50''000', 'NA', 'NA', 'Couriell UNIL: Financements de plus de CHF 50''000 versés en 2014 à l''UniL par des tiers', 'Jan 2016'),
('309', '33', '2686', '4', 'Unspezifische Co-Finanzierung', 'Jährliche Finanzierung in CHF: > 50''000', 'NA', 'NA', 'Couriell UNIL: Financements de plus de CHF 50''000 versés en 2014 à l''UniL par des tiers', 'Jan 2016'),
('310', '33', '2795', '4', 'Unspezifische Co-Finanzierung', 'Jährliche Finanzierung in CHF: > 50''000', 'NA', 'NA', 'Couriell UNIL: Financements de plus de CHF 50''000 versés en 2014 à l''UniL par des tiers', 'Jan 2016'),
('311', '33', '2796', '4', 'Unspezifische Co-Finanzierung', 'Jährliche Finanzierung in CHF: > 50''000', 'NA', 'NA', 'Couriell UNIL: Financements de plus de CHF 50''000 versés en 2014 à l''UniL par des tiers', 'Jan 2016'),
('312', '33', '2797', '4', 'Unspezifische Co-Finanzierung', 'Jährliche Finanzierung in CHF: > 50''000', 'NA', 'NA', 'Couriell UNIL: Financements de plus de CHF 50''000 versés en 2014 à l''UniL par des tiers', 'Jan 2016'),
('313', '33', '1843', '4', 'Unspezifische Co-Finanzierung', 'Jährliche Finanzierung in CHF: > 50''000', 'NA', 'NA', 'Couriell UNIL: Financements de plus de CHF 50''000 versés en 2014 à l''UniL par des tiers', 'Jan 2016'),
('314', '33', '2798', '4', 'Unspezifische Co-Finanzierung', 'Jährliche Finanzierung in CHF: > 50''000', 'NA', 'NA', 'Couriell UNIL: Financements de plus de CHF 50''000 versés en 2014 à l''UniL par des tiers', 'Jan 2016'),
('315', '33', '2799', '4', 'Unspezifische Co-Finanzierung', 'Jährliche Finanzierung in CHF: > 50''000', 'NA', 'NA', 'Couriell UNIL: Financements de plus de CHF 50''000 versés en 2014 à l''UniL par des tiers', 'Jan 2016'),
('316', '33', '2800', '4', 'Unspezifische Co-Finanzierung', 'Jährliche Finanzierung in CHF: > 50''000', 'NA', 'NA', 'Couriell UNIL: Financements de plus de CHF 50''000 versés en 2014 à l''UniL par des tiers', 'Jan 2016'),
('317', '33', '2801', '4', 'Unspezifische Co-Finanzierung', 'Jährliche Finanzierung in CHF: > 50''000', 'NA', 'NA', 'Couriell UNIL: Financements de plus de CHF 50''000 versés en 2014 à l''UniL par des tiers', 'Jan 2016'),
('318', '33', '2802', '4', 'Unspezifische Co-Finanzierung', 'Jährliche Finanzierung in CHF: > 50''000', 'NA', 'NA', 'Couriell UNIL: Financements de plus de CHF 50''000 versés en 2014 à l''UniL par des tiers', 'Jan 2016'),
('319', '33', '2803', '4', 'Unspezifische Co-Finanzierung', 'Jährliche Finanzierung in CHF: > 50''000', 'NA', 'NA', 'Couriell UNIL: Financements de plus de CHF 50''000 versés en 2014 à l''UniL par des tiers', 'Jan 2016'),
('320', '33', '2804', '4', 'Unspezifische Co-Finanzierung', 'Jährliche Finanzierung in CHF: > 50''000', 'NA', 'NA', 'Couriell UNIL: Financements de plus de CHF 50''000 versés en 2014 à l''UniL par des tiers', 'Jan 2016'),
('321', '33', '2805', '4', 'Unspezifische Co-Finanzierung', 'Jährliche Finanzierung in CHF: > 50''000', 'NA', 'NA', 'Couriell UNIL: Financements de plus de CHF 50''000 versés en 2014 à l''UniL par des tiers', 'Jan 2016'),
('322', '33', '2806', '4', 'Unspezifische Co-Finanzierung', 'Jährliche Finanzierung in CHF: > 50''000', 'NA', 'NA', 'Couriell UNIL: Financements de plus de CHF 50''000 versés en 2014 à l''UniL par des tiers', 'Jan 2016'),
('323', '33', '2807', '4', 'Unspezifische Co-Finanzierung', 'Jährliche Finanzierung in CHF: > 50''000', 'NA', 'NA', 'Couriell UNIL: Financements de plus de CHF 50''000 versés en 2014 à l''UniL par des tiers', 'Jan 2016'),
('324', '33', '2660', '4', 'Unspezifische Co-Finanzierung', 'Jährliche Finanzierung in CHF: > 50''000', 'NA', 'NA', 'Couriell UNIL: Financements de plus de CHF 50''000 versés en 2014 à l''UniL par des tiers', 'Jan 2016'),
('325', '33', '2808', '4', 'Unspezifische Co-Finanzierung', 'Jährliche Finanzierung in CHF: > 50''000', 'NA', 'NA', 'Couriell UNIL: Financements de plus de CHF 50''000 versés en 2014 à l''UniL par des tiers', 'Jan 2016'),
('326', '33', '2809', '4', 'Unspezifische Co-Finanzierung', 'Jährliche Finanzierung in CHF: > 50''000', 'NA', 'NA', 'Couriell UNIL: Financements de plus de CHF 50''000 versés en 2014 à l''UniL par des tiers', 'Jan 2016'),
('327', '33', '2810', '4', 'Unspezifische Co-Finanzierung', 'Jährliche Finanzierung in CHF: > 50''000', 'NA', 'NA', 'Couriell UNIL: Financements de plus de CHF 50''000 versés en 2014 à l''UniL par des tiers', 'Jan 2016'),
('328', '33', '2811', '4', 'Unspezifische Co-Finanzierung', 'Jährliche Finanzierung in CHF: > 50''000', 'NA', 'NA', 'Couriell UNIL: Financements de plus de CHF 50''000 versés en 2014 à l''UniL par des tiers', 'Jan 2016'),
('329', '33', '2318', '1', 'Unspezifische Co-Finanzierung', 'Jährliche Finanzierung in CHF: > 50''000', 'NA', 'NA', 'Couriell UNIL: Financements de plus de CHF 50''000 versés en 2014 à l''UniL par des tiers', 'Jan 2016'),
('330', '33', '2812', '4', 'Unspezifische Co-Finanzierung', 'Jährliche Finanzierung in CHF: > 50''000', 'NA', 'NA', 'Couriell UNIL: Financements de plus de CHF 50''000 versés en 2014 à l''UniL par des tiers', 'Jan 2016'),
('331', '33', '2813', '4', 'Unspezifische Co-Finanzierung', 'Jährliche Finanzierung in CHF: > 50''000', 'NA', 'NA', 'Couriell UNIL: Financements de plus de CHF 50''000 versés en 2014 à l''UniL par des tiers', 'Jan 2016'),
('332', '33', '2646', '4', 'Unspezifische Co-Finanzierung', 'Jährliche Finanzierung in CHF: > 50''000', 'NA', 'NA', 'Couriell UNIL: Financements de plus de CHF 50''000 versés en 2014 à l''UniL par des tiers', 'Jan 2016'),
('333', '33', '2814', '4', 'Unspezifische Co-Finanzierung', 'Jährliche Finanzierung in CHF: > 50''000', 'NA', 'NA', 'Couriell UNIL: Financements de plus de CHF 50''000 versés en 2014 à l''UniL par des tiers', 'Jan 2016'),
('334', '33', '2319', '1', 'Co-Finanzierung eines Lehrstuhles', 'Jährliche Finanzierung in CHF: > 50''000', 'NA', 'NA', 'Couriell UNIL: Financements de plus de CHF 50''000 versés en 2014 à l''UniL par des tiers', 'Jan 2016'),
('335', '33', '2319', '1', 'Co-Finanzierung eines Lehrstuhles', 'Jährliche Finanzierung in CHF: > 50''000', 'NA', 'NA', 'Couriell UNIL: Financements de plus de CHF 50''000 versés en 2014 à l''UniL par des tiers', 'Jan 2016'),
('336', '33', '2319', '1', 'Co-Finanzierung eines Lehrstuhles', 'Jährliche Finanzierung in CHF: > 50''000', 'NA', 'NA', 'Couriell UNIL: Financements de plus de CHF 50''000 versés en 2014 à l''UniL par des tiers', 'Jan 2016'),
('337', '33', '2815', '4', 'Unspezifische Co-Finanzierung', 'Jährliche Finanzierung in CHF: > 50''000', 'NA', 'NA', 'Couriell UNIL: Financements de plus de CHF 50''000 versés en 2014 à l''UniL par des tiers', 'Jan 2016'),
('338', '33', '2673', '4', 'Unspezifische Co-Finanzierung', 'Jährliche Finanzierung in CHF: > 50''000', 'NA', 'NA', 'Couriell UNIL: Financements de plus de CHF 50''000 versés en 2014 à l''UniL par des tiers', 'Jan 2016'),
('339', '33', '2816', '4', 'Unspezifische Co-Finanzierung', 'Jährliche Finanzierung in CHF: > 50''000', 'NA', 'NA', 'Couriell UNIL: Financements de plus de CHF 50''000 versés en 2014 à l''UniL par des tiers', 'Jan 2016'),
('340', '33', '2817', '4', 'Unspezifische Co-Finanzierung', 'Jährliche Finanzierung in CHF: > 50''000', 'NA', 'NA', 'Couriell UNIL: Financements de plus de CHF 50''000 versés en 2014 à l''UniL par des tiers', 'Jan 2016'),
('341', '33', '2818', '4', 'Unspezifische Co-Finanzierung', 'Jährliche Finanzierung in CHF: > 50''000', 'NA', 'NA', 'Couriell UNIL: Financements de plus de CHF 50''000 versés en 2014 à l''UniL par des tiers', 'Jan 2016'),
('342', '33', '2474', '1', 'Co-Finanzierung eines Lehrstuhles', 'Jährliche Finanzierung in CHF: > 50''000', 'NA', 'NA', 'Couriell UNIL: Financements de plus de CHF 50''000 versés en 2014 à l''UniL par des tiers', 'Jan 2016');

INSERT INTO "Kooperationsart" ("ID", "Bezeichnung") VALUES
('1', 'Stiftungslehrstuhl'),
('2', 'Projektabhängige Forschungsmittel'),
('3', 'Stipendien'),
('4', 'Co-Finanzierung'),
('5', 'Unbekannt');

INSERT INTO "Name" ("ID", "Stiftung", "Name") VALUES
('0', '0', 'Knecht Holding AG'),
('1', '0', 'Centre Suisse d’Electronique et de Microtechnique (CSEM)'),
('2', '0', 'Science Foundation Ireland'),
('3', '0', 'Rahn & Bodmer'),
('4', '0', 'Swiss Life Holding Ltd'),
('5', '0', 'Neue Bank AG'),
('6', '0', 'Eurobus welti-furrer AG'),
('7', '0', 'Avaloq Evolution AG'),
('8', '0', 'Basler & Hofmann, Esslingen'),
('9', '0', 'Eurobus Bern AG'),
('10', '0', 'Bergbahnen Disentis AG'),
('11', '0', 'European Society of Criminology'),
('12', '0', 'Startfeld'),
('13', '0', 'Bonnard & Gardel Holding AG'),
('14', '0', 'Crédit Suisse'),
('15', '0', 'Morphogene, SA, Préverenges'),
('16', '0', 'Fondation pour la formation continue universitaire lausannoise'),
('17', '0', 'Ronald McDonald Haus Stiftung St. Gallen'),
('18', '0', 'Staatsgerichtshof des Fürstentums Liechtenstein'),
('19', '0', 'Schweizerische Bankgesellschaft (SBG)'),
('20', '0', 'American Chemical Society'),
('21', '0', 'Vaudoise Assurances Holding SA'),
('22', '0', 'Stiftung St. Galler Museen'),
('23', '0', 'Dacuda AG'),
('24', '0', 'UCTec Beteiligungsgesellschaft AG'),
('25', '0', 'représentante des étudiants, doctorants et auditeurs (FEN)'),
('26', '0', 'OLMA Messen St. Gallen'),
('28', '0', 'Swiss Luftfahrtstiftung'),
('29', '0', 'Norwegian University of Science & Technology, Trondheim, Norway'),
('30', '0', 'Basler Versicherungsgesellschaft'),
('31', '0', 'King Abdulaziz University, Saudi Arabia'),
('32', '0', 'FIFA'),
('33', '0', 'Helvetia Versicherungen'),
('34', '0', 'economiesuisse'),
('35', '0', 'Hoval Holding AG'),
('36', '0', 'Swiss Re'),
('37', '0', 'HSG Stiftung'),
('38', '0', 'Swiss Startup Monitor Stiftung'),
('39', '0', 'Schweizerischen Juristenvereins'),
('40', '0', 'Misrock'),
('41', '0', 'Novartis'),
('43', '0', 'Winterthur-Columna Sammelstiftung 2. Säule, Zürich'),
('44', '0', 'Schweizerische Multiple Sklerose Gesellschaft'),
('45', '0', 'Kommission für Technologie und Innovation'),
('47', '0', 'G-Therapeutics SA '),
('49', '0', 'Werner Siemens'),
('50', '0', 'Wilhelm Schulthess'),
('51', '0', 'Fondazione per le Facoltà di Lugano dell''Università della Svizzera italiana'),
('52', '0', 'European Association of National Research Facilities (ERF)'),
('53', '0', 'PostFinance'),
('55', '0', 'BEG & Partners'),
('56', '0', 'Fonds National Suisse de la Recherche Scientifique'),
('57', '0', 'NSF, US'),
('60', '0', 'Lombard Odier Darier Hentsch & Cie'),
('61', '0', 'ELSEVIER'),
('63', '0', 'Finanzmarktaufsicht FINMA, Bern'),
('64', '0', 'Springer-Verlag, Heidelberg, Germany'),
('68', '0', 'Alexander von Humboldt Institut für Internet & Society'),
('69', '0', 'Qatar Foundation, Doha Qatar'),
('70', '0', 'Société Immobilière Polyexpo S.A.'),
('71', '0', 'Schweizerische Armee, Armeestab'),
('72', '0', 'Bauart Architekten und Planer AG, Bern'),
('73', '0', 'Eidgenössisches Departement für auswärtige Angelegenheiten'),
('74', '0', 'NEBION AG'),
('75', '0', 'swisspeace'),
('77', '0', 'Schumacher + Wyss Bauingenieure AG, Rothenburg'),
('78', '0', 'Schweizer Paraplegiker-Stiftung'),
('79', '0', 'Selbstständig'),
('80', '0', 'Hewlett-Packard (Schweiz) GmbH'),
('81', '0', 'Contrôle officiel suisse des chronomètres (COSC), La Chaux-de-Fonds'),
('82', '0', 'BT&T LIFE AG'),
('83', '0', 'Freiwillige Akademische Gesellschaft (FAG)'),
('84', '0', 'Zivilrechtslehrervereinigung'),
('85', '0', 'coresystems ag'),
('86', '0', 'FHS St. Gallen'),
('87', '0', 'Amazentis'),
('88', '0', 'Stach Rechtsanwälte'),
('89', '0', 'Accenture Ltd.'),
('90', '0', 'Adolphe Merkle Institute, Université de Fribourg'),
('92', '0', 'Unifund SA'),
('93', '0', 'Philips Schweiz AG'),
('94', '0', 'Radio Télévision Suisse'),
('95', '0', 'Unitectra AG'),
('96', '0', 'Constellium, France'),
('97', '0', 'Rehaklinik Heiligenschwendi'),
('98', '0', 'Stiftung'),
('99', '0', 'Schweizerischen Mobiliar'),
('100', '0', 'Lumberjack, AG, Basel'),
('101', '0', 'Nestlé'),
('102', '0', 'Appenzeller Bahnen'),
('103', '0', 'Sandoz'),
('104', '0', 'Albert Lück'),
('105', '0', 'Fondation Louis Jeantet, Genève'),
('106', '0', 'PricewaterhouseCoopers AG'),
('107', '0', 'BKW AG'),
('108', '0', 'McKinsey & Company Ltd.'),
('109', '0', 'Holcim, CH'),
('110', '0', 'EWZ'),
('111', '0', 'EvalueScience Ltd'),
('112', '0', 'Donatoren Strategischer Fonds, ETH Zürich Foundation'),
('114', '0', 'Fondation pour l''étude des eaux du Léman'),
('116', '0', 'Zürcher Kantonalbank ZKB'),
('117', '0', 'Sika AG'),
('118', '0', 'Syngenta Crop Protection AG, Stein'),
('119', '0', 'Lanta Bio Sàrl, Préverenges'),
('120', '0', 'Z Zurich'),
('121', '0', 'Fondazione per la ricerca e lo sviluppo dell''Università della Svizzera italiana'),
('122', '0', 'Clariant AG'),
('124', '0', 'Ecole Nationale Supérieure du Paysage, Versailles, France'),
('125', '0', 'Muttoni & Fernandez Ingénieurs Conseils SA, Ecublens'),
('126', '0', 'Bakker & Blanc Architectes Lausanne, Zurich'),
('127', '0', 'Helmut Horten Stiftung'),
('128', '0', 'Eur. J. Org. Chem., Wiley'),
('130', '0', 'Office fédéral des routes, Sion'),
('132', '0', 'Fondazione R&S Fondo 1'),
('134', '0', 'Associazione bancaria ticinese (ABT)'),
('135', '0', 'Institut Curie, Paris'),
('136', '0', 'Vischer AG'),
('138', '0', 'Schweizerische Studienstiftung'),
('139', '0', 'Universitä della Svizzera Italiana'),
('140', '0', 'Mercator'),
('142', '0', 'F. Hoffmann-La Roche AG'),
('143', '0', 'Ciba'),
('145', '0', 'René und Susanne-Braginsky'),
('146', '0', 'Niederer, Kraft& Frey'),
('147', '0', 'Universitätsspital Basel'),
('149', '0', 'Metall Zug'),
('150', '0', 'Bühler AG'),
('151', '0', 'Swiss Science Center Technorama'),
('152', '0', 'Hilti'),
('153', '0', 'Vorwerk & Co.'),
('154', '0', 'Helmholtz-Gemeinschaft'),
('158', '0', 'Stiftung Swiss School of Public Health plus (SSPH)'),
('159', '0', 'Typesafe Sarl, Lausanne'),
('160', '0', 'Bank Vontobel'),
('161', '0', 'Daniel Gablinger'),
('162', '0', 'Curt Rommel Stiftung'),
('163', '0', 'Schlatter Industries AG'),
('165', '0', 'Kinderbetreuung im Hochschulraum Zürich'),
('168', '0', 'Verband der Schweizerischen Kantonalbanken'),
('169', '0', 'Swiss Finance Institute'),
('170', '0', 'European Commission'),
('171', '0', 'Adval Tech AG'),
('172', '0', 'Alusuisse Airex AG'),
('173', '0', 'Firmenich, Nestlé, Touring Club Suisse'),
('174', '0', 'Hans-Sigrist-Stiftung'),
('175', '0', 'Rotary Club Lucerne-Wasserturm'),
('176', '0', 'Quadrant Holding'),
('177', '0', 'Board Foundation'),
('180', '0', 'Schweizerischen Akademie der Technischen Wissenschaften'),
('182', '0', 'MIGROS Ticino'),
('185', '0', 'Psychiatrie-Museum Bern'),
('186', '0', 'Bankrats der Schweizerischen Nationalbank'),
('187', '0', 'Venture Incubator'),
('188', '0', 'Fondation Gustave Dubois als Vertretung der RW Fak.'),
('189', '0', 'Swedish Research Council'),
('190', '0', 'Stiftung Haus der Universität Bern'),
('192', '0', 'CEA, Grenoble'),
('193', '0', 'Georg und Bertha Schwyzer-Winiker Stiftung'),
('194', '0', 'Foundation TALENT'),
('195', '0', 'Wiler Parkhaus AG'),
('196', '0', 'Stefan Kölliker Treuhand & Unternehmensberatung'),
('197', '0', 'HB-Gruppe'),
('198', '0', 'Urs Gebert Treuhand'),
('199', '0', 'Trevag Treuhand und Verwaltungs AG'),
('200', '0', 'SVP'),
('201', '0', 'Stiftung für Hilfe für Drogenabhängige St. Gallen'),
('202', '0', 'Bratschi Wiederkehr & Buob'),
('203', '0', 'FDP'),
('204', '0', 'Stiftung für schweizerische naive Kunst und art brut'),
('205', '0', 'Intexpo Messe St. Gallen'),
('206', '0', 'Infra Service AG'),
('207', '0', 'Klinik Stephanshorn (Hirslanden)'),
('208', '0', 'Parkgarage AG St. Gallen'),
('209', '0', 'Grand Casino St. Gallen AG'),
('210', '0', 'Tourismus Services Ostschweiz AG'),
('211', '0', 'Kulturzentrum Lokremise'),
('212', '0', 'St.Gallen-Bodensee Tourismus'),
('213', '0', 'Stark AG'),
('214', '0', 'World Demographie & Ageing Forum'),
('215', '0', 'Hotel Ekkehard AG'),
('216', '0', 'Diagnose Krebs - Stiftung für krebskranke Menschen'),
('217', '0', 'St. Gallen Classics'),
('218', '0', 'Sozialpädagogische Wohngruppen Speerblick'),
('219', '0', 'Perkin-Elmer Sensor AG'),
('220', '0', 'UBS'),
('221', '0', 'Ortsbürgergemeinde St. Gallen'),
('222', '0', 'Wegelin-Legat'),
('223', '0', 'Bodensee-Toggenburg-Bahn'),
('224', '0', 'Holzmarkt Ostschweiz AG'),
('225', '0', 'Mühleggbahn AG'),
('226', '0', 'Nahwärmeverbund Stadtsäge AG'),
('227', '0', 'Vadian Bank'),
('228', '0', 'Marie Müller-Guarnieri'),
('229', '0', 'Walter und Verena Spühl'),
('230', '0', 'Dr. Max Kuhn'),
('231', '0', 'Karl Eduard Studach'),
('232', '0', 'Freisinnige Wohnbaugenossenschaft St. Gallen'),
('233', '0', 'Waldwirtschaft St.Gallen & Liechtenstein (WVSG + FL)'),
('234', '0', 'Ernst und Annelies Grossenbacher-Güntzel Sfiftung'),
('235', '0', 'Hauseigentümer-Verband (HEV) St.Gallen'),
('236', '0', 'Europ. Handball Föderation (EHF)'),
('240', '0', 'Stiftungsratspräsident'),
('241', '0', 'Hypotheken-Bürgschaftsgenossenschaft St. Gallen'),
('242', '0', 'Künzle Treuhand AG'),
('243', '0', 'spirits of glass GmbH'),
('244', '0', 'ILA AG Ingenieurgesellschaft für lufttechnische Anlagen'),
('245', '0', 'Corvatsch Immobilien AG'),
('246', '0', 'Gerteis Maschinen + Processengineering AG'),
('247', '0', 'Ciao Shoes AG'),
('248', '0', 'Elwisu AG'),
('249', '0', 'Fimona AG'),
('250', '0', 'Hintermeister AG'),
('251', '0', 'Kunststoff-Technik AG'),
('252', '0', 'Transport Consultants AG'),
('253', '0', 'Personalvorsorgestiftung der Firma Transport Consultants AG'),
('254', '0', 'Strulik GmbH'),
('255', '0', 'ABC Investments GmbH'),
('256', '0', 'Gregg Marketing AG'),
('257', '0', 'Ningbo Chemicals GmbH'),
('258', '0', 'SP'),
('259', '0', 'Hausverein Schweiz'),
('260', '0', 'Greinastiftung'),
('261', '0', 'Verband Kindertagesstätten der Schweiz'),
('262', '0', 'Anti-Doping Schweiz (ADS)'),
('263', '0', 'FCSG'),
('264', '0', 'CVP'),
('265', '0', 'Switzerland Global Enterprise'),
('266', '0', 'Klaus-Metzler-Eckmann'),
('267', '0', 'Aquila & Co. AG '),
('268', '0', 'AXA Winterthur'),
('269', '0', 'FehrAdvice AG'),
('270', '0', 'SIX Group AG'),
('271', '0', 'Buhler Holding Ltd'),
('272', '0', 'Schweizer Sporthilfe'),
('273', '0', 'Gede Treuhand + Revisions AG'),
('274', '0', 'Beauty Angel Elena Triner'),
('275', '0', 'National Treuhand AG'),
('276', '0', 'Nigg Treuhand AG'),
('277', '0', 'Schweizerische Treuhandgesellschaft-Coopers & Lybrand AG'),
('278', '0', 'BHF-Bank (Schweiz) AG'),
('279', '0', 'Euro-American Lawyers Group'),
('280', '0', 'Club 2000 (Gönnervereinigung TSV St.Otmar Handball)'),
('281', '0', 'Mountain Chile AG'),
('282', '0', 'BDSwiss AG'),
('283', '0', 'August Brühwiler AG'),
('284', '0', 'CSVJ Ventures Holding AG'),
('285', '0', 'Clarton Horn Asia AG'),
('286', '0', 'Clarton Horn International AG'),
('287', '0', 'Collier Holding AG'),
('288', '0', 'Conny Land AG'),
('289', '0', 'Dussmann Service AG'),
('290', '0', 'Forol Holding AG'),
('291', '0', 'HC Asset Management AG'),
('292', '0', 'Kursana AG'),
('293', '0', 'Mirman Transport Forwarding Company AG'),
('294', '0', 'Mountain Partners AG'),
('295', '0', 'Profit Management Consulting AG'),
('296', '0', 'Quantum Kapital AG'),
('297', '0', 'REKA Treuhand St. Gallen AG'),
('298', '0', 'REMI International Ltd'),
('299', '0', 'Real Holding Group AG'),
('300', '0', 'Sandpiper Digital Payments AG'),
('301', '0', 'Strässle Haustechnik AG'),
('302', '0', 'Swiss Properties &amp; Investments AG'),
('303', '0', 'Telealarm Development SA'),
('304', '0', 'Waltramsberg Immobilien AG'),
('305', '0', 'Zipangu Holding AG'),
('307', '0', 'AIMIN Holding AG'),
('308', '0', 'AMH Consulting AG'),
('309', '0', 'AOP Air Operating AG'),
('310', '0', 'Allee Handels AG'),
('311', '0', 'Anemo AG'),
('312', '0', 'Arahiwi group AG'),
('313', '0', 'Atid AG'),
('314', '0', 'BH Capital Management AG'),
('315', '0', 'BHD Trading AG'),
('316', '0', 'Bendinat Beteiligungs AG'),
('317', '0', 'Burg Gastro AG'),
('318', '0', 'CUSTODIA Qualitätssicherungen AG'),
('319', '0', 'Carbon Equity AG'),
('320', '0', 'Collier Investments AG'),
('321', '0', 'Comtrade international AG'),
('322', '0', 'Confecta Holding AG'),
('323', '0', 'Confon AG'),
('324', '0', 'Conus AG'),
('325', '0', 'Cortey AG'),
('326', '0', 'Creaplan AG'),
('327', '0', 'Cygunet AG'),
('328', '0', 'Dellagio Immobilien AG'),
('329', '0', 'Direct-Gate AG'),
('330', '0', 'Dyslexia Research Center AG'),
('331', '0', 'EASTERN EUROPEAN TRADING AG'),
('332', '0', 'EC Eastern Commerce AG'),
('333', '0', 'Elite Trade AG'),
('334', '0', 'Elégance Fashion & Design AG'),
('335', '0', 'Enol AG'),
('336', '0', 'EuroFOCUS (Schweiz) AG'),
('337', '0', 'European Invest AG'),
('338', '0', 'Exclusive Cars AG'),
('339', '0', 'Grauberg Holding AG'),
('340', '0', 'ITC Industry Trading Company SA'),
('341', '0', 'Incumsa AG'),
('342', '0', 'Innovation Management AG'),
('343', '0', 'International Trading Partners AG'),
('344', '0', 'JH Group AG'),
('345', '0', 'Jean-Pierre Rosselet Cosmetics AG'),
('346', '0', 'Josef Breitenmoser AG'),
('347', '0', 'Kalifa investments AG'),
('348', '0', 'Laurana AG'),
('349', '0', 'MEC Systems AG'),
('350', '0', 'McTrade AG'),
('351', '0', 'Meteke AG'),
('352', '0', 'Mountain Technologies AG'),
('353', '0', 'Neutra Railway Service and Trading AG'),
('354', '0', 'New African Mining AG'),
('355', '0', 'Niveau Holding AG'),
('356', '0', 'OFL-Beteiligungs und Leasing AG'),
('357', '0', 'Omnis Mundi AG'),
('358', '0', 'PEQ Global Invest AG'),
('359', '0', 'PRO FINA International AG'),
('360', '0', 'Paradise Investments AG'),
('361', '0', 'Pharmetic AG'),
('362', '0', 'Praetag Präzisionstechnik AG'),
('363', '0', 'RUVOR MANAGEMENT AG'),
('364', '0', 'Rosenberg venture AG'),
('365', '0', 'SEGO AG'),
('366', '0', 'SFM Software Finanzierungs und Marketing AG'),
('367', '0', 'SFP Swiss Financial Partners AG'),
('368', '0', 'SanLiq Sanierungs und Liquidations AG'),
('369', '0', 'Schlossgarten Immobilien AG'),
('370', '0', 'Silberberg Holding AG'),
('371', '0', 'Silbertal Management AG'),
('372', '0', 'Sinterwerke Grenchen AG'),
('373', '0', 'Sinterwerke Holding AG'),
('374', '0', 'Solar Swiss SM AG'),
('375', '0', 'Sport- und Ferienresidenz Staderas AG'),
('376', '0', 'Sustainable Invest AG'),
('377', '0', 'Swiss Diamond Design AG'),
('378', '0', 'Swissmobilis AG'),
('379', '0', 'SäntisPrint AG'),
('380', '0', 'TKG Bau AG'),
('381', '0', 'TT TecTrade AG'),
('382', '0', 'Tagesklinik Prof. Dr. med. A. Bangerter AG'),
('383', '0', 'Taishan Capital Management AG'),
('384', '0', 'Taishan Invest AG'),
('385', '0', 'Tannenberg Holding AG'),
('386', '0', 'ThinPV AG'),
('387', '0', 'Troja Management AG'),
('388', '0', 'Valgenti Trade AG'),
('389', '0', 'Vitafood AG'),
('390', '0', 'Wimmer Design AG'),
('391', '0', 'XXS Trading AG'),
('392', '0', 'e-very AG'),
('393', '0', 'eEnterprises Holding AG'),
('394', '0', 'eseg international AG'),
('395', '0', 'Ernst Klarer-Stiftung'),
('396', '0', 'International Society for Syncretic Medicin and Dentistry (ISSMD)'),
('397', '0', 'Internationale Gesellschaft für metallfreie Zahnheilkunde und Implantologie (IGMZI)'),
('398', '0', 'Internationale Gesellschaft für minimalinvasive und metallfreie Implantologie und Zahnmedizin (IGMMIZ)'),
('399', '0', 'Pro Helvetia'),
('400', '0', 'Bern-Neuenburg-Bahn'),
('401', '0', 'Vodafone Stiftung Deutschland gGmbH'),
('402', '0', 'NordForsk'),
('403', '0', 'European Science Foundation (ESF)'),
('404', '0', 'Technology Academy Finland (TAF)'),
('405', '0', 'Fédération des Entreprises Romandes Genève'),
('406', '0', 'Union des associations patronales genevoises'),
('407', '0', 'Organisation internationale des Employeurs'),
('408', '0', 'Union Patronale Suisse'),
('409', '0', 'Fondation Philias'),
('410', '0', 'Fondation Intégration pour tous'),
('411', '0', 'Association suisse des institutions de prévoyance'),
('412', '0', 'Conseil d''administration de l''Office cantonal des assurances sociales de Genève'),
('413', '0', 'Fondation PRO'),
('414', '0', 'Rotary Genève'),
('415', '0', 'Confrérie du Gruyère'),
('416', '0', 'Cercle des dirigeants d''entreprise'),
('417', '0', 'Publisuisse SA'),
('418', '0', 'TV5 Monde'),
('419', '0', 'Euronews'),
('420', '0', 'Communauté des télévisions francophones'),
('421', '0', 'European Broadcasting Union/Eurovision Operations Council'),
('422', '0', 'IKRK Museum'),
('424', '0', 'GlycoVaxyn AG'),
('425', '0', 'Molecular Partners AG'),
('426', '0', 'Index Technology Institute SA'),
('427', '0', 'Addex Pharmaceuticals Ltd'),
('428', '0', 'V-Watch SA'),
('429', '0', 'Ariad'),
('430', '0', 'BioXell'),
('431', '0', 'Cellzome'),
('432', '0', 'CoMentis'),
('433', '0', 'Egalet'),
('434', '0', 'Genmab'),
('435', '0', 'GenSight'),
('436', '0', 'Ingenium'),
('437', '0', 'Micromet'),
('438', '0', 'Minerva Neurosciences'),
('439', '0', 'Novocure'),
('440', '0', 'Pangenetics'),
('441', '0', 'ParAllele Bioscience'),
('442', '0', 'Profibrix'),
('443', '0', 'Sequenta'),
('444', '0', 'Versartis'),
('445', '0', 'DRS2/SRF2Kultur'),
('446', '0', 'Bundesamt für Berufsbildung und Technologie'),
('447', '0', 'Bruker-Spectrospi'),
('448', '0', 'Berg, Looser, Rauber & Partners AG (BLR & Partners AG)'),
('449', '0', 'Chemgineering Holding AG'),
('450', '0', 'Econis Ltd.'),
('451', '0', 'Fuss-Orthopädie Feldmann AG'),
('452', '0', 'Kardex Ltd'),
('453', '0', 'LEM HOLDING SA'),
('454', '0', 'Schweizerischer Verein Balgrist'),
('455', '0', 'Thermatic AG'),
('456', '0', 'Elvia Reiseversicherungs-Gesellschaft'),
('457', '0', 'CAP - Service SA'),
('458', '0', 'Südwestdeutsche Landesbank (Schweiz) AG Südwest LB'),
('459', '0', 'Allianz Suisse Versicherungs-Gesellschaft'),
('460', '0', 'Generali Group Partner AG'),
('461', '0', 'Tertianum AG'),
('462', '0', 'Oberhänsli & Partner AG'),
('463', '0', 'vevo AG Versicherung + Vorsorgeberatung'),
('464', '0', 'Freizügigkeitsstiftung der Zürcher Kantonalbank'),
('465', '0', 'Vorsorgestiftung Sparen 3 der Zürcher Kantonalbank'),
('466', '0', 'Zürcher Pferdeversicherungs-Genossenschaft'),
('467', '0', 'Schweizerischer Verband für Pferdesport'),
('468', '0', 'BE! Tourismus AG'),
('469', '0', 'Rickenbacher projekte GmbH'),
('470', '0', 'Stiftung Swiss Innovation Park'),
('471', '0', 'Sui Generis AG'),
('472', '0', 'Arcoma Promotion AG'),
('473', '0', 'Avicom Agentur für Visualisierung und Kommunikation'),
('474', '0', 'GfS-Forschungsinstitut'),
('475', '0', 'Heribert Kuhn Verkaufsförderung und Werbung AG'),
('476', '0', 'Kaufmännischer Verband Biel'),
('477', '0', 'MCM Consultants, Dr. Rickenbacher & Partner AG'),
('478', '0', 'Max.Sense Services AG'),
('479', '0', 'Opoint Management AG'),
('480', '0', 'SMO Consulting Group'),
('481', '0', 'Spitalzentrum Biel AG'),
('482', '0', 'Stiftung zur Förderung der Kaufmännischen Berufsschule Biel'),
('483', '0', 'Synergie Partner Network AG'),
('484', '0', 'TMT Top Management Team AG'),
('485', '0', 'ripro projekte gmbh'),
('486', '0', 'Psychiatrische Dienste Berner Jura und Biel-Seeland'),
('487', '0', 'BDP'),
('488', '0', 'Simon-c4all'),
('489', '0', 'SWISSLOS Interkantonale Landeslotterie Genossenschaft'),
('490', '0', 'ch Stiftung für eidgenössische Zusammenarbeit'),
('491', '0', 'Aktiengesellschaft Bären Langenthal'),
('492', '0', 'Egger & Egger AG'),
('493', '0', 'Elektrizitätswerke Wynau'),
('494', '0', 'Genossenschaft Gründerzentrum Bern (Grüze)'),
('495', '0', 'Genossenschaft Virtuelle Stadt Thal-Gäu-Oberaargau'),
('496', '0', 'M & A Professionals AG'),
('497', '0', 'Onyx Energie Dienste'),
('498', '0', 'Parking Langete AG'),
('499', '0', 'Regionalverkehr Oberaargau AG (RVO)'),
('500', '0', 'Sternwartefonds der Sekundarschule Langenthal'),
('501', '0', 'Anwältin'),
('502', '0', 'BLS AG'),
('503', '0', 'Alpar, Flug- und Flugplatz-Gesellschaft AG Bern'),
('504', '0', 'Grüne'),
('505', '0', 'Kanton Bern'),
('506', '0', 'Bund'),
('507', '0', 'Louise Blackborne-Stiftung'),
('508', '0', 'AAA-Elsässer Hörberatung AG'),
('509', '0', 'Basler Volkswirtschaftsbund'),
('510', '0', 'Schweizerischen Bankverein'),
('511', '0', 'MCH Group AG'),
('512', '0', 'LDP'),
('513', '0', 'E.E. Zunft zum Schlüssel'),
('514', '0', 'Endress+Hauser Gruppe'),
('515', '0', 'SBB AG'),
('516', '0', 'Swisscom'),
('517', '0', 'Gewerbeverband Basel-Stadt'),
('518', '0', 'KPMG Fides Peat, Basel'),
('519', '0', 'Treuhandfirma'),
('521', '0', 'S. Karger AG'),
('522', '0', 'in einer Bank sowie in einem Innenarchitektur- und Raumplanungsbüro'),
('523', '0', 'SwissHoldings (Verbands der Industrie- und Dienstleistungskonzerne der Schweiz)'),
('524', '0', 'Basilea Pharmaceutica AG'),
('525', '0', 'swisscontact'),
('526', '0', 'Fritz-Gerber-Stiftung für begabte junge Menschen'),
('527', '0', 'Paul Sacher Stiftung'),
('528', '0', 'Humer-Stiftung'),
('529', '0', 'Freunde von Phelophepa, Schweiz'),
('530', '0', 'Handelskammer Deutschland-Schweiz'),
('531', '0', 'Scienceindustries Switzerland'),
('532', '0', 'Chemie Pharma Biotech'),
('533', '0', 'Handelskammer beider Basel'),
('534', '0', 'Regionales Konsortiums für Wissens- und Technologietransfer'),
('535', '0', 'Psychiatrischen Dienste des Kantons Solothurn'),
('536', '0', 'Solothurner Spitäler AG'),
('537', '0', 'internationale Pharmaindustrie'),
('538', '0', 'Gewerkschaft'),
('540', '0', 'Friedrich Miescher Institut'),
('541', '0', 'Asher-Hess Stiftung der Schweizerischen Gesellschaft für Physiologie'),
('542', '0', 'RHS & Partner Rechtsanwälte und Urkundspersonen'),
('543', '0', 'Entwicklungsstiftung Glarus Süd'),
('544', '0', 'Proto Chemicals'),
('545', '0', 'Hefti AG'),
('546', '0', 'Avenir Suisse'),
('547', '0', 'Kistler Instrumente AG'),
('548', '0', 'Lonza Group'),
('549', '0', 'Amazentis (Start-up-Unternehmen in der Biotechnologie)'),
('551', '0', 'Singapore International Advisory Committee for Biomedical Sciences'),
('552', '0', 'International Committee for Science Policy of the NRC Kurchatov Institute'),
('553', '0', 'Neutron Advisory Board of Oak Ridge National Laboratory'),
('554', '0', 'Marcel-Benoist'),
('555', '0', 'Förderstiftung Technopark Aargau'),
('556', '0', 'Chocolat Frey'),
('557', '0', 'Coca-Cola'),
('558', '0', 'BeFood Consulting SA'),
('559', '0', 'Sandro Vanini SA, ein Unternehmen der Haecky Gruppe'),
('560', '0', 'econcept AG'),
('561', '0', 'Ernst Schweizer AG, Metallbau'),
('562', '0', 'European Research and Innovation Area Board (RISE)'),
('563', '0', 'Council of Foundation of the Geneva InternationalCenter for Humanitarian Demining'),
('564', '0', 'Federal Institutes of Technology of Switzerland'),
('565', '0', 'Institut de Hautes Etudes en Administration Publique'),
('566', '0', 'OSZE'),
('567', '0', 'The Roberto Giori Company Limited'),
('568', '0', 'Coop'),
('569', '0', 'Raymond Weil AG'),
('570', '0', 'Symbiotics SA'),
('571', '0', 'Hochschulinstitut für internationale Studien und Entwicklung'),
('572', '0', 'Symalit AG'),
('573', '0', 'Triventus AG'),
('574', '0', 'Groupe Valtronic'),
('575', '0', 'Sécheron SA'),
('576', '0', 'Albert-Inc'),
('577', '0', 'Philip Morris'),
('578', '0', 'Comtech SA'),
('579', '0', 'Valtronic Holding SA'),
('580', '0', 'Friends of the Prix de Lausanne Foundation'),
('581', '0', 'KTI Certification Board'),
('582', '0', 'Alpiq Holding AG'),
('583', '0', 'ABB'),
('584', '0', 'Georg-Fischer AG'),
('585', '0', 'Rolls-Royce plc.'),
('586', '0', 'Europarat'),
('587', '0', 'ACE Ltd.'),
('588', '0', 'Allreal Holding AG'),
('589', '0', 'Technikum'),
('590', '0', 'Ammann + Wyss Bauingenieure GmbH, Hochdorf'),
('591', '0', 'Wyss + Partner Bauingenieure AG'),
('592', '0', 'Bauingenieurbüro Renggli GmbH'),
('593', '0', 'Auto AG Rothenburg'),
('594', '0', 'Innerschweizerische Kulturstiftung'),
('595', '0', 'St. Charles Hall-Stiftung Paul und Gertrud Fischbacher-Labhardt'),
('596', '0', 'InteressenGemeinschaft GemeindeInformatik (IGGI)'),
('597', '0', 'Martin & Co'),
('598', '0', 'Schering-Plough'),
('599', '0', 'Essex Chemie AG'),
('600', '0', 'Behavioral Insights Group (BIG) bei der Harvard Kennedy School'),
('601', '0', 'Harvard Decision Science Laboratory'),
('602', '0', 'MBA for Women Foundation'),
('603', '0', 'FIRSOL (Fondazione Istituto ricerche solari Locarno)'),
('604', '0', 'Rüstungskommission'),
('605', '0', 'Eidgenössischen Energieforschungskommission (CORE)'),
('606', '0', 'Monte Generoso SA'),
('607', '0', 'EcoRisana SA'),
('608', '0', 'Widmer - Chemical Engineering & Consulting'),
('609', '0', 'Mangaroca International AG'),
('610', '0', 'AWG Kanton Luzern'),
('611', '0', 'Stiftung Ufwind'),
('612', '0', 'Schindler Holding AG'),
('613', '0', 'Aufzüge & Fahrtreppen'),
('614', '0', 'ALSO Holding AG'),
('615', '0', 'Kuoni and Hugentobler Foundation'),
('616', '0', 'INPAR VOF'),
('617', '0', 'Druckgusswerk Fischer AG'),
('618', '0', 'Swiss Stock Exchange'),
('619', '0', 'Chadbourne & Parke'),
('621', '0', 'Unbekannte Partei'),
('622', '0', 'Bayerische Oper in München'),
('623', '0', 'Deutsche Opernkonferenz'),
('624', '0', 'Oper in Berlin'),
('625', '0', 'Video 2000 SA'),
('626', '0', 'Agra conseils Sàrl'),
('627', '0', 'Compagnie des chemins de fer du Jura (C.J.) SA'),
('628', '0', 'Eidgenössische Finanzverwaltung EFV'),
('629', '0', 'GLP'),
('630', '0', 'Académie Suisse de Formation en Sophrologie Caycédienne'),
('631', '0', 'Compagnie du Chemin de fer régional du Val-de-Travers'),
('632', '0', 'Transports Publics Neuchâtelois SA'),
('633', '0', 'Cycleurope (Suisse) SA'),
('634', '0', 'Grandjean Diffusion S.A.'),
('635', '0', 'Fondation Frédéric Jufer'),
('636', '0', 'Navistra S.A.'),
('637', '0', 'Délégation de Taiwan, République de Chine'),
('638', '0', 'Fondation Promotion Santé'),
('639', '0', 'Aresa, Aéroport régional des Eplatures S.A.'),
('640', '0', 'Compagnie des Transports en commun, La Chaux-de-Fonds (TC)'),
('641', '0', 'TRN SA'),
('642', '0', 'Fondation neuchâteloise en faveur des personnes atteintes de tuberculose ou de maladies pulmonaires'),
('643', '0', 'Fondation Favre-Robert-Guyot-Bingguely'),
('644', '0', 'Fondation Rencontre La Chaux-de-Fonds'),
('645', '0', 'Fondation de la Bonne Fontaine'),
('646', '0', 'Fondation de la Fête neuchâteloise du 700ème anniversaire de la Confédération'),
('647', '0', 'Fondation en mémoire de la famille Charles Ulrich'),
('648', '0', 'Fondation pour l''aide, les soins et l''action sociale à domicile des Montagnes Neuchâteloises'),
('649', '0', 'Medialex'),
('650', '0', 'Fondation La Maison de La Coquille'),
('651', '0', 'Fondation du Centre Ecologique Albert Schweitzer (ceas)'),
('652', '0', 'Fondation Sombaille Jeunesse - Maison des Jeunes'),
('653', '0', 'La Semeuse'),
('654', '0', 'Fondation J. & M. Sandoz'),
('655', '0', 'l''expérience café SA'),
('656', '0', 'Blimon and Soch''s SA'),
('657', '0', 'RPLH Technologies AG'),
('658', '0', 'The Plantation Schmitz Hugelshofer & Co'),
('659', '0', 'Equinoxial S.A.'),
('660', '0', '4-Labs SA'),
('661', '0', 'Jade Invest SA'),
('662', '0', 'Silatech SA'),
('663', '0', 'Sensecore Ltd.'),
('664', '0', 'Fondation de prévoyance du Centre Suisse d''Electronique et de Microtechnique SA'),
('665', '0', 'Chambre neuchâteloise du commerce et de l''industrie (CNCI)'),
('666', '0', 'Botschafter'),
('667', '0', 'Le Forum humanitaire mondial - Genève'),
('668', '0', 'Fondation des immeubles pour les organisations internationales (FIPOI)'),
('669', '0', 'Fondation en faveur d''un laboratoire de recherches horlogères'),
('670', '0', 'Société de la Loterie de la Suisse Romande'),
('671', '0', 'Fondation de la Maison du Docteur Leuba'),
('672', '0', 'La Chrysalide'),
('674', '0', 'Lycée Blaise-Cendrars, La Chaux-de-Fonds'),
('675', '0', 'KGG & Associes'),
('676', '0', 'doyenne de la Faculté des lettres et des sciences humaines'),
('677', '0', 'représentant du corps professoral'),
('678', '0', 'conseillère stratégique et représentante du DEF'),
('679', '0', 'Mieterverband Tessin'),
('680', '0', 'Blindenverband Unitas Tessin'),
('681', '0', 'Dr. Josephine de Karman-Stiftung'),
('682', '0', 'Paul und Gertrud Hofer-Wild-Stiftung'),
('683', '0', 'Atelier Cube (Architektur)'),
('684', '0', 'European Finance Association'),
('685', '0', 'BSI SA'),
('686', '0', 'Fondazione Lugano Festival'),
('687', '0', 'SBSI Holding SA'),
('688', '0', 'Swiss Object-Oriented Software Engineering society'),
('689', '0', 'IEEE International Conference on Software Maintenance'),
('690', '0', 'Professore al Politecnico Federale di Losanna'),
('691', '0', 'Tecnopolo Lugano SA'),
('692', '0', 'Fondazione Archivio del Moderno'),
('693', '0', 'Fondazione Centro Biologia Alpina'),
('694', '0', 'Fondazione Leonardo'),
('695', '0', 'Fondazione Monte Verità'),
('696', '0', 'Fondazione per l''istituto di ricerca in biomedicina (IRB)'),
('697', '0', 'The European School for Advanced Studies in Ophthalmology Foundation'),
('698', '0', 'Fondazione Istituto Ricerche Solari Locarno'),
('699', '0', 'Fondazione Agire'),
('700', '0', 'SwissBanking'),
('701', '0', 'Swiss Venture Club'),
('702', '0', 'Tele Ticino SA'),
('703', '0', 'Fondazione Lugano per il Polo Culturale'),
('704', '0', 'Centro di Studi Bancari'),
('705', '0', 'Fondazione Ticino Nostro'),
('706', '0', 'Columna Ergänzungsstiftung 2. Säule, Zürich'),
('707', '0', 'Società di fideiussione per lo sviluppo dell''economia ticinese società cooperativa'),
('708', '0', 'Fondation pour le centre du droit de l''entreprise de l''Université de Lausanne (CEDIDAC)'),
('709', '0', 'Fondation Stop-Doping'),
('710', '0', 'Fondation Jean Monnet Pour L''Europe'),
('711', '0', 'Fondation Dialogue Des Savoirs (World Knowledge Dialogue Foundation)'),
('712', '0', 'Fondation Agassiz'),
('713', '0', 'Fondation Sinfonietta de Lausanne'),
('714', '0', 'Fondation Sophie Afenduli'),
('715', '0', 'Fondation Zerilli-Marimo'),
('716', '0', 'Fondation du 450ème anniversaire'),
('717', '0', 'Fondazione per l''Istituto svizzero di Roma'),
('718', '0', 'Fonds für Altertumswissenschaft'),
('719', '0', 'armasuisse'),
('720', '0', 'Boschung Mecatronic'),
('721', '0', 'Manag’eco GmbH'),
('722', '0', 'Fédération Romande de l’énergie'),
('723', '0', 'Chambre de commerce et l’industrie Fribourg'),
('724', '0', 'Fribourg Azur et Argent'),
('725', '0', 'HIB Estavayer-le-lac'),
('726', '0', 'Aquaparc SA'),
('727', '0', 'Swiss Vapeur Parc S.A.'),
('728', '0', 'Société Electrique du Bas-Valais (SEBV)'),
('729', '0', 'Port-valais 2005 Cite De L''eau'),
('730', '0', 'CMC Exploitation SA'),
('731', '0', 'CGN Compagnie générale de navigation sur le Lac Léman'),
('732', '0', 'Fondation Suisse Bellevue'),
('733', '0', 'Fondation du modélisme à vapeur vive'),
('734', '0', 'CAP-Santé Fondation'),
('735', '0', 'Centre Mondial du Cyclisme'),
('736', '0', 'Fondation ''Divisionnaire F.K. Rünzi'''),
('737', '0', 'Institut Universitaire Kurt Boesch'),
('738', '0', 'Fondation Crusoé Suisse'),
('739', '0', 'Fondation Eustach et Maria Bregy'),
('740', '0', 'Musée et Chiens du Saint-Bernard, Fondation Bernard et Caroline de Watteville'),
('741', '0', 'Personalfürsorge der Albicolac und Icolac'),
('742', '0', 'Caisse d''allocations familiales Icolac'),
('743', '0', 'Hôpital du Chablais'),
('744', '0', 'Hôpital du district de Monthey'),
('745', '0', 'SWISSAID, Schweizerische Stiftung für Entwicklungszusammenarbeit'),
('746', '0', 'Tourist Info Uri'),
('747', '0', 'Dr. Franz Häfliger-Stiftung'),
('748', '0', 'Kantonsbibliothek Uri'),
('749', '0', 'Centralschweizerische Kraftwerke'),
('750', '0', 'URIFCA AG'),
('751', '0', 'Homburger Rechtsanwälte'),
('752', '0', 'Latham & Watkins'),
('753', '0', 'Clariden Leu AG'),
('754', '0', 'Ulrico Hoepli-Stiftung'),
('756', '0', 'Società Elettrica Sopracenerina (SES)'),
('757', '0', 'Think Tools AG'),
('758', '0', 'Carnegie-Stiftung für Lebensretter'),
('759', '0', 'Fondazione Hermann Hesse Montagnola'),
('760', '0', 'Fondazione movingAlps'),
('761', '0', 'JACOBS STIFTUNG'),
('762', '0', 'Stiftung Accentus'),
('763', '0', 'Stiftung EMPIRIS'),
('764', '0', 'World Economic Forum'),
('765', '0', 'Investissements Fonciers S.A.'),
('766', '0', 'AGY EXPO SA'),
('767', '0', 'Capital Risque Fribourg SA'),
('768', '0', 'Espace Gruyère SA'),
('769', '0', 'Swiss Hydrogen SA'),
('770', '0', 'AGI Holding AG'),
('771', '0', 'AGI IT Services AG'),
('772', '0', 'S.I. Richemont Fribourg S.A.'),
('773', '0', 'Société d''exploitation Espace Gruyère S.A.'),
('774', '0', 'Télégruyère S.A.'),
('775', '0', 'Parloca Fribourg, Fondation Pour La Location-participation'),
('776', '0', 'Fondation du château de Gruyères'),
('777', '0', 'Fonds de prévoyance en faveur des dirigeants et du personnel de Investissements Fonciers S.A.'),
('778', '0', 'Société du Comptoir gruérien'),
('779', '0', 'Banque Cantonale de Fribourg'),
('780', '0', 'Ascom Holding AG'),
('781', '0', 'Forum Einstein Zentrum für Wirtschaft, Wissenschaft und Politik'),
('782', '0', 'Hirzel.Neef.Schmid Konsulenten'),
('783', '0', 'Fipra Finsbury International Policy & Regulatory Advisers'),
('784', '0', 'Viscoma Consulting AG'),
('785', '0', 'Bundesrat Flavio Cotti'),
('786', '0', 'Robert Walser Stiftung'),
('787', '0', 'Club Politique de Berne'),
('788', '0', 'AMTS, Akademie für Medizinisches Training und Simulation AG'),
('789', '0', 'Natural Power Distribution AG'),
('790', '0', 'Paramedia AG'),
('791', '0', 'Schweizerisches Produktivitätsinstitut AG'),
('792', '0', 'Schutzverband der SAirGroup-Obligationäre SSGO'),
('793', '0', 'G. Tscharner AG'),
('794', '0', 'AKAG Anlage und Kapital AG'),
('795', '0', 'AUGENCENTER AG'),
('796', '0', 'Aktiengesellschaft Bellevue'),
('798', '0', 'BONAFIDE LOGISTIC SA'),
('799', '0', 'BT&T Trading AG'),
('800', '0', 'Berggasthaus Uto-Kulm AG'),
('802', '0', 'Interhandel AG'),
('804', '0', 'Linvest AG'),
('805', '0', 'Luxor-Aktiengesellschaft Zürich'),
('806', '0', 'MAT Securitas Express AG'),
('807', '0', 'MAT Transport AG'),
('808', '0', 'MC Beiligungen AG'),
('809', '0', 'MC Management AG'),
('810', '0', 'Rieter Holding AG'),
('811', '0', 'The Industrial Bank of Japan-NJ (Schweiz) AG'),
('812', '0', 'VIA MAT ARTCARE AG'),
('815', '0', 'Fondation Dimitris N. Chorafas'),
('816', '0', 'BVG-Stiftung der Schweizerischen Bankgesellschaft'),
('817', '0', 'Joh. Jacob Rieter-Stiftung'),
('818', '0', 'Stiftung HASLER-Werke'),
('819', '0', 'Swiss Banking School-Stiftung'),
('820', '0', 'Gesellschaft zur Förderung des Betriebswissenschaftlichen Institutes der ETHZ'),
('821', '0', 'Omilia Holding SA'),
('822', '0', 'Valartis Bank AG'),
('823', '0', 'Jelmoli Holding'),
('824', '0', 'ENR Russia Invest'),
('825', '0', 'Anglo Chinese Group Hongkong'),
('826', '0', 'Eastern Property Holding'),
('827', '0', 'MCTrustco'),
('828', '0', 'Opel'),
('829', '0', 'WTC Basel AG'),
('830', '0', 'Activity Stiftung - Lions Club Dorneck'),
('831', '0', 'Fondation Fridel et Witold Grünbaum pour la connaissance des cultures et des savoirs humains'),
('832', '0', 'Stiftung Tierpark Weihermätteli'),
('833', '0', 'Alzheimervereinigung beider Basel'),
('834', '0', 'World Trade Center Basel GmbH'),
('835', '0', 'Staatssekretariat für Wirtschaft SECO'),
('836', '0', 'NewIndex AG'),
('837', '0', 'syndata AG'),
('838', '0', 'Ärztegesellschaft Baselland'),
('839', '0', 'Geschäftsprüfungskommission FMH'),
('840', '0', 'EVP'),
('841', '0', 'Bognar Reinigungen GmbH'),
('842', '0', 'Gesellschaft Ingenieure der Industrie SIA'),
('843', '0', 'Schweizerischer Ingenieur- und Architektenverein SIA'),
('844', '0', 'Verband Soziale Unternehmen beider Basel'),
('845', '0', 'Verein Bibliotheken Nordwestschweiz'),
('846', '0', 'Verein "Friedensbrugg"'),
('847', '0', 'Schweizerische Vereinigung für Friedenserziehung'),
('848', '0', 'International Peace Bureau'),
('849', '0', 'Verein Kulturraum Roxy'),
('851', '0', 'Finanzdirektion Kanton Baselland'),
('852', '0', 'Kirchgemeinde Aesch Pfeffingen'),
('853', '0', 'Neue Europäische Bewegung Schweiz'),
('854', '0', 'Basellandschaftliche Pensionskasse'),
('855', '0', 'Philosophische Praxis Denkpraxis Martina Bernasconi'),
('856', '0', 'Zurich.minds Foundation'),
('857', '0', 'the cogito foundation'),
('858', '0', 'Dr. Helmut Legerlotz-Stiftung'),
('859', '0', 'Prof. Dr. Hans E. Schmid-Stiftung'),
('860', '0', 'Georg Friedrich Götz-Stiftung'),
('861', '0', 'Stiftung Neuropath'),
('862', '0', 'Stiftung Zentrum Nachhaltigkeit Zürich'),
('863', '0', 'Stiftung für die Paul Karrer-Vorlesung'),
('864', '0', 'Fondazione Ente Museo Poschiavino'),
('865', '0', 'Walter und Gertrud Siegenthaler Stiftung'),
('866', '0', 'Genohm'),
('867', '0', 'Serviceplan Suisse AG'),
('868', '0', 'Advico Young & Rubicam AG'),
('869', '0', 'Personalfürsorge-Stiftung der Advico Young & Rubicam AG und der ihr angeschlossenen Firmen'),
('870', '0', 'Alpha 245 Ltd'),
('871', '0', 'Leo Burnett Schweiz AG'),
('872', '0', 'The Media Edge'),
('873', '0', 'schneiter meier külling AG'),
('874', '0', 'Felser Brand Leadership'),
('875', '0', 'Forschungsinstitunt für biologischen Landbau FiBL'),
('876', '0', 'IAE International Aero Engines AG'),
('877', '0', 'TOF Holdings N.V., Curaçao, Branch Office Zug'),
('878', '0', 'Baur Immobilien AG'),
('879', '0', 'Cottonfield Family Office AG'),
('880', '0', 'Europrocurement AG'),
('881', '0', 'Palüetta SA'),
('882', '0', 'Schulthess Group AG'),
('883', '0', 'Bank Leu AG'),
('884', '0', 'Baur & Cie AG'),
('885', '0', 'BaurPedretti Steinhauerei  AG'),
('886', '0', 'Bellpasso AG'),
('887', '0', 'CIBC Oppenheimer AG'),
('888', '0', 'CLS Group Holdings AG'),
('889', '0', 'Carlo Iseli AG'),
('890', '0', 'Cash Werbeagentur AG'),
('891', '0', 'Daiwa Finanz AG'),
('892', '0', 'Discounthaus Eschenmoser Ag'),
('893', '0', 'Interavia AG'),
('894', '0', 'Interhold AG'),
('895', '0', 'Itid Leasing AG'),
('896', '0', 'Lekkerland Schweiz AG'),
('897', '0', 'NCH AG'),
('898', '0', 'Portals-Sihl AG'),
('899', '0', 'Racal Electronics SA'),
('900', '0', 'Ramira AG'),
('901', '0', 'Sana Klinik AG'),
('902', '0', 'Seematt Immobilien AG'),
('903', '0', 'Tender AG'),
('904', '0', 'Thomson Finance AG'),
('905', '0', 'Türenfabrik Brunegg AG'),
('906', '0', 'Zücher Furnierwerk AG'),
('907', '0', 'Stiftung für juristische Lehre und Forschung an der Universität Zürich'),
('908', '0', 'David Rosenfeld''sche Stiftung'),
('909', '0', 'Volkshochschule des Kantons Zürich'),
('910', '0', 'Zellweger Luwa AG'),
('911', '0', 'EXPERTsuisse AG'),
('912', '0', 'Jacobs Holding Ltd'),
('913', '0', 'AAM Privatbank AG'),
('914', '0', 'ATAG Asset Management AG'),
('915', '0', 'Neue Zürcher Zeitung AG'),
('916', '0', 'BDO Visura'),
('917', '0', 'Crealogix Holding AG'),
('918', '0', 'FPH Freie Presse Holding AG'),
('919', '0', 'Peat, International Consultants AG'),
('921', '0', 'Adecco S.A.'),
('922', '0', 'Stiftung SOS-Kinderdorf Schweiz'),
('923', '0', 'Foundation for accounting and reporting recommendations'),
('924', '0', 'Kammerschule Zürich Höhere Fachschule der Treuhand Kammer'),
('925', '0', 'Spezialfonds der Neuen Zürcher Zeitung'),
('926', '0', 'Gesellschaft Minderheiten der Schweiz'),
('927', '0', 'Suva'),
('928', '0', 'Opernhaus Zürich'),
('929', '0', 'Max Frisch-Stiftung'),
('930', '0', 'STEO Stiftung'),
('931', '0', 'Zukunft für Schweizer Fahrende'),
('932', '0', 'Alfred Escher Stiftung'),
('933', '0', 'Jugendförderung Dietikon'),
('934', '0', 'Stiftung der Schweizerischen Landesausstellung 1939 Zürich für Kunst und Forschung'),
('935', '0', 'Bremgarten-Dietikon-Bahn AG'),
('936', '0', 'Schauspielhaus Zürich AG'),
('937', '0', 'Schweizerisches Nationalmuseum'),
('938', '0', 'Gebäudeversicherung Kanton Zürich'),
('939', '0', 'Europainstitut'),
('940', '0', 'Sotheby''s'),
('941', '0', '2xC Holding AG'),
('942', '0', 'Daros AG'),
('943', '0', 'Steinfels Art Consulting AG'),
('944', '0', 'Förderstiftung Avenir Suisse'),
('945', '0', 'Steinfels & Partner AG'),
('946', '0', 'Veric AG'),
('947', '0', 'Steinfels Weinauktionen und Weinhandels AG'),
('948', '0', 'Kulturstiftung Julius Bär'),
('949', '0', 'rete AG'),
('950', '0', 'Electrowatt Engineering'),
('951', '0', 'Sulzer'),
('952', '0', 'Salle Modulable'),
('953', '0', 'Thermission AG'),
('954', '0', 'Entrepreneur Partners AG'),
('955', '0', 'Alina AG'),
('956', '0', 'V-ZUG AG'),
('957', '0', 'Hoechst AG'),
('958', '0', 'Aventis S.A.'),
('959', '0', 'sanofi-aventis'),
('961', '0', 'IBM'),
('962', '0', 'ETH Zürich'),
('964', '0', 'Swiss University Sports Foundation'),
('965', '0', 'Huber-Kudlich-Stiftung an der Eidgenössischen Technischen Hochschule Zürich'),
('966', '0', 'Erich Degen-Stiftung'),
('967', '0', 'International Federation of Automatic Control (IFAC) Stiftung'),
('968', '0', 'Walter Hochstrasser-Stiftung'),
('969', '0', 'Heyning-Roelli Stiftung'),
('971', '0', 'Ardex'),
('972', '0', 'Schindler'),
('973', '0', 'Swissmem'),
('974', '0', 'Tesfa-Ilg-Stiftung'),
('975', '0', 'Gehirn und Trauma-Stiftung'),
('976', '0', 'Arizon Sourcing Ltd'),
('977', '0', 'AdCubum Ltd.'),
('978', '0', 'Alocat AG'),
('979', '0', 'Avaloq Licence AG'),
('980', '0', 'Avaloq Properties AG'),
('981', '0', 'FiveT Capital Holding AG'),
('982', '0', 'Safecap AG'),
('983', '0', 'Almafin AG'),
('984', '0', 'B-Source SA'),
('985', '0', 'Finest Funds Holding AG'),
('987', '0', 'Avaloq Group AG'),
('988', '0', 'Alstom Schweiz'),
('989', '0', 'BalTec Holding AG'),
('991', '0', 'CDesk Beteiligungen AG'),
('992', '0', 'Comin Holding AG'),
('993', '0', 'Erich Keller AG'),
('994', '0', 'Investnet AG'),
('996', '0', 'Martin Group AG'),
('997', '0', 'PME Capital SA'),
('998', '0', 'Skyline Parking AG'),
('1000', '0', 'Central Station AG'),
('1001', '0', 'Streikversicherungs-Genossenschaft der Maschinenindustrie'),
('1002', '0', 'Arbeitgeberverband der Schweizer Maschinenindustrie'),
('1003', '0', 'Holzwerk Spezialitäten AG'),
('1004', '0', 'Chemspeed Technologies AG'),
('1005', '0', 'KMU Capital AG'),
('1006', '0', 'Consenec AG'),
('1007', '0', 'Greater Zurich Area AG'),
('1008', '0', 'Alu Menziken Holding AG'),
('1009', '0', 'Econimo-Drive AG'),
('1010', '0', 'Algra Holding AG'),
('1011', '0', 'Habeas AG'),
('1012', '0', 'TSH -Tennis & Squash Hünenberg AG'),
('1013', '0', 'Nationale Suisse'),
('1014', '0', 'Hayek Engineering AG'),
('1015', '0', 'Alusuisse Road & Rail AG'),
('1016', '0', 'Alusuisse-Lonza Informatik AG'),
('1017', '0', 'Joseph Popp AG'),
('1018', '0', 'LEVO AG Wohlen'),
('1019', '0', 'Petroplus Holdings AG'),
('1020', '0', 'Procart AG'),
('1021', '0', 'Tex-Bo AG, Kilchberg'),
('1022', '0', 'Walter Grüebler AG, Zürich'),
('1023', '0', 'Sarna-Stiftung'),
('1024', '0', 'International Center for Monetary and Banking Studies (ICMB)'),
('1025', '0', 'Bank für Internationalen Zahlungsausgleich (BIZ)'),
('1026', '0', 'Financial Stability Board (FSB)'),
('1027', '0', 'Stiftung zur Förderung des Studiengangs Master in Law and Economics an der Universität St. Gallen'),
('1029', '0', 'Bell AG'),
('1030', '0', 'Dipl. Ing. Fust Ltd.'),
('1031', '0', 'Albert Bruppacher-Stiftung'),
('1032', '0', 'Werner H. Spross-Stiftung zur Förderung der Augenheilkunde'),
('1033', '0', 'Dr. Nabholz Treuhand AG'),
('1034', '0', 'Meditrade Consult AG'),
('1035', '0', 'Mutraco AG'),
('1036', '0', 'Pervalla AG'),
('1037', '0', 'Reminda AG'),
('1038', '0', 'Trading Information & Consulting TIC AG'),
('1039', '0', 'Coop Immobilien AG'),
('1040', '0', 'Coop Mineraloel AG'),
('1041', '0', 'HWZ University of Applied Sciences for Business Administration Zurich AG'),
('1044', '0', 'Bank Coop Ltd'),
('1045', '0', 'Energie Uetikon AG'),
('1046', '0', 'Wasser Uetikon AG'),
('1047', '0', 'transGourmet Management AG'),
('1048', '0', 'Moriz und Elsa von Kuffner - Stiftung'),
('1049', '0', 'Baumeler Reisen AG'),
('1050', '0', 'Davent Holding AG'),
('1051', '0', 'Eurobus Ostschweiz AG'),
('1053', '0', 'Knecht Finanz AG'),
('1054', '0', 'Knecht Reisen AG'),
('1055', '0', 'RHZ-Reisen AG'),
('1056', '0', 'Swiss Office Concept AG'),
('1057', '0', 'Thomas Knecht Management AG'),
('1059', '0', 'Eurobus-Knecht AG'),
('1060', '0', 'Burri-Mangold Kran AG'),
('1061', '0', 'Frei''s Autoreisen AG'),
('1062', '0', 'Gebr. Knecht AG'),
('1063', '0', 'Häfliger AG, Autokranbetrieb'),
('1064', '0', 'Kira Reisen AG'),
('1065', '0', 'Fondation Avenir Suisse'),
('1066', '0', 'Wohlfahrtsstiftung der J. Baumeler AG'),
('1067', '0', 'Reisehochschule Zürich'),
('1068', '0', 'Olga und Walter Knecht Stiftung'),
('1069', '0', 'Regionalbus Lenzburg AG'),
('1070', '0', 'OC Oerlikon'),
('1071', '0', 'SF-Chem AG'),
('1072', '0', 'Plansee AG'),
('1073', '0', 'Deutsche Beteiligungs AG'),
('1074', '0', 'SGL Carbon AG'),
('1075', '0', 'Celanese AG'),
('1076', '0', 'Zoo Zürich'),
('1077', '0', 'Helbling-Gruppe'),
('1078', '0', 'Opo Oeschger AG'),
('1079', '0', 'Technopark Immobilien AG'),
('1080', '0', 'Fondation Maurice Zermatten'),
('1081', '0', 'Fondation Brocher'),
('1082', '0', 'Fondation de l''Institut Universitaire Kurt Bösch'),
('1083', '0', 'Fondation pour un Institut de hautes études en administration publique (IDHEAP)'),
('1084', '0', 'Fondation Herbette'),
('1085', '0', 'Fondation Irène, Nada, Andrée Chuard-Schmid'),
('1086', '0', 'Brokervalor SA'),
('1087', '0', 'Europ Assistance (Suisse) SA'),
('1088', '0', 'Intras Assurances SA'),
('1089', '0', 'Orion Rechtsschutz-Versicherungsgesellschaft'),
('1090', '0', 'Ecole de Jazz et de Musique Actuelle de Lausanne'),
('1091', '0', 'Schweizerische Stiftung für die Erforschung der Muskelkrankheiten'),
('1092', '0', 'Caisse De Pension Vaudoise Assurances'),
('1093', '0', 'Fondation Promojazz'),
('1094', '0', 'Intras - Caisse Maladie'),
('1095', '0', 'Schweizerischer Versicherungsverband (SVV)'),
('1096', '0', 'Mutuelle Vaudoise, Société Coopérative'),
('1097', '0', 'EHL Haute Ecole SA'),
('1098', '0', 'Y-Parc SA, management, promotion, services'),
('1099', '0', 'HEIG-VD'),
('1100', '0', 'Fondation du Technopôle de Sainte-Croix'),
('1101', '0', 'AIT association vaudoise pour la promotion des innovations et des technologies'),
('1102', '0', 'Fondation du Cinquantieme du CSP'),
('1103', '0', 'Mode d''emploi, Fondation pour l''acquisition et la certification de compétences'),
('1104', '0', 'Fondation Crescendo'),
('1105', '0', 'Fondation Esp''asse'),
('1106', '0', 'Wilhelmina von Hallwil-Stiftung'),
('1107', '0', 'Société Coopérative Art et Artisanat Potter'),
('1108', '0', 'Fondation de soutien au Musée cantonal des beaux-arts (MCBA)'),
('1109', '0', 'Fondation Othenin d''Haussonville pour le rayonnement de l''esprit de Coppet'),
('1110', '0', 'Fondation ISREC'),
('1111', '0', 'Fondation de soutien au Pôle mus"al Lausanne'),
('1112', '0', 'Fédération des Hôpitaux vaudois'),
('1113', '0', 'Fondation FASC (Loterie romande)'),
('1114', '0', 'Crescendo Marketing SA'),
('1115', '0', 'Hug AG'),
('1117', '0', 'Unilever'),
('1118', '0', 'Au P''tit Commerce Sandra Pralong'),
('1119', '0', 'Jungfraubahn Holding AG'),
('1121', '0', 'Schweizer Gesellschaft für Hotelkredit'),
('1122', '0', 'Dr. Heinrich Wachter zur Förderung der wissenschaftlichen Forschung an der Hochschule St. Gallen für Wirtschafts- und Sozialwissenschaften'),
('1123', '0', 'Max Schmidheiny zugunsten der Universität St. Gallen und ihrer Institute'),
('1124', '0', 'St. Galler Stiftung für Internationale Studien'),
('1125', '0', 'ITS Foundation. International Tourism Symposium'),
('1126', '0', 'Société suisse de crédit hôtelier SCH'),
('1127', '0', 'Genossenschaft Olma Messen St. Gallen'),
('1128', '0', 'Pakka AG'),
('1129', '0', 'elea Foundation for Ethics in Globalization'),
('1130', '0', 'ARK Advisory Service AG'),
('1131', '0', 'Altium Capital AG'),
('1132', '0', 'Amicitia-Haus AG'),
('1133', '0', 'Belkos AG'),
('1134', '0', 'Domaine de Beychevelle SA'),
('1135', '0', 'PW AG'),
('1136', '0', 'Ventureserv AG'),
('1137', '0', 'Star Foundation'),
('1138', '0', 'Genossenschaft La Schmetta'),
('1139', '0', 'Genossenschaft Kunstturnerhalle Rümlang KTH'),
('1140', '0', 'Galerie Susi Landolf'),
('1141', '0', 'Neuhaus & Partner'),
('1142', '0', 'International Fiscal Association (IFA)'),
('1143', '0', 'American Chamber of Commerce, Tax Chapter'),
('1144', '0', 'Swiss Association of Tax Law Professors'),
('1145', '0', 'Unternehmergruppe Wettbewerbsfähigkeit Zürich'),
('1146', '0', 'Wenger & Vieli AG'),
('1147', '0', 'Steinacherhaus AG'),
('1148', '0', 'Martel AG (Wein)'),
('1149', '0', 'Baker & McKenzie'),
('1150', '0', 'Precious Capital AG'),
('1151', '0', 'Bein-Shop.ch AG'),
('1152', '0', 'Fondazione Richard e Uli Seewald'),
('1153', '0', 'Schweizerischer Zentralverein für das Blindenwesen (SZB)'),
('1154', '0', 'Confronti Sagl'),
('1155', '0', 'Scuola universitaria professionale della Svizzera italiana (SUPSI)'),
('1156', '0', 'Stiftungsrat FRIAS'),
('1157', '0', 'UKBB'),
('1158', '0', 'Universitätsklinikum Heidelberg'),
('1159', '0', 'Senn BPM AG'),
('1160', '0', 'F-Ingenieur GmbH'),
('1161', '0', 'ROB Technologies AG'),
('1162', '0', 'dsp Ingenieure & Planer AG'),
('1163', '0', 'Vetimag AG'),
('1164', '0', 'Zypresse AG'),
('1165', '0', 'Datwoma AG'),
('1166', '0', 'Park Book AG'),
('1167', '0', 'Verlag Scheidegger und Spiess AG'),
('1168', '0', 'Staub Holding AG'),
('1169', '0', 'SAM Architekten und Partner AG'),
('1170', '0', 'keoto AG'),
('1171', '0', 'PNE Wind AG'),
('1172', '0', 'Sunbiotec AG (Solar Biofuel technology)'),
('1173', '0', 'dsolar Ltd.'),
('1174', '0', 'Gerda Henkel-Stiftung'),
('1175', '0', 'Bundesministerium für Bildung und Forschung'),
('1176', '0', 'Schweizerisches Institut für Kunstwissenschaft'),
('1177', '0', 'Basel Institute on Governance'),
('1178', '0', 'Telebasel, Basel'),
('1179', '0', 'Volkshochschule beider Basel'),
('1180', '0', 'Eidgenössische Kommission für Migrationsfragen'),
('1181', '0', 'fokus AG für Wissen und Organisation, Zürich'),
('1182', '0', 'Seismo Verlags AG, Zürich'),
('1183', '0', 'UBUNTU, Zürich; Share for Food Alliance, Basel'),
('1184', '0', 'GeneGuide AG, Basel'),
('1185', '0', 'Eidgenössische Ethikkommission für Biotechnologie (EKAH)'),
('1186', '0', 'Ernst Krenek Privatstiftung, Krems, Österreich'),
('1187', '0', 'Bitsave AG, Kehrsatz'),
('1188', '0', 'Baimedia AG, Basel'),
('1189', '0', 'Contego Laboratories GmbH'),
('1190', '0', 'Verity Studios AG'),
('1191', '0', 'Acutronic Schweiz AG'),
('1192', '0', 'Alpes Lasers S.A.'),
('1193', '0', 'qipp AG'),
('1194', '0', 'BEN Energy AG'),
('1195', '0', '42matters AG'),
('1196', '0', 'Elgar Fleisch Management Services AG'),
('1197', '0', 'Interhoval AG'),
('1198', '0', 'Dybuster AG'),
('1199', '0', 'The Walt Disney Company (Switzerland) GmbH'),
('1200', '0', 'Gimalon AG'),
('1201', '0', 'ProteoMediX AG'),
('1202', '0', 'Endora Tech AG'),
('1203', '0', 'Anadec GmbH'),
('1204', '0', 'ATG Advanced Technology Group GmbH'),
('1205', '0', 'InfoSec Global (Schweiz) AG'),
('1206', '0', 'Femtotools AG'),
('1207', '0', 'Aeon Scientific AG'),
('1208', '0', 'Magnebotix AG'),
('1209', '0', 'Scrona AG'),
('1210', '0', 'Hylomorph AG'),
('1211', '0', 'EVATEC Holding und EVATEC AG'),
('1212', '0', 'Komax Holding AG'),
('1214', '0', 'Sentiment Studies GmbH'),
('1215', '0', 'Virtamed AG'),
('1216', '0', 'u-blox AG'),
('1217', '0', 'Amphiro AG'),
('1218', '0', 'Meyer Burger Technology AG'),
('1219', '0', 'PNN Pharma Nation Network AG'),
('1220', '0', 'AZAD Pharmaceutical Ingredients AG'),
('1221', '0', 'Kanton Basel-Stadt'),
('1222', '0', 'Stiftung Swiss International Law School, Basel'),
('1223', '0', 'Appellationsgericht des Kantons Basel-Stadt'),
('1224', '0', 'BVB, Basler Verkehrsbetriebe Basel'),
('1225', '0', 'Hans Buss-Stiftung Basel'),
('1226', '0', 'Stiftung Infektiologie beider Basel'),
('1227', '0', 'Coltene, Altstätten'),
('1228', '0', 'PIQUR Therapeutics AG, Basel'),
('1229', '0', 'Glycemicon AG'),
('1230', '0', 'EVA Basel Life Science Start-up Agency'),
('1231', '0', 'Biovalley Basel'),
('1232', '0', 'HKBB Basel'),
('1233', '0', 'Bernoulli-Euler-Gesellschaft Basel'),
('1234', '0', 'SpiroChem AG'),
('1235', '0', 'BASF Societas Europeae (Schweden)'),
('1236', '0', 'GRS Gemresearch Swisslab AG'),
('1237', '0', 'Ernst Hungerbühler AG (in Liquidation)'),
('1238', '0', 'Fritz + Caspar Jenny AG'),
('1239', '0', 'Ziegelbrücke Energie AG'),
('1240', '0', 'Humabs Holding GmbH'),
('1241', '0', 'ChromaCon AG'),
('1242', '0', 'Robertsson Industrial Geoscience Innovation GmbH'),
('1243', '0', 'Geofluidics LLC'),
('1244', '0', 'Bachem Holding AG'),
('1245', '0', 'Pro Entomologia, Naturhistorisches Museum, Basel'),
('1246', '0', 'SIB Swiss Institute of Bioinformatics, Lausanne'),
('1247', '0', 'Helsana AG, Dübendorf'),
('1248', '0', 'Biovertis AG, Wien'),
('1249', '0', 'Kantonsspital Uri'),
('1250', '0', 'Institut de Sante au Travail, Lausanne'),
('1251', '0', 'Philogen S.P.A.'),
('1252', '0', 'Philochem AG'),
('1253', '0', 'Basler Juristenverein, Pro Iure'),
('1254', '0', 'Hoffmann & Co. AG, Basel'),
('1255', '0', 'Studienzentrum Gerzensee'),
('1256', '0', 'Patria Genossenschaft, Basel'),
('1257', '0', 'Max Geldner-Stiftung, Basel'),
('1258', '0', 'Konfuzius Institut'),
('1259', '0', 'Speiser-Bär-Stiftung, Basel'),
('1260', '0', 'Basler Kantonalbank, Stiftung zur Förderung von Forschung und Unterricht, Basel'),
('1261', '0', 'Roland von Hoesslin Gedenkstiftung, Augsburg, Deutschland'),
('1262', '0', 'European Research Network on Philanthropy'),
('1263', '0', 'Verein Europäische Freiwilligenuniversität'),
('1264', '0', 'Stiftung zur Förderung des Antikenmuseums Basel'),
('1265', '0', 'Energieagentur Landkreis Lörrach GmbH'),
('1266', '0', 'Viollier AG, Allschwil'),
('1267', '0', 'Remaco AG, Basel'),
('1268', '0', 'Versicherung der Schweizer Ärzte, Bern'),
('1269', '0', 'vescore Solutions, St. Gallen'),
('1270', '0', 'BIZ-Stiftung c/o Dr. Carlo Bertossa, Basel'),
('1271', '0', 'Stiftung zur Förderung des Schweizerischen Wirtschaftsarchivs am WWZ der Universität Basel'),
('1272', '0', 'Senozon (Schweiz) AG'),
('1273', '0', 'ARDEX GmbH'),
('1274', '0', 'Ammann BauAusrüstung AG'),
('1275', '0', 'Rychiger AG'),
('1276', '0', 'Bioforce AG'),
('1277', '0', 'Sanalpin AG'),
('1278', '0', 'Innovative Strategies GmbH'),
('1279', '0', 'systransis AG'),
('1280', '0', 'VBG Verkehrsbetriebe Glattal AG'),
('1281', '0', 'Verkehrsbetrieb LIECHTENSTEINmobil'),
('1282', '0', 'SNF Ambizione Program'),
('1283', '0', 'L3S Advisory Board'),
('1284', '0', 'Zeno-Karl Schindler Foundation'),
('1285', '0', 'Fondation IDIAP'),
('1286', '0', 'Kazan Federal University, Russia'),
('1287', '0', 'Lonza'),
('1288', '0', 'Singapore Biomedical Sciences International '),
('1289', '0', 'Italian Institute of Technology '),
('1290', '0', 'Fondation Terre des Hommes'),
('1291', '0', 'Fondation "Claude Nobs"'),
('1292', '0', 'Fondation EPFL+'),
('1293', '0', 'Fondation Campus Biotech Geneva'),
('1294', '0', 'Fondation Claude Verdan'),
('1295', '0', 'Fondation les Bois Chamblard'),
('1296', '0', 'S2P Lion, Germany'),
('1297', '0', 'Espace Cauterets, Mairie, Cauterets'),
('1298', '0', 'ECOVEST SA'),
('1299', '0', 'Nestec SA'),
('1300', '0', 'PhytoDia, Illkirch, France'),
('1301', '0', 'Reamol Biomedical Consultung, Buchillon, CH'),
('1302', '0', 'Metro Mid-Atalantic Biotech, Birmingham, MI, USA'),
('1303', '0', 'Mitobridge, Cambridge, MA, USA'),
('1304', '0', 'Power Vision Engineering Sàrl, Ecublens'),
('1305', '0', 'Barros, Letelier & Gonzalez Attorneys at Law, Chile'),
('1306', '0', 'Asgalium Unitec SA, Cortaillod'),
('1307', '0', 'ANF SA, Lausanne'),
('1308', '0', 'Economic development Board (EDB), Raffles Tower, Singapour'),
('1309', '0', 'gyMetrics SA, Ecublens'),
('1310', '0', 'A*Star IMB Biopolis, Singapour'),
('1311', '0', 'University of Edinburgh, UK'),
('1312', '0', 'Advances in Water Resources (Elsevier Journal)'),
('1313', '0', 'Royal Society of Edinburgh, UK'),
('1314', '0', 'GYB Gymnase Intercantonal de la Broye, Payerne'),
('1315', '0', 'Stiftung zur Förderung der mathematischen Wissenschaften in der Schweiz'),
('1316', '0', 'Société Mathématique Suisse'),
('1317', '0', 'Journal of Algebra'),
('1318', '0', 'International Journal of Number Theory'),
('1319', '0', 'Archiv der Mathematik'),
('1320', '0', 'Swiss Society for Earthquake Engineering and Structural Dynamic, Zürich'),
('1321', '0', 'Etat français, Lyon'),
('1322', '0', 'OPTIMIS HCM Echandens'),
('1323', '0', 'Association Amies et Amis de la Fondation EPFL-WISH'),
('1324', '0', 'ENS Paris'),
('1325', '0', 'EMPA'),
('1326', '0', 'ONLINE Control Sàrl, Lausanne'),
('1327', '0', 'Idiap Research Institute'),
('1328', '0', 'Intl. Computer Science Institute (ICSI), Berkeley, CA'),
('1329', '0', 'IdeArk SA (IDIAP''s technology transfer instrument)'),
('1330', '0', 'Fondation Dalle Molle'),
('1331', '0', 'Koemei, SA (Idiap''s spin-off)'),
('1332', '0', 'Voxta Inc., India'),
('1333', '0', 'Privately SA, Switzerland'),
('1334', '0', 'EX-M, Milan'),
('1335', '0', 'BAK, Heimatschutz und Denkmalpflege, Bern'),
('1336', '0', 'Société des Ingénieurs et Architectes Suisses, SIA, Zurich'),
('1337', '0', 'Swiss Nanoscience Institute, Basel'),
('1338', '0', 'HES Campus Biotech, Genève'),
('1339', '0', 'Fond National pour la Recherche en Suisse, Bern'),
('1340', '0', 'Institute of Advanced Studies, Technical University of Munich, Garching'),
('1341', '0', 'ACP Advanced Circuit Pursuit AG, Zürich'),
('1342', '0', 'CodeTickler, CA, USA'),
('1343', '0', 'Rice University, Houston, Texas'),
('1344', '0', 'American Institute of Phyiscs Publishing (AIPP), NY, USA'),
('1345', '0', 'K-RITH, Durban, South Africa'),
('1346', '0', 'KEPOS Capital (NYC)'),
('1347', '0', 'SANCUS Capital (NYC)'),
('1348', '0', 'Cornerstone Research (NYC)'),
('1349', '0', 'DNF, UNIL, Lausanne'),
('1350', '0', 'School of Engineering, Brown University'),
('1351', '0', 'Modelling and Simulation in Materials Sci. and Eng., Inst. of Physics, UK'),
('1352', '0', 'A*star Singapore, Inst. High Performance Computing'),
('1353', '0', 'Biometrika Trust, University College London'),
('1354', '0', 'BG Consulting, Lausanne'),
('1355', '0', 'IMEC, Leuven, B'),
('1356', '0', 'Dresden, D'),
('1357', '0', 'Sanofi, Barcelona - 17/11/2014'),
('1359', '0', 'Seyonic SA, Neuchâtel'),
('1360', '0', 'Silatech SA, Neuchâtel'),
('1361', '0', 'High Tech Factory, Enschede, NL'),
('1362', '0', 'SwissScientific SA, Neuchâtel'),
('1363', '0', 'Préfecture de Lausanne'),
('1364', '0', 'Fondation Adrian et Simone Frutiger, Berne'),
('1365', '0', 'EPFL'),
('1366', '0', 'Echandens'),
('1367', '0', 'dieterdietz.org'),
('1368', '0', 'RATP, Paris'),
('1369', '0', 'Koninklijke Vlaamse Academie van België voor Wetenschappen en Kusten, Brussel'),
('1370', '0', 'Haut-Lac Ecole internationale bilingue, St-Légier, CH'),
('1371', '0', 'Biozentrum Basel'),
('1372', '0', 'Institute Imagine Paris'),
('1373', '0', 'Institut génomique Montpellier'),
('1374', '0', 'IGBMC Strasbourg'),
('1375', '0', 'Hubrecht Institute Utrecht'),
('1376', '0', 'CBM Severo Ochoa research Centre, Madrid'),
('1377', '0', 'Ecole Normale de Paris (ENS)'),
('1378', '0', 'Fondation Latsis Internationale, Genève'),
('1379', '0', 'Wallenberg Institute for Regenerative Medicine, Stockholm'),
('1380', '0', 'Strategic Research Initiative on stem cells, Stockholm'),
('1381', '0', 'Conseil de l''EMBL'),
('1382', '0', 'Concile de l''EMBO'),
('1383', '0', 'Infralab SA Romanel, Lausanne'),
('1384', '0', 'Journals'),
('1385', '0', 'Conferences'),
('1386', '0', 'PSI'),
('1387', '0', 'Several PhD thesis'),
('1388', '0', 'FNS division IV, Berne'),
('1389', '0', 'Ecole normale supérieure de Lyon'),
('1390', '0', 'KAUST, Jeddah'),
('1392', '0', 'European School of Management and Technology'),
('1393', '0', 'Fairnez Inc., USA'),
('1394', '0', 'Prediggo SA, PSE, Ecublens'),
('1395', '0', 'Livelyplanet, SAS, Versailles, France'),
('1396', '0', 'SCL-Sensor. Tech. Fabrication GesmbH, Vienna, Austria'),
('1397', '0', 'GETec KG, Langenlois, Austria'),
('1398', '0', 'Fondation Ch.-Ed. Guillaume, La Chaux-de-Fonds'),
('1399', '0', 'Fondation du prix Omega, Neuchâtel'),
('1400', '0', 'SSC (Société Suisse de Chronométrie), Neuchâtel'),
('1401', '0', 'Association pour le Concours International de Chronométrie, Le Locle'),
('1402', '0', 'Ethimedix SA, Nyon'),
('1403', '0', 'Collegium International SMYLE en microtechnique, Besançon'),
('1404', '0', 'IAEA, Vienna, Austria'),
('1405', '0', 'SKE, Commission Fédérale d''Arbitrage dans le Secteur du Rail, Berne'),
('1406', '0', 'EICom, Commission Fédérale de la Régulation du Marché de l''Electricté, Bern'),
('1407', '0', 'European University Institute, Florence, Italy'),
('1408', '0', 'JPL, Pasadena, USA'),
('1409', '0', 'SEAS Harvard, Cambridge, USA'),
('1410', '0', 'Fonds de Recherche Luxembourg'),
('1411', '0', 'Stifelsen Strtegisk Froskning, Sweden'),
('1412', '0', 'Gesellschaft für Wissenschaftstatistik, EFI, Berlin'),
('1413', '0', 'SEFRI, Bern'),
('1414', '0', 'Uni StGall, St. Gallen'),
('1415', '0', 'EPFL-TTO'),
('1416', '0', 'Nano Center of Serbia, Belgrade '),
('1417', '0', 'AFF Architekten, Berlin, Germany'),
('1418', '0', 'PlayfulVision EPFL '),
('1419', '0', 'Delft University of Technology'),
('1420', '0', 'Porto Academy, Portugal'),
('1421', '0', 'Faculty of Architecture, Slipakorn University, Bankok'),
('1422', '0', 'Canadian Centre for Architecture, Montréal, Canada'),
('1423', '0', 'Office KGDVS, Brussels'),
('1424', '0', 'San Rocco Magazine, Milano, Italy'),
('1425', '0', 'UNSW Australia, Australian Center for Commercial Mathematics, Sydney'),
('1426', '0', 'Minnesota Traffic Observatory, University of Minnesota, USA'),
('1427', '0', 'Center for Integrative Neuroscience (CIN), University of Tübingen'),
('1428', '0', 'Ecole VetAgro Sup'),
('1429', '0', 'Fondation Bullukian'),
('1430', '0', 'Fondation BNP Paribas pour le mécénat'),
('1431', '0', 'Société BioMérieux'),
('1432', '0', 'Human Brain Project'),
('1433', '0', 'Fondation IQRGC'),
('1434', '0', 'Fondation Elemo'),
('1435', '0', 'PPUR - EPFL'),
('1436', '0', 'Fondation Carnot, Neuilly s/Seine'),
('1437', '0', 'Direction générale des douanes, Berne'),
('1438', '0', 'Royal Society of Chemistry, Cambridge, UK'),
('1439', '0', 'NGL Cleaning Technology SA, Nyon'),
('1440', '0', 'F. Graf & J. Menoud, Carouge'),
('1441', '0', 'SAINT, SKKU'),
('1442', '0', 'NTU, Singapore'),
('1443', '0', 'DYESOL'),
('1444', '0', 'G24 Power'),
('1445', '0', 'CEA-LETI, France'),
('1446', '0', 'Nanodimension AG, Suisse'),
('1447', '0', 'Ministry of Education, Singapore'),
('1448', '0', 'Leibnitz Association, Germany'),
('1449', '0', 'Institut fuer Jungunternehmen, St. Gallen'),
('1450', '0', 'University of Liechtenstein, Vaduz, Lichtenstein'),
('1451', '0', 'ANR, Paris'),
('1452', '0', 'HGS (Harry Gugger Studio), Basel'),
('1453', '0', 'Holcim Group Services Ltd/ Holcim Technology Ltd, Zurich'),
('1454', '0', 'Flughafen ZHAG, Zurich'),
('1455', '0', 'SKM, UniBasel, Basel'),
('1456', '0', 'BSA CH, Basel'),
('1457', '0', 'Uni de Bâle'),
('1458', '0', 'Department of Chemistry, Angström, Uppsala University, Sweden'),
('1459', '0', 'Nanyang Technological University, Singapore'),
('1460', '0', 'Dyenamo AB, Start-up, Stockholm'),
('1461', '0', 'Pfizer, Inc., New York, USA'),
('1462', '0', 'Shenogen Pharma Group LTD, China'),
('1463', '0', 'Gevo, Colorado, USA'),
('1464', '0', 'TOTAL, Paris, France'),
('1465', '0', 'AMYRIS, California, USA'),
('1466', '0', 'AIP Publishing Center, Melville, NY, USA'),
('1467', '0', 'Centre de microscopie de l''Université de Saragosse, Espagne'),
('1468', '0', 'HCERES, France'),
('1469', '0', 'Projet européen ESTEEM'),
('1470', '0', 'Bicycle Therapeutics, Cambridge, UK'),
('1471', '0', 'Leibniz Insitute of Freshwater Ecology and Inland Fisheries, Berlin, Germany'),
('1472', '0', 'GAIA'),
('1473', '0', 'CCES Competence Center Environment and Sustainability'),
('1474', '0', 'AquaDiva, Fredrich-Schiller-Universität Jena, Germany'),
('1475', '0', 'IRGC, EPFL, Lausanne'),
('1476', '0', 'EPFL CRAG, Lausanne'),
('1477', '0', 'Water institute, Stellenbosch University'),
('1478', '0', 'ETH Board Committee on Competence Centers (BCC)'),
('1479', '0', 'MIT Dept. of Civil and Environmental Engineering, USA'),
('1480', '0', '2014 IARU Congress, Copenhagen, Denmark'),
('1481', '0', 'Various international conferences'),
('1482', '0', 'International Commission for Optics ICO'),
('1483', '0', 'Swiss Society for Optics and Microscopy SSOM'),
('1484', '0', 'Journal of the Europ. Opt. Soc. (JEOS: RP)'),
('1485', '0', 'National and international scientific projects'),
('1486', '0', 'Micro-Optics lecture FSRM'),
('1487', '0', 'SRI-UQ, KAUST, KSA'),
('1488', '0', 'INRIA, France'),
('1489', '0', 'ANTIA Therapeutics, Bern'),
('1490', '0', 'Nanotec, Thailand Science Park, Thailand'),
('1491', '0', 'University of Bremen'),
('1492', '0', 'Federal Office for the Environment FOEN'),
('1493', '0', 'Federal Office of Public Health '),
('1494', '0', 'Convergeo Lausanne, Switzerland'),
('1495', '0', 'Eversitas LLC Cambridge, Massachussetts'),
('1496', '0', 'SUTD Architecture and Sustainable Design Singapore'),
('1497', '0', 'ComCom, Berne'),
('1498', '0', 'Kuros Biosurgery, Zürich'),
('1499', '0', 'Argo Innovations, Atlanta'),
('1500', '0', 'Diabetes Research Institute, University of Miami, USA'),
('1501', '0', 'Anokion SA, Lausanne'),
('1502', '0', 'McAndrews, Held and Malloy, Chicago, USA'),
('1503', '0', 'Taylor Wessing, London'),
('1504', '0', 'Lumberjill, Inc., Boston'),
('1505', '0', 'Technical University München, Germany'),
('1506', '0', 'SATW'),
('1507', '0', 'SNF'),
('1508', '0', 'IMEC Belgium'),
('1509', '0', 'Quiartet Medicine, Boston, USA'),
('1510', '0', 'Spirochrome, Suisse'),
('1511', '0', 'OZWE, Lausanne'),
('1512', '0', 'Le Temps'),
('1513', '0', 'HEAD Genève'),
('1514', '0', 'BeamExpress SA'),
('1515', '0', 'ERC (consolidators)'),
('1516', '0', 'Gt-bureau de recherche, Paris'),
('1517', '0', 'Migros Magazine, Zürich'),
('1518', '0', 'F.J. Aschwanden AG, Lyss'),
('1519', '0', 'MPI Max-Planck-Institut für Festkörperforschung, Stuttgart'),
('1520', '0', 'Soochow University, China'),
('1521', '0', 'Eawag'),
('1522', '0', 'WHO, Geneva'),
('1523', '0', 'School of Civil and Environmental Engineering, Duke University, USA'),
('1524', '0', 'STUNEX SA'),
('1525', '0', 'Union Européenne'),
('1526', '0', 'dl-a, designlab-architecture SA, Genève'),
('1527', '0', 'America Software Lab, Santa Clara, CA'),
('1528', '0', 'IBRO'),
('1529', '0', 'Brain forum'),
('1530', '0', 'Abionic, Innovation Park'),
('1531', '0', 'Immersive Vision Technologies, PSE, Lausanne'),
('1532', '0', 'OWI, Amsterdam'),
('1533', '0', 'ERC Executive Agency, Brussels'),
('1534', '0', 'Association ARMINES, Paris, France'),
('1535', '0', 'Morphodyne SA, EPFL'),
('1536', '0', 'QGel SA, PSE, Lausanne'),
('1537', '0', 'Prosper Diagnostic, Basel'),
('1538', '0', 'Price Foundation, Genève'),
('1539', '0', 'Dana Foundation, New York'),
('1540', '0', 'Quantica Capital, Schaffausen'),
('1541', '0', 'Dublin City University'),
('1542', '0', 'Hexpol AB, Malmö, Suède'),
('1543', '0', 'EELCEE Ltd., Korea'),
('1544', '0', 'Antidoping Suisse, Berne'),
('1545', '0', 'Bruno Marchand, Lausanne'),
('1546', '0', 'Sincrotrone Trieste, Italy'),
('1547', '0', 'Institute of Physics, London'),
('1548', '0', 'Mission catholique anglophone du canton de Vaud'),
('1549', '0', 'HuGeF, Turin'),
('1550', '0', 'Scuola Sant''Anna, Pisa, Italy'),
('1551', '0', 'Ministero MIUR, Rome, Italy'),
('1552', '0', 'Istituto Italiano di Tecnololgia (IIT)'),
('1553', '0', 'PSE-D, Ecublens, CH'),
('1554', '0', 'Blue Brain SA, Epalinges, CH'),
('1555', '0', 'Blue Brain Foundation, Epalinges, CH'),
('1556', '0', 'Amherst - USA'),
('1557', '0', 'Various funding agencies and universities'),
('1558', '0', 'Institute of Translational Molecular Imaging Foundation, Genève'),
('1559', '0', 'Technopark Aargau'),
('1560', '0', 'ESS '),
('1561', '0', 'Oak Ridge National Lab. USA'),
('1562', '0', 'FRM-II, Munich'),
('1563', '0', 'Kurchatov Institute, Russia'),
('1564', '0', 'VR Trägerschaft ParkInnovAARE'),
('1565', '0', 'Scuola superiore Sant''Anna, Italy'),
('1566', '0', 'Europhysics Letters, Mulhouse, France'),
('1567', '0', 'ADREAM, Crans-Montana, Switzerland'),
('1568', '0', 'Nielsen Neuro. New York, USA'),
('1569', '0', 'MindMaze, Ecublens'),
('1570', '0', 'FNS'),
('1571', '0', 'L''enseignement Mathématique, Genève'),
('1572', '0', 'AICOS Technologies AG, Bâle'),
('1573', '0', 'Novigenix, Lausanne'),
('1574', '0', 'Fondation Zeno Karl Schindler'),
('1575', '0', 'Leibniz Institute INM, Saarbrücken, Allemagne'),
('1576', '0', 'IMDEA-Materials, Madrid, Espagne'),
('1577', '0', 'EPSRC, UK'),
('1578', '0', 'FNS de la Recherche Scientifique'),
('1579', '0', 'Materials Center Leoben Forschung, Austria'),
('1580', '0', 'DTU, Institution d''accréditation du Danemark'),
('1581', '0', 'Ondax Corp., USA'),
('1582', '0', 'PSE A, EPFL'),
('1583', '0', 'European Association of Antennas and Propoagation'),
('1584', '0', 'AISBL (non-profit Association)'),
('1585', '0', 'UFRJ'),
('1586', '0', 'Lurati Muttoni Partner, Studio d''ingegneria SA, Mendrisio'),
('1587', '0', 'Fédération Internationale du Béton, Lausanne'),
('1588', '0', 'CEB Trust Fund, Genève'),
('1589', '0', 'SystemsX.ch'),
('1590', '0', 'CERN, Genève'),
('1591', '0', 'African Institute for Mathematical Science, Cape Town, South Africa'),
('1592', '0', 'High Energy Accelerator Organization, Tsukuba, Japan'),
('1593', '0', 'National Institute for Subatomic Physics, Amsterdam'),
('1594', '0', 'MIUR - Ministero Istruzione Università Ricerca'),
('1595', '0', 'Coopératives Codha et Voisinage - Genève'),
('1596', '0', 'Springer-Verlag, New York'),
('1597', '0', 'Leave at UBC'),
('1598', '0', 'Faceshift AG, Zurich'),
('1599', '0', 'Helmholtz Society of German Research Centers, Berlin'),
('1600', '0', 'Dominique Perrault Libérale c/o Architram, Renens'),
('1601', '0', 'SA Dominique Perrault Architecture, Chatelaine'),
('1602', '0', 'SPIE (Society)'),
('1603', '0', 'Wyss Center'),
('1604', '0', 'MOXOFF Srl, Milan'),
('1606', '0', 'Swiss Cancer League, Bern'),
('1607', '0', 'Cellestia Biotech SA, Innovation Square EPFL'),
('1608', '0', 'Ycoor Systems SA, Sierre'),
('1609', '0', 'Novamet Sarl, Lausanne'),
('1610', '0', 'Alcoa Howmet, Whitehall, USA'),
('1611', '0', 'Fondation R&R Haenny, SAV, Lausanne'),
('1612', '0', 'PPUR, RLC, Lausanne'),
('1613', '0', 'Mimotec SA, Sion'),
('1614', '0', 'Association Ecoparc, Neuchâtel'),
('1615', '0', 'Istituto Veneto di Scienze, Lettere e Arti (IT)'),
('1616', '0', 'Federazione italiana Rubgy (IT)'),
('1617', '0', 'European Professional Club Rugby (CH)'),
('1618', '0', 'MAXIV Laboratory, Lund, Sweden'),
('1619', '0', 'Irfu, CEA, Gif sur Yvette, France'),
('1620', '0', 'INFN, Italie'),
('1621', '0', 'CERN Council, Genève'),
('1622', '0', 'ERC, Brussels'),
('1623', '0', 'PRACE AISBL, Brussels, Belgium'),
('1624', '0', 'European Research Council, Brussels, Belgium'),
('1625', '0', 'Journal of Physics D: Applied Physics, UK'),
('1626', '0', 'Chemical Physics Letters - Elsevier'),
('1627', '0', 'Centre Européen de Calcul Atomique et Moléculaire (CECAM), Lausanne, CH'),
('1628', '0', 'Enairys PSE, Lausanne'),
('1629', '0', 'Imperix SA, Sion'),
('1630', '0', 'AERES, Paris'),
('1631', '0', 'Ministère de la Recherche, Paris'),
('1632', '0', 'Electrosuisse'),
('1633', '0', 'Sensile Technologies SA, Morges'),
('1634', '0', 'Cranes Sofrwares International Limited, India'),
('1635', '0', 'Rycons GmbH, Stäfa'),
('1636', '0', 'Sinartis Sàrl, Le Mont-sur-Lausanne'),
('1637', '0', 'LabEx Brain, Université de Bordeaux, France'),
('1638', '0', 'Leibniz Institute for Neurobiology, LIN, Magdeburg, Germany'),
('1639', '0', 'eNeuro, Society for Neuroscience, USA'),
('1640', '0', 'BCA, Singapore'),
('1641', '0', 'PROCLIM/SCNAT, Berne'),
('1642', '0', 'VELUX Stiftung, Zurich'),
('1643', '0', 'Nant de Dranse SA, Martigny'),
('1644', '0', 'SK Engineering & Constructions, South Korea'),
('1645', '0', 'Mahab Ghoods, Theran, Iran'),
('1646', '0', 'FMV SA, Sion'),
('1647', '0', 'Stucky SA, Renens'),
('1648', '0', 'SEFRI, CERN, Genève'),
('1649', '0', 'Swiss Institute of Particle Physics (CHIPP)'),
('1650', '0', 'Coopérative St-Thomas, Lausanne'),
('1651', '0', 'EERV, paroisse d''Ecublens-St.Sulpice, Ecublens'),
('1652', '0', 'MPIDS, Germany'),
('1653', '0', 'Kerneos, France'),
('1654', '0', 'IMD, Lausanne'),
('1655', '0', 'Talent Foundation, Saint-Sulpice'),
('1656', '0', 'Patentanwalt Ter Meer Steinmeister & Partner'),
('1657', '0', 'Kandou Bus, Lausanne'),
('1658', '0', 'Crossing Tech, EPFL - Innovation Park'),
('1659', '0', 'Frontiers Publishers, Lausanne'),
('1660', '0', 'Carnegie Mellow University, USA'),
('1661', '0', 'Swedish Foundation for Strategic Research, Sweden'),
('1662', '0', 'SEAM, France '),
('1663', '0', 'Royal Chemistry Society, UK'),
('1664', '0', 'Nature Publishing Group, London, UD'),
('1665', '0', 'Foley Hoag, Boston, USA'),
('1666', '0', 'Centro Europeo di Nanomedicina, Milano'),
('1667', '0', 'Midatech, UK'),
('1668', '0', 'Istituto Besta/Centro di Nanomedicina, Milano, Italy'),
('1669', '0', 'Antlia SA, Lausanne'),
('1670', '0', 'Rheon Medical SA, Préverenges'),
('1671', '0', 'Kokko Inc, USA'),
('1672', '0', 'Agence Nationale de la Recherche (ANR), Paris'),
('1673', '0', 'Anokion, Ecublens, CH'),
('1674', '0', 'Merck, DE'),
('1675', '0', 'Lumberjill, Basel, CH'),
('1676', '0', 'Off. féd. de l''Environnement, Berne-Ittigen'),
('1677', '0', 'Mission HES-SO, Delémont'),
('1678', '0', 'IDHEAP, Chavannes-près-Renens'),
('1679', '0', 'IDHEAP, Université de Lausanne'),
('1680', '0', 'Office fédéral du logement, Granges'),
('1681', '0', 'HEP Lausanne'),
('1682', '0', 'Swisscleantech Association, Bern'),
('1683', '0', 'ARE, Office fédéral du développement territorial, Berne'),
('1684', '0', 'SVIT Swiss Real Estate School SA, Lausanne'),
('1685', '0', 'Publica, Berne'),
('1686', '0', 'Airbus EADS, France'),
('1687', '0', 'Institut Mines-Télécom, France'),
('1688', '0', 'MOLMED, Milan, Italy'),
('1689', '0', 'Fondation Giorgi-Cavaglieri'),
('1690', '0', 'IGH Montpellier'),
('1691', '0', 'Skolkovo Institute of Science & Technology'),
('1692', '0', 'EAMSA'),
('1693', '0', 'Lean Analytical Association'),
('1694', '0', 'Innovation Strategy Center Association'),
('1695', '0', 'AYU Association (no longer active)'),
('1696', '0', 'Powzy'),
('1697', '0', 'Academy of Management'),
('1698', '0', 'Immersive Vision SARL, PSE'),
('1699', '0', 'Advanced Silicon SA, Lausanne'),
('1700', '0', 'CSSI Bern'),
('1701', '0', 'Fondation Bettencourt, Paris'),
('1702', '0', 'Univ Bern'),
('1703', '0', 'EMBO, Heidelberg'),
('1704', '0', 'Laboratory of Excellence (Labex) INFORM'),
('1705', '0', 'PPUR, Lausanne'),
('1706', '0', 'Ingenico Paris'),
('1707', '0', 'DARTFISH'),
('1708', '0', 'VIDINOTI'),
('1709', '0', 'Université IUAV, Italie'),
('1710', '0', 'Secchi-Viganò Studio, Italie'),
('1711', '0', 'Atelier International du Grand Paris, Paris'),
('1712', '0', 'Aeroport Genève'),
('1713', '0', 'TAG Aviation, Genève'),
('1714', '0', 'Contour Global, New York, für Methan Extraktion Lake Kivu'),
('1715', '0', 'Journal "Acquatic Sciences"'),
('1716', '0', 'Uni Basel'),
('1717', '0', 'Tahoe Environmental Research Facility, UC Davies'),
('1718', '0', 'KIST EUROPE, Germany'),
('1719', '0', 'Terratech Group Ltd'),
('1720', '0', 'Monash University, Australia'),
('1721', '0', 'J. Antibiotics, Nature Publisher'),
('1722', '0', 'Beistein J Org Chem, Beilstin Institute, Germany'),
('1723', '0', 'INSA, France'),
('1724', '0', 'Inflamalps, Switzerland'),
('1725', '0', 'H2 Energy, Zürich'),
('1726', '0', 'Nutanix Inc. San Jose'),
('1727', '0', 'BugBuster SA, Lausanne'),
('1728', '0', 'Midokura, Japan'),
('1729', '0', 'Pensionskasse des Staatspersonals Freiburg'),
('1730', '0', 'Schweizer Wissenschafts- und Innovationsrat'),
('1731', '0', 'Kanton Freiburg'),
('1732', '0', 'Handelsschiedsgericht'),
('1733', '0', 'Eidgenössische Finanzmarktaufsicht FINMA'),
('1734', '0', 'Kollegium Gambach'),
('1735', '0', 'Freiburger Spital'),
('1736', '0', 'Atlas Photonics Sàrl'),
('1737', '0', 'Frimorfo S.A.'),
('1738', '0', 'SWANT (Swiss antibodies) SA'),
('1739', '0', 'Hasler Stiftung'),
('1740', '0', 'Unbekannt'),
('1741', '0', 'Universitätskinderklinik Zürich'),
('1742', '0', 'Krebsliga Schweiz'),
('1743', '0', 'LS Instruments AG'),
('1744', '0', 'Eidgenössische Kommunikationskommission'),
('1745', '0', 'Centris AG'),
('1746', '0', 'eTorrent GmbH'),
('1747', '0', 'Stiftung Rechenzentrum für Krankenversicherung'),
('1748', '0', 'Exelsis Business Technology AG'),
('1749', '0', 'Cloetta Stiftung'),
('1750', '0', 'Berner Radium-Stiftung'),
('1751', '0', 'Janser Krebs-Stiftung'),
('1752', '0', 'SWAN Isotopen AG'),
('1753', '0', 'Bernische Stiftung für krebskranke Kinder und Jugendliche'),
('1754', '0', 'Securitas AG'),
('1755', '0', 'SITEM'),
('1756', '0', 'Fondazione Neuroscienze Ticino'),
('1757', '0', 'Fondazione Eccles'),
('1758', '0', 'Spital Thun AG'),
('1759', '0', 'GESIS Leibniz Institut'),
('1760', '0', 'Jakob und Werner Wyler-Stiftung Zürich'),
('1762', '0', 'Kunstmuseum Bern'),
('1763', '0', 'ub-invent GmbH'),
('1764', '0', 'SWITCH'),
('1765', '0', 'Fachhochschule Kalaidos'),
('1766', '0', 'ITI Stiftung Basel'),
('1767', '0', 'Osteology Stiftung Luzern'),
('1768', '0', 'Kursaal Bern AG'),
('1769', '0', 'Insula Stiftung'),
('1770', '0', 'Forschungsstiftung Genaxen'),
('1771', '0', 'CAScination AG'),
('1772', '0', 'Ruth & Arthur Scherbarth Stiftung, Bern'),
('1773', '0', 'Fondazione Epatocentro Ticino, Lugano'),
('1774', '0', 'PH Bern, Schulrat'),
('1775', '0', 'Study Center Gerzensee'),
('1776', '0', 'SWISSENDOS Stiftungsrat'),
('1777', '0', 'Stiftung für Leberkrankheiten'),
('1778', '0', 'Stiftung gegen Leberkrebs'),
('1779', '0', 'SNF Forschungsrat'),
('1780', '0', 'Krebsforschung Schweiz'),
('1781', '0', 'Berger-Janser-Stiftung, Bern'),
('1782', '0', 'Board Member, Global Trade Analysis Project'),
('1783', '0', 'Board Member, Institute for Int''l & Development Econ.'),
('1784', '0', 'Board Member, European Trade Study Group'),
('1785', '0', 'Jean-Pierre Miéville-Stiftung'),
('1786', '0', 'Stiftung Charles Neuhaus Biel'),
('1787', '0', 'Jaberg-Stiftung'),
('1788', '0', 'PET-AG Bern'),
('1789', '0', 'Stiftung-Sammlung Schweizer Rechtsquellen'),
('1790', '0', 'Moser-Nef-Stiftung'),
('1791', '0', 'Albrecht-von-Haller-Stiftung der Burgergemeinde Bern'),
('1792', '0', 'Ostschweizerische Finanzholding AG'),
('1793', '0', 'Spirit of Bern: wiss. Beirat'),
('1794', '0', 'Schweizerische Stiftung für Alkoholforschung SSA'),
('1795', '0', 'Stiftung Papavramidès'),
('1796', '0', 'Schweizerische Theatersammlung'),
('1797', '0', 'Seniorenuniversität Bern'),
('1798', '0', 'Stiftung für Rechtsausbildung Luzern'),
('1799', '0', 'A. Peneveyre SA'),
('1800', '0', 'Fondation A. Peneveyre SA'),
('1801', '0', 'Brandinvest AG, Verwaltungsrat'),
('1802', '0', 'Bayer Wartmann AG'),
('1803', '0', 'Convida'),
('1804', '0', 'Walder'),
('1805', '0', 'Albert-Heim-Stiftung'),
('1806', '0', 'Synthena AG'),
('1807', '0', 'Verein Euresearch'),
('1808', '0', 'VR Verkehrsbetriebe Biel'),
('1809', '0', 'OLZ & Partners'),
('1810', '0', 'Stiftung Archiv für schweizerisches Abgaberecht'),
('1811', '0', 'Vereinsvorstand BEWEST (Weiterbildungsverein)'),
('1812', '0', 'Rat für Raumordnung'),
('1813', '0', 'Stiftung Tierärztliche Hochschule Hannover'),
('1814', '0', 'Ionight'),
('1815', '0', 'Katharina Huber-Steiner Stiftung'),
('1816', '0', 'Forum du Bilinguisme Bienne'),
('1817', '0', 'Stiftung für klinisch-experimentelle Tumorforschung Bern'),
('1818', '0', 'Berner Diabetes Gesellschaft'),
('1819', '0', 'Berner Diabetes Stiftung'),
('1820', '0', 'Fondazione Ettore e Valeria Rossi'),
('1821', '0', 'Alterniity GmbH'),
('1822', '0', 'CCMT'),
('1823', '0', 'Medical Cluster'),
('1824', '0', 'Genossenschaft basecamp4hightech (bc4ht)'),
('1825', '0', 'Stiftung für technologische Innovation - STI'),
('1826', '0', 'Centre of Continuing Dental Education AG'),
('1827', '0', 'Stiftung Mensabetriebe der Universität Bern'),
('1828', '0', 'Stiftung Sozialkasse der Universität Bern'),
('1829', '0', 'Verein Berner Studentenlogierhäuser VBSL'),
('1830', '0', 'innoBE AG'),
('1831', '0', 'Campus Muristalden AG'),
('1832', '0', 'Rochester Bern Foundation Board'),
('1833', '0', 'Jacob Burckhardt-Stiftung'),
('1834', '0', 'Yde Foundation Kopenhagen'),
('1835', '0', 'Dr. Josef Steiner Cancer Research Foundation, Präsident'),
('1836', '0', 'Bretscher Stiftung'),
('1837', '0', 'Kiefer Hablitzel Stiftung'),
('1838', '0', 'CIHA'),
('1839', '0', 'Mitglied Hochschulrat Leipzig'),
('1840', '0', 'Jakob Spreng AG'),
('1841', '0', 'Guggenheim-Stiftung für Geschichte der Medizin'),
('1842', '0', 'Stiftung Dr. Ed. Müller, Beromünster'),
('1843', '0', 'Paul- und Johanna Röthlisberger-Schmid-Stiftung'),
('1844', '0', 'phw bern'),
('1845', '0', 'Nachhaltigkeitsbeirat Swisscanto'),
('1846', '0', 'Johanna Dürmüller-Bol Stiftung'),
('1847', '0', 'Stiftung für die Forschung in Anästhesie und Intensivmedizin'),
('1848', '0', 'Spital-Management Bern AG'),
('1849', '0', 'Übergangsrat der UPD'),
('1850', '0', 'SWANtec Holding AG'),
('1851', '0', 'SWAN Hadron AG'),
('1852', '0', 'Schweizer Tanzarchiv'),
('1853', '0', 'Büro Vatter AG'),
('1854', '0', 'Dr. A. Bretscher Stiftung'),
('1855', '0', 'Stiftung CCMT'),
('1856', '0', 'European Cardiovascular Research Institute (ECRI), Aufsichtsrat'),
('1857', '0', 'Kardiologie Interlaken - Unterseen AG, Verwaltungsrat'),
('1858', '0', 'Paracelsus-Spital Richterswil, ZH'),
('1859', '0', 'Haag Streit Stiftung'),
('1860', '0', 'Hans Goldmann Stiftung'),
('1861', '0', 'Major und Feller Stiftung'),
('1862', '0', 'Strassen- und Kanalisationsgenossenschaft Badweidli'),
('1863', '0', 'Reykjavik University'),
('1864', '0', 'TWZ GmbH'),
('1865', '0', 'St. Galler Kantonalbank AG'),
('1866', '0', 'Algofin AG'),
('1867', '0', 'Nationaler Geistiger Rat der Bahá''í der Schweiz'),
('1868', '0', 'ASG Strategy Group AG'),
('1869', '0', 'Leibniz-Informationszentrum Wirtschaft'),
('1870', '0', 'Marie Heim-Vögtlin-Programm des Schweizerischen Nationalfonds, Abteilung Geistes- und Sozialwissenschaften'),
('1871', '0', 'CID GmbH'),
('1872', '0', 'Crosswalk AG'),
('1873', '0', 'Starrag'),
('1874', '0', 'Création Baumann'),
('1875', '0', 'Heidiland Tourismus AG'),
('1876', '0', 'equia AG, Zürich'),
('1877', '0', 'Zeitschrift "Betriebs-Berater" (BB)'),
('1878', '0', 'Prager Dreifuss AG'),
('1880', '0', 'ITMC AG'),
('1881', '0', 'Landesregierung Vorarlberg'),
('1882', '0', 'ITMP AG'),
('1883', '0', 'World Bank'),
('1884', '0', 'KfW Development Bank'),
('1885', '0', 'ResponsAbility'),
('1886', '0', 'Departement für Entwicklungshilfe und -zusammenarbeit DEZA'),
('1887', '0', 'European Fund for Southeast Europe (EFSE)'),
('1888', '0', 'Energy factory'),
('1889', '0', 'Schweizer Kaderorganisation SKO'),
('1890', '0', 'Deutsche Gesellschaft für Personalführung DGFP'),
('1891', '0', 'Das Demographienetzwerk ddn'),
('1892', '0', 'Wettbewerbskommission'),
('1893', '0', 'Deutscher Bundestag'),
('1894', '0', 'Paradigm Capital Partners'),
('1895', '0', 'Behavioural Finance Solutions GmbH'),
('1896', '0', 'Fachhochschule Nordwestschweiz'),
('1897', '0', 'Brenzinger Grundstücksverwaltungs KG'),
('1898', '0', 'oekom Research AG'),
('1899', '0', 'SQS Software Quality Systems (Schweiz) AG'),
('1900', '0', 'BSL Lausanne'),
('1901', '0', 'Gemeinnützliches Projekt für erneuerbare Energien "SunRaisers"'),
('1902', '0', 'oikos Konstanz'),
('1903', '0', 'Verwaltungsgericht Zürich'),
('1904', '0', 'Kanton St.Gallen'),
('1905', '0', 'Österreichische Akademie der Wissenschaften'),
('1906', '0', 'Stiftung für Schweizerische Rechtspflege'),
('1907', '0', 'Schweizerische Vereinigung für Politikwissenschaft'),
('1908', '0', 'Raiffeisen Diepoldsau-Schmitter'),
('1909', '0', 'European Marketing Academy EMAC'),
('1910', '0', 'AbsolventUM'),
('1911', '0', 'Sound Leadership LLC'),
('1912', '0', 'Qipp AG - ETH Spin-off'),
('1913', '0', 'SEW-HSG'),
('1914', '0', 'Schweiz. Gesellschaft für Volkswirtschaft und Statistik'),
('1915', '0', 'Schwyzer Kantonalbank'),
('1916', '0', 'Löwetz Immobilien AG'),
('1917', '0', 'Schuh & Co.'),
('1918', '0', 'RUAG'),
('1919', '0', 'EMBA'),
('1920', '0', 'SMBS'),
('1921', '0', 'Universität Salzburg'),
('1922', '0', 'CUREM'),
('1923', '0', 'EBS Universität'),
('1924', '0', 'Swiss&Global'),
('1925', '0', 'Creative Hub'),
('1926', '0', 'CTI-Entrepreneurship'),
('1927', '0', 'Avatarion Technology'),
('1928', '0', 'BGW Management Advisory Group'),
('1929', '0', 'BMI-Lab'),
('1930', '0', 'GLORAD'),
('1931', '0', 'Hoffmann Neopac'),
('1932', '0', 'Zühlke'),
('1933', '0', 'Dietmar Grichnik Entrepreneurial Management GmbH'),
('1934', '0', 'Scienovation'),
('1935', '0', 'Particulate'),
('1936', '0', 'Stiftung Social Funders'),
('1937', '0', 'Akkreditierungsagentur FIBAA'),
('1938', '0', 'Unabhängige Expertenkommission "Administrative Zwangsmassnahmen"'),
('1939', '0', 'Zürichsee Landschaftsschutz ZSL'),
('1940', '0', 'Konzert und Theater St. Gallen'),
('1941', '0', 'University of Gothenburg'),
('1942', '0', 'Hochschule für Wirtschaft Zürich'),
('1943', '0', 'Johannes Gutenberg-Universität Mainz'),
('1944', '0', 'Singapore Management University'),
('1945', '0', 'HSG Symposium'),
('1946', '0', 'Percipe GmbH'),
('1947', '0', 'International Forum on Sustainable Value Chains ISVC'),
('1948', '0', 'Inneco AG (link)'),
('1949', '0', 'ETH Entrepreneur Club'),
('1950', '0', 'Swiss Energy and Climate Summit'),
('1951', '0', 'Leadership & Endurance AG'),
('1952', '0', 'IARDA GmbH'),
('1953', '0', 'Swiss Informatics Research Association'),
('1954', '0', 'Haas Food Equipment GmbH'),
('1955', '0', 'Stratwin AG'),
('1956', '0', 'Oy Halton Group Ltd'),
('1957', '0', 'Hügli AG'),
('1958', '0', 'New Europe College'),
('1959', '0', 'Center for Advanced Studies'),
('1960', '0', 'Swiss GAAP FER'),
('1961', '0', 'Schweizer Bund'),
('1962', '0', 'Ivoclar Vivadent AG'),
('1963', '0', 'RBA-Bankengruppe'),
('1964', '0', 'Schweizer Treuhänder'),
('1965', '0', 'KoR Zeitschrift für internationale und kapitalmarktorientierte Rechnungslegung'),
('1966', '0', 'United Digital Group UDG'),
('1967', '0', 'EU'),
('1968', '0', 'EQT'),
('1969', '0', 'Volkswagen'),
('1970', '0', 'High Tech Gründerfonds'),
('1971', '0', 'AtlanticLux Lebensversicherung S.A.'),
('1972', '0', 'Premiumselect Lux S.A.'),
('1973', '0', 'joixes AG'),
('1974', '0', 'International Group of Controlling IGC'),
('1975', '0', 'Bundesanzeiger Verlag'),
('1976', '0', 'Center for Performance Research & Analytics CEPRA'),
('1977', '0', 'Vahlen Verlag'),
('1978', '0', 'The Performance Management Company PMC GmbH'),
('1979', '0', 'Infrastruktur SK'),
('1980', '0', 'IBEF GmbH'),
('1981', '0', 'Hydropower Solutions GmbH'),
('1982', '0', 'Think Tank Thurgau'),
('1983', '0', 'Timor Foundation'),
('1984', '0', 'Industry Intelligence GmbH'),
('1985', '0', 'Promerit Holding AG'),
('1986', '0', 'Promerit Management Consulting AG'),
('1987', '0', 'Virtuell Bau Holding, St.Gallen'),
('1988', '0', 'UEC gemeinnützige GmbH'),
('1989', '0', 'Hochschule Esslingen'),
('1990', '0', 'Förderkreis Gründungsforschung FGF e.V.'),
('1991', '0', 'Clairfield International GmbH, Frankfurt/Main'),
('1992', '0', 'MÖRK GmbH & Co. KG, Leonberg'),
('1993', '0', 'Memo St.Gallen GmbH'),
('1994', '0', 'Rechtsanwaltskanzlei ME Advocat AG'),
('1995', '0', 'Fliegerschule St.Gallen-Altenrhein'),
('1996', '0', 'ME Advocat AG'),
('1997', '0', 'Nussbaum Gruppe'),
('1998', '0', 'Ebnat AG, Ebna'),
('1999', '0', 'Peka Pinselfabrik AG'),
('2000', '0', 'BTV Leasing Schweiz AG'),
('2001', '0', 'Ricola Familienholding AG'),
('2002', '0', 'Master of Law and Economics'),
('2003', '0', 'Verein Katholisches Akademikerhaus/Katholisches Studentenhaus'),
('2004', '0', 'St. Gallen Symposium'),
('2005', '0', 'Peter Werhahn-Preis'),
('2006', '0', 'Zeitschrift "Die Unternehmung"'),
('2007', '0', 'M&A Review'),
('2008', '0', 'EGT AG'),
('2009', '0', 'Elbet AG'),
('2010', '0', 'Stiftung Kinderdorf Pestalozzi'),
('2011', '0', 'MPM Market Performance Management St. Gallen AG'),
('2012', '0', 'BEG Business Engineering Group AG'),
('2013', '0', 'BEG Management AG'),
('2014', '0', 'IST Funds Swiss Healthcare Loans'),
('2015', '0', 'IHK Industrie- und Handelskammer Thurgau'),
('2016', '0', 'Startnetzwerk Thurgau'),
('2017', '0', 'McOptik'),
('2018', '0', 'Otto''s'),
('2020', '0', 'Norwegian Business School'),
('2021', '0', 'Detecon (Schweiz) AG'),
('2022', '0', 'Compass Alters- und Pflegeverein'),
('2023', '0', 'Gemeinde Speicher AR'),
('2024', '0', 'St. Galler Juristenverein'),
('2025', '0', 'Evangelisch-reformierte Landeskirche beider Appenzell'),
('2026', '0', 'Evangelisch-reformierte Kirche des Kantons St. Gallen'),
('2027', '0', 'Peter Häberle-Stiftung an der Universität St. Gallen'),
('2028', '0', 'Zunft zur Meisen (Zürich)'),
('2029', '0', 'European Group of Risk and Insurance Economist EGRIE'),
('2030', '0', 'I.VW-Forschungskreis'),
('2031', '0', 'Genossenschaft Migros Ostschweiz'),
('2032', '0', 'Selectchemie AG'),
('2033', '0', 'ALID AG'),
('2034', '0', 'Karl Bubenhofer AG'),
('2035', '0', 'Farby KABE Polska GmbH'),
('2036', '0', 'Kantonsschule am Brühl in St.Gallen'),
('2037', '0', 'Albert-Ludwigs-University'),
('2038', '0', 'Universität Liechtenstein'),
('2039', '0', 'thurmed AG / Spital Thurgau'),
('2040', '0', 'Ammarkt'),
('2041', '0', 'IT Management Partner St. Gallen AG'),
('2042', '0', 'EXIST – Existenzgründungen aus der Wissenschaft'),
('2043', '0', 'Forum BGM – Betriebliches Gesundheitsmanagement Ostschweiz'),
('2044', '0', 'University of Western Australia Business School'),
('2045', '0', 'Schärer Rechtsanwälte'),
('2046', '0', 'Deutsches Forschungsinstitutes für öffentliche Verwaltung'),
('2047', '0', 'Schweizerische Vereinigung für Führungsausbildung'),
('2048', '0', 'Trust Management Institut e.V.'),
('2049', '0', 'FINT, First international Network of Trust Research'),
('2050', '0', 'BTiO GmbH'),
('2051', '0', 'International Society for Business, Ethics and Economics ISBEE'),
('2052', '0', 'Business Ethics Journal Review'),
('2053', '0', 'Brot für alle'),
('2054', '0', 'Foundation for Responsible Leadership'),
('2055', '0', 'Business and Human Rights Journal'),
('2056', '0', 'Konzernverantwortungsinitiative'),
('2057', '0', 'Welz AG'),
('2058', '0', 'Hasler Transport AG'),
('2059', '0', 'Tisca Tiara AG'),
('2060', '0', 'Franz Haniel & Cie. GmbH'),
('2061', '1', 'Bertarelli Foundation'),
('2062', '0', 'Carigest SA'),
('2063', '0', 'Debiopharm'),
('2064', '0', 'Defitech'),
('2065', '0', 'EOS Holding'),
('2066', '0', 'Ferring Pharmaceuticals'),
('2067', '0', 'Gandur'),
('2068', '0', 'Gaznat'),
('2069', '0', 'Intel'),
('2070', '0', 'IRP'),
('2071', '0', 'ISREC'),
('2072', '0', 'Julia Jacobi'),
('2073', '0', 'Kristian Gerhard Jebsen'),
('2074', '0', 'Landolt & Cie'),
('2075', '0', 'Latour'),
('2076', '0', 'Medtronic'),
('2077', '0', 'Merck Serono'),
('2078', '0', 'Nano-Tera'),
('2079', '0', 'Patek Philippe'),
('2080', '0', 'Petrosvibri'),
('2081', '0', 'Die Post'),
('2082', '0', 'PX Group'),
('2083', '0', 'Richemont'),
('2084', '0', 'Swissquote'),
('2085', '0', 'Unigestion'),
('2088', '0', 'AXA Research Fund'),
('2089', '0', 'Axpo'),
('2090', '0', 'CKW'),
('2091', '0', 'EKZ'),
('2092', '0', 'First Advisory Group'),
('2093', '0', 'Hocoma'),
('2094', '0', 'Kühne'),
('2095', '0', 'Mäxi'),
('2096', '0', 'SABIC'),
('2097', '0', 'Siemens Building Technologies'),
('2098', '0', 'SVGW'),
('2099', '0', 'VSA'),
('2100', '0', 'ADIUVARE'),
('2101', '0', 'Augusto Gallera'),
('2102', '0', 'Banca del Ceresio'),
('2103', '0', 'Banca della Svizzera Italiana'),
('2104', '0', 'COMEL'),
('2105', '0', 'Coromande'),
('2106', '0', 'Corriere del Ticino'),
('2107', '0', 'Dorina Guidotti'),
('2108', '0', 'ESOF'),
('2109', '0', 'Fidinam'),
('2110', '0', 'Fondazione del Ceresio'),
('2111', '0', 'Fondazione per lo studio delle malattie neurodegenerative'),
('2112', '0', 'Fondi di compensazione AVS'),
('2113', '0', 'Gelu'),
('2114', '0', 'GGG'),
('2115', '0', 'Gurta SA'),
('2116', '0', 'Gurten & Jauch'),
('2117', '0', 'Gustav & Ruth Jacob'),
('2118', '0', 'Hans Wyder'),
('2119', '0', 'Heinrich & Myriam Gebert'),
('2120', '0', 'Henry Krenter'),
('2121', '0', 'Jost Reinhold'),
('2122', '0', 'Meynarda & Jantje Van Terwisga'),
('2123', '0', 'Monique Fulcieri'),
('2124', '0', 'Pina Petroli SA'),
('2125', '0', 'Ricerca Svizzera contro il Cancro'),
('2126', '0', 'San Salvatore'),
('2127', '0', 'Schiller SA'),
('2128', '0', 'Sergio Mantegazza'),
('2129', '0', 'Sergio Monti'),
('2130', '0', 'Sievers'),
('2131', '0', 'Silva Casa'),
('2132', '0', 'Silvio Leoni'),
('2133', '0', 'Stelinvest'),
('2134', '0', 'The Gabriele Charitable Foundation'),
('2135', '0', 'Theo Rossi Montelera'),
('2136', '0', 'Tito Tettamanti'),
('2137', '0', 'Fondazione Daccò'),
('2138', '0', 'Fondazione Fidinam'),
('2139', '0', 'Fondazione Mantegazza'),
('2140', '0', 'Fondazione Corriere del Ticino'),
('2141', '0', 'Fondazione AVS'),
('2142', '0', 'Annetta und Dr. Gustav E. Grisard'),
('2143', '0', 'Botnar'),
('2144', '0', 'Branco Weiss'),
('2145', '0', 'Dr. Thomas Straumann'),
('2146', '0', 'Eckenstein-Geigy'),
('2147', '0', 'Georg H. Endress'),
('2148', '0', 'Gertrude von Meissner'),
('2149', '0', 'Henri B. Meier'),
('2150', '0', 'Interpharma'),
('2151', '0', 'Laurenz'),
('2152', '0', 'Lucius und Annemarie Burckhardt'),
('2153', '0', 'Moritz Straus'),
('2154', '0', 'Stiftg. zur Förderung der gastroenterologischen und allg. klinischen Forschung sowie der medizinischen Bildauswertung + MIAC AG'),
('2155', '0', 'SwissFoundations'),
('2156', '0', 'Abegg'),
('2157', '0', 'Gebäudeversicherung Bern GVB'),
('2158', '0', 'Justin und Hilde Thannhauser'),
('2159', '0', 'Vinetum'),
('2160', '0', 'Weleda AG'),
('2161', '0', 'Michelin Schweiz AG'),
('2162', '0', 'Gustav Stenbolt'),
('2163', '0', 'Kantonalbank Freiburg'),
('2164', '0', 'Willi Liebherr'),
('2165', '0', 'Stiftung für Forschung und Entwicklung der Mehrsprachigkeit des Staates Freiburg'),
('2166', '0', 'Anonym'),
('2167', '0', 'Charles Pictet'),
('2168', '0', 'SIG - Services industriels Genève'),
('2169', '0', 'tba'),
('2170', '0', 'Centre international d’études du sport (CIES)'),
('2171', '0', 'Ernst & Young'),
('2173', '0', 'Tagetik & think-cell'),
('2174', '0', 'Zeitschrift Aussenwirtschaft'),
('2175', '0', 'Audi'),
('2176', '0', 'BMW'),
('2177', '0', 'BSW leading swiss agencies'),
('2178', '0', 'Busch-Jaeger'),
('2180', '0', 'Kind'),
('2181', '0', 'Lufthansa'),
('2182', '0', 'Porsche'),
('2183', '0', 'Rehau'),
('2184', '0', 'Rewe'),
('2185', '0', 'Skoda'),
('2186', '0', 'St. Gallen BodenseeArea'),
('2187', '0', 'COFRA'),
('2188', '0', 'Forschungskreis I.VW'),
('2189', '0', 'Lemann'),
('2190', '0', 'Migros-Genossenschafts-Bund'),
('2191', '0', 'Bonizzi-Theler'),
('2192', '0', 'Ernst-Hadorn'),
('2193', '0', 'Herti'),
('2194', '0', 'Jacobs'),
('2195', '0', 'Larsson Rosenquist'),
('2196', '0', 'MBA'),
('2197', '0', 'P & K Pühringer'),
('2198', '0', 'Sirona Dental Systems GmbH'),
('2199', '0', 'Stadt Aarau'),
('2200', '0', 'Velux'),
('2201', '0', 'VHKF'),
('2202', '0', 'Vontobel'),
('2203', '0', 'ZUNIV'),
('2204', '0', 'Albert Köchlin Stiftung'),
('2205', '0', 'Anwaltskanzlei Fellmann Tschümperlin Lötscher'),
('2206', '0', 'B. Braun Medical AG'),
('2207', '0', 'Bildungs- und Kulturdepartement Kt. Luzern'),
('2208', '0', 'Brunner AG Druck und Medien'),
('2209', '0', 'Caritas Schweiz'),
('2210', '0', 'Cedac entwicklung assessment beratung AG'),
('2211', '0', 'cimenti.lipp ag elektro.installationen'),
('2212', '0', 'Compass Group (Schweiz) AG'),
('2213', '0', 'CSS Versicherung'),
('2215', '0', 'Dietmar Dreier Wissenschaftliche Versandbuchhandlung GmbH'),
('2216', '0', 'Dike Verlag AG'),
('2217', '0', 'Dr. F. Renggli Managementberatung'),
('2218', '0', 'Ecoscientia Stiftung'),
('2219', '0', 'Eidg. Justiz- und Polizeidepartement'),
('2220', '0', 'Elektro Waser AG'),
('2221', '0', 'ELEKTRO-MÖSCH'),
('2222', '0', 'Festhallen Rüttimann AG'),
('2223', '0', 'FREY + CIE ELEKTRO AG'),
('2224', '0', 'Gamma Print AG'),
('2225', '0', 'Gemeinnützige Gesellschaft der Stadt Luzern'),
('2226', '0', 'Gerry Hofstetter'),
('2227', '0', 'Golf Rastenmoos AG'),
('2228', '0', 'Grand Casino Luzern AG'),
('2229', '0', 'Helbing Lichtenhahn Verlag'),
('2230', '0', 'Hermap AG'),
('2231', '0', 'Hotel Radisson Blu'),
('2232', '0', 'Jacobs Foundation'),
('2233', '0', 'Josef Müller Stiftung Muri'),
('2234', '0', 'Kirchen und Religionsgemeinschaften'),
('2235', '0', 'Krono Holding AG'),
('2236', '0', 'Lampert AG'),
('2237', '0', 'Landeskirche'),
('2238', '0', 'Leuchter AG'),
('2239', '0', 'Lucerne Festival'),
('2240', '0', 'Ludwig Hohl Stiftung'),
('2241', '0', 'Maréchaux Elektro AG'),
('2242', '0', 'MediData AG'),
('2243', '0', 'Migros Kulturprozent'),
('2244', '0', 'Mount Zion Foundation'),
('2245', '0', 'Multi-Access AG'),
('2246', '0', 'Musik Hug'),
('2247', '0', 'Neue Luzerner Zeitung'),
('2248', '0', 'NN (Stiftungen und Privatpersonen)'),
('2249', '0', 'Otto Herz-Studienstiftung'),
('2250', '0', 'Prof. Otto Beisheim-Stiftung'),
('2251', '0', 'Rebsamen Technocasa AG'),
('2252', '0', 'Residenz GmbH'),
('2253', '0', 'Restaurant Cha-Cha'),
('2254', '0', 'Robert und Lina Thyll-Dürr-Stiftung'),
('2255', '0', 'Schmid Bauunternehmung AG'),
('2256', '0', 'Schremo AG'),
('2257', '0', 'Schulthess Juristische Medien AG'),
('2258', '0', 'Schweizerische Vereinigung für Internationales Recht (SVIR)'),
('2259', '0', 'Shirtprint AG'),
('2260', '0', 'Stadt Luzern'),
('2261', '0', 'Stämpfli Verlag AG'),
('2262', '0', 'Stiftung Domarena'),
('2263', '0', 'Stiftung für das Apostolat durch die Massenmedien'),
('2264', '0', 'Stiftung Judentum/Christentum SJC'),
('2265', '0', 'Stiftung Mercator Schweiz'),
('2266', '0', 'Stiftung Universität Luzern'),
('2267', '0', 'Tarifverbund Passepartout'),
('2268', '0', 'Universitätsverein Luzern'),
('2269', '0', 'Vending Service AG'),
('2270', '0', 'Wild Electric AG'),
('2271', '0', 'Kontaktgruppe für Forschungsfragen'),
('2272', '0', 'Metrohm Stiftung'),
('2273', '0', 'Stadt Zürich Kultur'),
('2274', '0', 'Stiftung Czeslaw Marek'),
('2279', '0', 'AdNovum Informatik'),
('2280', '0', 'Ammann Group Holding'),
('2281', '0', 'BETTR'),
('2282', '0', 'Biotronik'),
('2283', '0', 'Crédit Agricole'),
('2284', '0', 'Dätwyler'),
('2285', '0', 'Disney Research Zürich'),
('2286', '0', 'Distrelec'),
('2287', '0', 'DMSP Portmann'),
('2288', '0', 'Dow'),
('2289', '0', 'Ernst Basler & Partner'),
('2290', '0', 'ETEL S.A.'),
('2291', '0', 'Fabrimex Systems'),
('2292', '0', 'Franke Artemis Group'),
('2293', '0', 'Geberit'),
('2294', '0', 'Glencore'),
('2295', '0', 'Gruner'),
('2296', '0', 'Hardturm AG'),
('2297', '0', 'Heiner Thorborg & Co.'),
('2298', '0', 'Holinger'),
('2299', '0', 'Implenia'),
('2300', '0', 'Industrielle Betriebe Kloten'),
('2301', '0', 'Kaba'),
('2302', '0', 'LumiNova'),
('2303', '0', 'Omya'),
('2304', '0', 'Open Systems'),
('2305', '0', 'PartnerRe'),
('2306', '0', 'Plastic Omnium'),
('2307', '0', 'PPCmetrics'),
('2308', '0', 'RC Tritec'),
('2309', '0', 'Repower'),
('2310', '0', 'Sensirion'),
('2311', '0', 'Shell'),
('2312', '0', 'Siemens Schweiz'),
('2313', '0', 'Stump ForaTec'),
('2314', '0', 'swisselectric'),
('2315', '0', 'The Boston Consulting Group'),
('2316', '0', 'United Technologies Corporation'),
('2317', '0', 'V-ZUG / Metall Zug'),
('2318', '0', 'J. E. Wolfensberger'),
('2319', '0', 'Akademie der Wissenschaften Schweiz'),
('2320', '0', 'Anna Caroline Stiftung'),
('2321', '0', 'AO Foundation'),
('2322', '0', 'Arbeitsgemeinschaft Prof. Hugel'),
('2323', '0', 'Arthur Waser Stiftung'),
('2324', '0', 'Baugarten Stiftung'),
('2325', '0', 'Braginsky-Stiftung'),
('2326', '0', 'Bühlmann-Kühni Stiftung'),
('2328', '0', 'Dr. iur. Jstvan '),
('2329', '0', 'Kertész Stiftung'),
('2330', '0', 'Erdöl-Vereinigung'),
('2331', '0', 'Ernst Göhner Stiftung'),
('2332', '0', 'ETH Alumni Landesgruppe '),
('2333', '0', 'Deutschland'),
('2334', '0', 'Gemeinnützige Stiftung '),
('2335', '0', 'Gemeinnützige Stiftung EMPIRIS'),
('2336', '0', 'Schwyzer-Winiker Stiftung'),
('2337', '0', 'Walter Haefner Stiftung'),
('2338', '0', 'Hauser-Stiftung'),
('2339', '0', 'Heidi Ras Stiftung'),
('2340', '0', 'Hirschmann-Stiftung'),
('2341', '0', 'Huber+Suhner Stiftung'),
('2342', '0', 'IASTED'),
('2343', '0', 'Klaus Tschira Stiftung'),
('2344', '0', 'Kühne-Stiftung'),
('2345', '0', 'Leister Stiftung'),
('2346', '0', 'Lotte und Adolf '),
('2347', '0', 'Hotz-Sprenger Stiftung'),
('2348', '0', 'MBF Foundation'),
('2349', '0', 'Michael Kohn-Stiftung'),
('2350', '0', 'NAGRA'),
('2351', '0', 'RMS Foundation'),
('2352', '0', 'Rofonda Stiftung'),
('2353', '0', 'Rütli-Stiftung'),
('2354', '0', 'Sawiris Foundation '),
('2355', '0', 'for Social Development'),
('2356', '0', 'Sklerose Gesellschaft'),
('2357', '0', 'Starr International Foundation'),
('2358', '0', 'Stavros Niarchos Foundation'),
('2359', '0', 'Stiftung Cerebral'),
('2360', '0', 'Stiftung Propter Homines'),
('2361', '0', 'Stiftung Synapsis'),
('2362', '0', 'Thallos Stiftung'),
('2363', '0', 'Uniscientia Stiftung'),
('2364', '0', 'Verband VSA'),
('2365', '0', 'Verein SVGW'),
('2366', '0', 'Vontobel-Stiftung'),
('2367', '0', 'Yvonne Lang-Chardonnens '),
('2368', '0', 'Fondation de la Faculté autonome de théologie protestante'),
('2369', '0', 'SIG'),
('2370', '0', 'Institute of Arthritis Research'),
('2371', '0', 'NERF (Leuwen)'),
('2372', '0', 'ID Quantique SA'),
('2373', '0', 'BPN Paribas (Suisse) SA'),
('2374', '0', 'Fondation Professeur Walther Hug'),
('2375', '0', 'Gensuisse'),
('2376', '0', 'Wright Foundation'),
('2377', '0', 'Centre de mathématiques, Université d''Etat de Saint Petersburg'),
('2378', '0', 'Institut des Sciences et Technologies, Skolkovo'),
('2379', '0', 'HEM Genève'),
('2380', '0', 'HEM Bâle'),
('2381', '0', 'Activités académiques'),
('2382', '0', 'Commission fédérale des questions familiales'),
('2383', '0', 'Centre de formation professionnel spécialisé ORIF'),
('2384', '0', 'Massachusetts General Hospital'),
('2385', '0', 'Etablissement Cantonal d''Assurance'),
('2386', '0', 'Switchplus AG'),
('2387', '0', 'Académie internationale des sciences et technique du sport'),
('2388', '0', 'Autorité fédérale de surveillance en matière de révision'),
('2389', '0', 'Selexis'),
('2390', '0', 'Une administration de faillite non spécifié'),
('2391', '0', 'Chancellerie non spécifié'),
('2392', '0', 'CHUV'),
('2393', '0', 'Swissmedic'),
('2394', '0', 'SRS-CSPCP'),
('2395', '0', 'Tribunal cantonal vaudois'),
('2396', '0', '1875 Finance SA'),
('2397', '0', 'Nationalrat'),
('2398', '0', 'Grand Conseil NE'),
('2399', '0', 'Académie suisse des sciences humaines et sociales'),
('2400', '0', 'Ecole pratique des hautes études de Paris'),
('2401', '0', 'Athemis'),
('2402', '0', 'MAS en économie et administration de la santé de HEC Lausanne'),
('2403', '0', 'Uni Paris V Descartes'),
('2404', '0', 'Office national (français) d’indemnisation des accidents médicaux'),
('2405', '0', 'Académie suisse de la magistrature'),
('2406', '0', 'Commission internationale des juristes (ICJ)'),
('2407', '0', 'Office cantonal de conciliation en matière de conflits de travail'),
('2408', '0', 'Association suisse du droit public de l''organisation (ASDPO)'),
('2409', '0', 'Commission scientifique du Trésor abbatial de l''Abbaye St-Maurice'),
('2410', '0', 'Maison des sciences de l''homme de l''Université de Tours'),
('2411', '0', 'Fondation pour l''histoire de la poste'),
('2412', '0', 'Association pour l''histoire des chemins de fer en France'),
('2413', '0', 'Comité des travaux historiques et scientifiques'),
('2414', '0', 'Commission internationale pour la philosophie et les sciences humaines (CIPSH)'),
('2415', '0', 'Budongo Conservation Field Station (Ouganda)'),
('2416', '0', 'Max Planck Institute of Evolutionary Anthropology'),
('2417', '0', 'Tai Monkey Project (Côte d''Ivoire)'),
('2418', '0', 'Université St Andrews (UK) '),
('2419', '0', 'Schellenberg Wittmer SA'),
('2420', '0', 'FNRS'),
('2421', '0', 'Holcim-Stiftung zur Förderung der wissenschaftlichen Fortbildung'),
('2422', '0', 'Museum Schloss Thun'),
('2423', '0', 'Eidgenössischen Berufsbildungskommission (EBBK)'),
('2424', '0', 'ETH Zürich SEC AG'),
('2425', '0', 'ETH Singapore SEC Ltd.'),
('2426', '0', 'inspire AG'),
('2427', '0', 'Stiftung Bibliothek Werner Oechslin'),
('2428', '0', 'Association Climate-KIC'),
('2429', '0', 'swissuniversities'),
('2430', '0', 'Ecoinvent'),
('2431', '0', 'Stiftung Geobotanisches Forschungsinstitut Rübel'),
('2432', '0', 'BlueLion Stiftung'),
('2433', '0', 'Stiftung Jüdische Zeitgeschichte'),
('2434', '0', 'Paul Niggli-Stiftung'),
('2435', '0', 'Stiftung zur Föderung der Forschung und Ausbildung in Unternehmenswiss., ETH Zürich'),
('2436', '0', 'André und Hedy Knoll-Spring Stiftung'),
('2437', '0', 'Stiftung Technopark Zürich'),
('2438', '0', 'EKK (Eidgenössische Konsumenten Kommission)'),
('2439', '0', 'SPartners Asia (Hongkong)'),
('2440', '0', 'CRS Holding AGn'),
('2441', '0', 'Schweizerisches Kompetenzzentrum für Menschenrechte (SKMR)'),
('2442', '0', 'Parc Scientifique EPFL'),
('2443', '0', 'Imperial College Business School '),
('2444', '0', 'Herzog Kull Group'),
('2445', '0', 'Airport Casino Basel '),
('2446', '0', 'PsyKo'),
('2447', '0', 'U.S. National Academy of Engineering'),
('2448', '0', 'Helmholtz Zentrum für Umweltforschung (UFZ)'),
('2449', '0', 'Swiss Hydrological Commission, Swiss Academy of Sciences'),
('2450', '0', 'ETH Women Professors Forum'),
('2451', '0', 'Advokatenkammer Basel-Stadt'),
('2452', '0', 'Liatowitsch & Partner'),
('2453', '0', 'Centrum für Familienwissenschaften'),
('2454', '0', 'Verein Fachanwältinnen und Fachanwälte SAV Familienrecht'),
('2455', '0', 'Boehringer Ingelheim International GmbH'),
('2456', '0', 'Edimer Biotech SA'),
('2457', '0', 'Exxon Mobil Upstream Research Company'),
('2458', '0', 'First Quantum Minerals Ltd (FQM)'),
('2459', '0', 'HDV Hôtel des ventes SA'),
('2460', '0', 'ONO pharmaceutical Co., LTD'),
('2461', '0', 'SCOR Services Switzerland AG'),
('2462', '0', 'Union cycliste internationale'),
('2463', '0', 'Zürich Versicherungsgesellschaft AG'),
('2464', '0', 'Institut tropical et de santé publique suisse'),
('2465', '0', 'Loterie Romande'),
('2466', '0', 'Swiss Network for International Studies'),
('2467', '0', 'Deute Forschungsgemeinschaft'),
('2468', '0', 'Forensic Science Ireland (FSI)'),
('2469', '0', 'Massachusetts Institute of Technology MIT'),
('2470', '0', 'Programme de technologie appropriée en santé (PATH)'),
('2471', '0', 'Society for Longitudinal and Life Course Studies'),
('2472', '0', 'Union internationale pour la conservation de la nature (UICN)'),
('2473', '0', 'US Department of Health & Human services'),
('2474', '0', 'Fondation Agalma'),
('2475', '0', 'Fondation Clinique la Prairie'),
('2476', '0', 'Fondation Edouard Fleuret'),
('2477', '0', 'Fondation Leenards'),
('2478', '0', 'Fondation Lichtensteiger'),
('2479', '0', 'Fondation notariat Vaud'),
('2480', '0', 'Fondation Pierre Mercier pour la science'),
('2481', '0', 'Fondation pour l''innovation techonologique (FIT)'),
('2482', '0', 'Fondation pour l''Université de Lausanne'),
('2483', '0', 'Fondation Recherche suisse contre le cancer'),
('2484', '0', 'Fondation Solidar-Immun'),
('2485', '0', 'Gebert Rüf Stiftung'),
('2486', '0', 'Ludwig Institute for cancer research'),
('2487', '0', 'Swiss Foundation for Excellence and Talent in Biomedical research'),
('2488', '0', 'The Leverhulme Trust'),
('2489', '0', 'The Medic Foundation'),
('2490', '0', 'The Simons Foundation'),
('2491', '0', 'European Association of Percutaneous Cardiovascular Intervention (EAPCI)'),
('2492', '0', 'EuroPCR'),
('2493', '0', 'Journal of the American College of Cardiology Cardiovascular Interventions'),
('2494', '0', 'UpToDate'),
('3000', '0', 'Science'),
('3001', '0', 'Forol Immobilien AG'),
('3002', '0', 'BSK Immobilien AG'),
('3003', '0', 'Lifä Immobilien AG'),
('3004', '0', 'R&M Immobilien AG'),
('3005', '0', 'Basler Lebens-Versicherungs-Gesellschaft'),
('3006', '0', 'IMG Stiftung'),
('3007', '0', 'Commune de Pully'),
('3008', '0', 'Commune de Payerne'),
('3009', '0', 'Commune de Prengins'),
('3010', '0', 'Commune de Gland'),
('3011', '0', 'Politecnico di Milano, Milano'),
('3012', '0', 'Politecnico di Torino'),
('3013', '0', 'Fondation de l''Hermitage'),
('3014', '0', 'Fondation Musée de l''histoire estudiantine ASHSE'),
('3015', '0', 'GeNohm SA, EPFL Innovation Park, Lausanne'),
('3016', '0', 'Pix4D EPFL Innovation Park'),
('3017', '0', 'AISTS, EPFL-Innovation Park, Lausanne'),
('3018', '0', 'Frontiers, EPFL Innovation Park, Lausanne'),
('3019', '0', 'Swiss Academy of Humanities and Social Sciences'),
('3020', '0', 'Swiss Academy of Technical Sciences'),
('3021', '0', 'Swiss Academy of Sciences, Bern'),
('3022', '0', 'Urner Kantonalbank'),
('3023', '0', 'Luzerner Kantonalbank AG'),
('3024', '0', 'Fondation La Tène'),
('3025', '0', 'Fondation pour le Comité international de la Croix Rouge'),
('3026', '0', 'Fondation Suisse pour la Recherche en Microtechnique'),
('3027', '0', 'Fondation pour la Garde Suisse Pontificale au Vatican'),
('3028', '0', 'Fondation Institut Suisse Pour La Recherche Sur Le Vaccin (ISRV)'),
('3029', '0', 'Fondation suisse pour la recherche en sciences sociales FORS'),
('3030', '0', 'Fondation Engelberts pour les arts et la culture'),
('3031', '0', 'FSRM: Fondation Suisse pour la Recherche en Microtechnique, Neuchâtel'),
('3032', '0', 'Fondation ISREC, Lausanne'),
('3033', '0', 'Fondation pour la recherche Lausanne'),
('3034', '0', 'Fondation pour la recherche dans le cadre de l''Etude Suisse de Cohorte VIH'),
('3035', '0', 'Fondation internationale pour la recherche en paraplégie'),
('3036', '0', 'Fondation francophone pour la recherche sur le diabète (FFRD)'),
('3037', '0', 'Finanzmarktaufsicht Liechtenstein'),
('3038', '0', 'Zeitschrift für Corporate Governance (ZCG)'),
('3039', '0', 'Zeitschrift für Management'),
('3040', '0', 'AGI Software AG'),
('3041', '0', 'Software AG'),
('3042', '0', 'Eidgenössisches Departement des Inneren'),
('3043', '0', 'Université de Genève'),
('3044', '0', 'Université de Berne'),
('3045', '0', 'Université catholique de Louvain-la-Neuve (B)'),
('3046', '0', 'Université de Lausanne, faculté de médecine'),
('3047', '0', 'Université de Fribourg'),
('3048', '0', 'Schweizerischer Gewerbeverband'),
('3049', '0', 'Schweizerischer Anwaltsverband'),
('3050', '0', 'Stiftung Kunstmuseum St.Gallen'),
('3051', '0', 'Stiftung Ostschweizer Kinderspital'),
('3052', '0', 'Stiftung für Ostschweizer Kunstschaffen'),
('3053', '0', 'Stiftung Laurana'),
('3054', '0', 'Stiftung Levante'),
('3055', '0', 'Stiftung Kulturhalle Lyss'),
('3056', '0', 'Stiftung Mühle Langenthal'),
('3057', '0', 'Stiftung Schweizer Jugend forscht'),
('3058', '0', 'Stiftung Josi J. Meier'),
('3059', '0', 'Stiftung Universitäre Fernstudien Schweiz FS-CH'),
('3060', '0', 'Stiftung SYMPHASIS'),
('3061', '0', 'Stiftung Uitikon'),
('3062', '0', 'Stiftung für Archäologie im Kanton Zürich'),
('3063', '0', 'Stiftung Mosaik'),
('3064', '0', 'Stiftung für Studentisches Wohnen'),
('3065', '0', 'Stiftung für Erziehung zur Toleranz'),
('3066', '0', 'Stiftung Schweizerisches Ausbildungszentrum für das Strafvollzugspersonal'),
('3067', '0', 'Stiftung Juventus-Schulen'),
('3068', '0', 'Stiftung Institute for Value-based Enterprise, Fribourg'),
('3069', '0', 'Stiftung Diaconis Bern'),
('3070', '0', 'Stiftung Universität und Gesellschaft'),
('3071', '0', 'Stiftung Denk an mich'),
('3072', '0', 'Appenzeller Kantonalbank'),
('3073', '0', 'Appenzeller'),
('3075', '0', 'Fondation pour l''étude des relations internationales et du développement'),
('3076', '0', 'Fondation pour l''Institut universitaire de Hautes Etudes Internationales et du Développement'),
('3077', '0', 'Fondation Hardt pour l''étude de l''antiquité classique'),
('3078', '0', 'Swiss National Supercomputing Centre (CSCS)'),
('3080', '0', 'doyen de la Faculté des sciences'),
('3081', '0', 'doyen de la Faculté des sciences économiques'),
('3082', '0', 'doyen de la Faculté de théologie'),
('3083', '0', 'doyen de la Faculté de droit'),
('3084', '0', 'Canton de Vaud SIPAL'),
('3085', '0', 'Canton de Tessin'),
('3086', '0', 'Canton de Vaud'),
('3087', '0', 'Canton de Fribourg'),
('3088', '0', 'Canton de Vaud, Service Immeubles, Patrimoine et Logistique, Lausanne'),
('3089', '0', 'Bundesamt für Justiz'),
('3090', '0', 'Bundesamt für Gesundheit'),
('3091', '0', 'Bundesamt für Statistik'),
('3092', '0', 'Institut Pasteur Paris, France'),
('3093', '0', 'Vischer-Heusler Stiftung'),
('3094', '0', 'Zürcher Festspielstiftung'),
('3095', '0', 'Zürcher Filmstiftung'),
('3096', '0', 'International School of Bern'),
('3097', '0', 'International School Schaffhausen ISSH'),
('3098', '0', 'Università di Trento'),
('3099', '0', 'Università di Pavia'),
('3100', '0', 'Università di Padova, Italie'),
('3101', '0', 'Stiftung Schloss Thunstetten'),
('3102', '0', 'Stiftung Schloss Spiez'),
('3103', '0', 'Stiftung Kinderbetreuung im Hochschulraum Bern KIHOB'),
('3104', '0', 'Banque Cantonale Vaudoise'),
('3105', '0', 'Banque Cantonale Neuchâteloise'),
('3106', '0', 'University of Piraeus, Grèce '),
('3107', '0', 'University of Vienna'),
('3108', '0', 'University of California, Berkeley'),
('3109', '0', 'University of Bern'),
('3110', '0', 'University of Oulu'),
('3111', '0', 'University of Bologna, Italy'),
('3112', '0', 'University of the Free State'),
('3113', '0', 'University of Groningen'),
('3114', '0', 'Universität Zürich'),
('3115', '0', 'Universität Basel'),
('3116', '0', 'Universität Bern'),
('3117', '0', 'Universität Tübingen'),
('3118', '0', 'Université Freiburg (Allemagne)'),
('3119', '0', 'Universität Freiburg'),
('3121', '0', 'Universität Kassel'),
('3122', '0', 'Baugenossenschaft Stalden'),
('3123', '0', 'Baugenossenschaft Albis'),
('3124', '0', 'Schweizerische Akademie der Naturwissenschaften SCNAT Bern'),
('3125', '0', 'Schweizerische Akademie der Medizinischen Wissenschaften (SAMW)'),
('3126', '0', 'Pädagogische Hochschule Freiburg'),
('3127', '0', 'Pädagogische Hochschule St.Gallen'),
('3128', '0', 'Pädagogische Hochschule Zentralschweiz'),
('3129', '0', 'Allon Technologies AG'),
('3130', '0', 'GEOSS Technologies AG'),
('3131', '0', 'Institut de Physique du Globe de Paris'),
('3132', '0', 'Institut de Chimie de Lyon'),
('3133', '0', 'Schweizerische Gesellschaft für Marketing'),
('3134', '0', 'Schweizerische Gesellschaft für allgemeine innere Medizin'),
('3135', '0', 'Schweizerische Gesellschaft für Theaterkultur'),
('3136', '0', 'Schweizerische Gesellschaft für Organisation SGO'),
('3137', '0', 'Schweizerische Gesellschaft für Marketing'),
('3138', '0', 'European Society of Cardiology (ESC)'),
('3139', '0', 'ACCENTUS');

INSERT INTO "Organisation" ("ID", "Name", "Stiftung", "Sitz", "Interessengruppe_ID", "Name_ID") VALUES
('1', 'Wiler Parkhaus AG', '0', '', '26', '195'),
('2', 'Stefan Kölliker Treuhand & Unternehmensberatung', '0', '', '58', '196'),
('3', 'HB-Gruppe', '0', '', '107', '197'),
('4', 'Urs Gebert Treuhand', '0', '', '58', '198'),
('5', 'Trevag Treuhand und Verwaltungs AG', '0', '', '58', '199'),
('6', 'SVP', '0', '', '20', '200'),
('7', 'OLMA Messen St. Gallen', '0', '', '74', '26'),
('8', 'Stiftung für Hilfe für Drogenabhängige St. Gallen', '1', '', '3', '201'),
('9', 'Bratschi Wiederkehr & Buob', '0', '', '58', '202'),
('10', 'FDP', '0', '', '20', '203'),
('11', 'Stiftung für schweizerische naive Kunst und art brut', '1', '', '63', '204'),
('12', 'Intexpo Messe St. Gallen', '0', '', '74', '205'),
('13', 'Infra Service AG', '0', '', '74', '206'),
('14', 'Klinik Stephanshorn (Hirslanden)', '0', '', '5', '207'),
('15', 'Parkgarage AG St. Gallen', '0', '', '26', '208'),
('16', 'Grand Casino St. Gallen AG', '0', '', '136', '209'),
('17', 'Tourismus Services Ostschweiz AG', '0', '', '60', '210'),
('18', 'Kulturzentrum Lokremise', '0', '', '44', '211'),
('19', 'St.Gallen-Bodensee Tourismus', '0', '', '60', '212'),
('20', 'Stark AG', '0', '', '51', '213'),
('21', 'World Demographie & Ageing Forum', '0', '', '12', '214'),
('22', 'Hotel Ekkehard AG', '0', '', '60', '215'),
('23', 'Diagnose Krebs - Stiftung für krebskranke Menschen', '0', '', '6', '216'),
('24', 'St. Gallen Classics', '1', '', '13', '217'),
('25', 'Crédit Suisse', '0', '', '16', '14'),
('26', 'Sozialpädagogische Wohngruppen Speerblick', '0', '', '79', '218'),
('27', 'Universität Zürich', '0', '', '41', '3114'),
('28', 'Novartis', '0', '', '1', '41'),
('29', 'Perkin-Elmer Sensor AG', '0', '', '0', '219'),
('30', 'UBS', '0', '', '16', '220'),
('31', 'Ortsbürgergemeinde St. Gallen', '0', '', '106', '221'),
('32', 'Stiftung St. Galler Museen', '0', '', '44', '22'),
('33', 'Startfeld', '0', '', '59', '12'),
('34', 'Wegelin-Legat', '0', '', '12', '222'),
('35', 'Bodensee-Toggenburg-Bahn', '0', '', '33', '223'),
('36', 'Holzmarkt Ostschweiz AG', '0', '', '135', '224'),
('37', 'Mühleggbahn AG', '0', '', '33', '225'),
('38', 'Nahwärmeverbund Stadtsäge AG', '0', '', '29', '226'),
('39', 'Vadian Bank', '0', '', '16', '227'),
('40', 'Marie Müller-Guarnieri', '1', '', '63', '228'),
('41', 'Walter und Verena Spühl', '1', '', '12', '229'),
('42', 'Dr. Max Kuhn', '1', '', '12', '230'),
('43', 'Karl Eduard Studach', '1', '', '27', '231'),
('44', 'Ronald McDonald Haus Stiftung St. Gallen', '1', '', '12', '17'),
('45', 'Stiftung Kunstmuseum St.Gallen', '1', '', '63', '3050'),
('46', 'Stiftung Ostschweizer Kinderspital', '1', '', '5', '3051'),
('47', 'Stiftung für Ostschweizer Kunstschaffen', '1', '', '63', '3052'),
('48', 'Freisinnige Wohnbaugenossenschaft St. Gallen', '0', '', '19', '232'),
('49', 'Waldwirtschaft St.Gallen & Liechtenstein (WVSG + FL)', '0', '', '135', '233'),
('50', 'Schweizerische Bankgesellschaft (SBG)', '0', '', '16', '19'),
('51', 'Ernst und Annelies Grossenbacher-Güntzel Sfiftung', '0', '', '12', '234'),
('52', 'Hauseigentümer-Verband (HEV) St.Gallen', '0', '', '19', '235'),
('53', 'Europ. Handball Föderation (EHF)', '0', '', '65', '236'),
('54', 'Fürsorgestiftung des Hauseigentümer-Verbandes St. Gallen', '1', '', '42', '235'),
('55', 'Ernst Grossenbacher-Güntzel-Studien-Fonds', '0', '', '27', '234'),
('56', 'HEV Verwaltungs AG', '0', '', '19', '235'),
('57', 'Stiftungsratspräsident', '1', '', '0', '240'),
('58', 'St. Galler Museen', '0', '', '44', '22'),
('59', 'Hypotheken-Bürgschaftsgenossenschaft St. Gallen', '0', '', '16', '241'),
('60', 'Künzle Treuhand AG', '0', '', '58', '242'),
('61', 'spirits of glass GmbH', '0', '', '0', '243'),
('62', 'ILA AG Ingenieurgesellschaft für lufttechnische Anlagen', '0', '', '87', '244'),
('63', 'Allon Technologies AG', '0', '', '108', '3129'),
('64', 'Corvatsch Immobilien AG', '0', '', '19', '245'),
('65', 'Gerteis Maschinen + Processengineering AG', '0', '', '87', '246'),
('66', 'Ciao Shoes AG', '0', '', '92', '247'),
('67', 'Elwisu AG', '0', '', '107', '248'),
('68', 'Fimona AG', '0', '', '107', '249'),
('69', 'Hintermeister AG', '0', '', '78', '250'),
('70', 'Kunststoff-Technik AG', '0', '', '87', '251'),
('71', 'Transport Consultants AG', '0', '', '36', '252'),
('72', 'Personalvorsorgestiftung der Firma Transport Consultants AG', '1', '', '42', '253'),
('73', 'Strulik GmbH', '0', '', '52', '254'),
('74', 'ABC Investments GmbH', '0', '', '108', '255'),
('75', 'Gregg Marketing AG', '0', '', '125', '256'),
('76', 'Ningbo Chemicals GmbH', '0', '', '115', '257'),
('77', 'SP', '0', '', '20', '258'),
('78', 'Hausverein Schweiz', '0', '', '19', '259'),
('79', 'Greinastiftung', '1', '', '54', '260'),
('80', 'Verband Kindertagesstätten der Schweiz', '0', '', '102', '261'),
('81', 'Anti-Doping Schweiz (ADS)', '0', '', '3', '262'),
('82', 'Helvetia Versicherungen', '0', '', '57', '33'),
('83', 'FCSG', '0', '', '65', '263'),
('84', 'CVP', '0', '', '20', '264'),
('85', 'PricewaterhouseCoopers AG', '0', '', '58', '106'),
('86', 'Novartis Frankreich', '0', '', '1', '41'),
('87', 'Switzerland Global Enterprise', '0', '', '59', '265'),
('88', 'Klaus-Metzler-Eckmann', '0', '', '18', '266'),
('89', 'Aquila & Co. AG ', '0', '', '16', '267'),
('90', 'AXA Winterthur', '0', '', '57', '268'),
('91', 'Bühler AG', '0', '', '61', '150'),
('92', 'FehrAdvice AG', '0', '', '18', '269'),
('93', 'SIX Group AG', '0', '', '107', '270'),
('94', 'Buhler Holding Ltd', '0', '', '87', '271'),
('95', 'Appenzeller Bahnen', '0', '', '33', '102'),
('96', 'Appenzeller Bahnen Shop GmbH', '0', '', '33', '102'),
('97', 'Schweizer Sporthilfe', '0', '', '89', '272'),
('98', 'Gede Treuhand + Revisions AG', '0', '', '58', '273'),
('99', 'Beauty Angel Elena Triner', '0', '', '69', '274'),
('100', 'National Treuhand AG', '0', '', '58', '275'),
('101', 'Nigg Treuhand AG', '0', '', '58', '276'),
('102', 'Schweizerische Treuhandgesellschaft-Coopers & Lybrand AG', '0', '', '58', '277'),
('103', 'Stach Rechtsanwälte', '0', '', '58', '88'),
('104', 'BHF-Bank (Schweiz) AG', '0', '', '16', '278'),
('105', 'Euro-American Lawyers Group', '0', '', '58', '279'),
('106', 'Club 2000 (Gönnervereinigung TSV St.Otmar Handball)', '0', '', '66', '280'),
('107', 'Mountain Chile AG', '0', '', '107', '281'),
('108', 'BDSwiss AG', '0', '', '121', '282'),
('109', 'August Brühwiler AG', '0', '', '135', '283'),
('110', 'CSVJ Ventures Holding AG', '0', '', '107', '284'),
('111', 'Clarton Horn Asia AG', '0', '', '87', '285'),
('112', 'Clarton Horn International AG', '0', '', '107', '286'),
('113', 'Collier Holding AG', '0', '', '107', '287'),
('114', 'Conny Land AG', '0', '', '60', '288'),
('115', 'Dussmann Service AG', '0', '', '64', '289'),
('116', 'Forol Holding AG', '0', '', '19', '290'),
('117', 'Forol Immobilien AG', '0', '', '19', '3001'),
('118', 'HC Asset Management AG', '0', '', '107', '291'),
('119', 'Kursana AG', '0', '', '73', '292'),
('120', 'Mirman Transport Forwarding Company AG', '0', '', '108', '293'),
('121', 'Mountain Partners AG', '0', '', '18', '294'),
('122', 'Profit Management Consulting AG', '0', '', '107', '295'),
('123', 'Quantum Kapital AG', '0', '', '107', '296'),
('124', 'REKA Treuhand St. Gallen AG', '0', '', '58', '297'),
('125', 'REMI International Ltd', '0', '', '107', '298'),
('126', 'Real Holding Group AG', '0', '', '107', '299'),
('127', 'Sandpiper Digital Payments AG', '0', '', '78', '300'),
('128', 'Stach Rechtsanwälte AG', '0', '', '58', '88'),
('129', 'Strässle Haustechnik AG', '0', '', '52', '301'),
('130', 'Swiss Properties &amp; Investments AG', '0', '', '19', '302'),
('131', 'Telealarm Development SA', '0', '', '78', '303'),
('132', 'Waltramsberg Immobilien AG', '0', '', '19', '304'),
('133', 'Zipangu Holding AG', '0', '', '107', '305'),
('134', 'Zipangu Swiss Services Ltd.', '0', '', '87', '305'),
('135', 'AIMIN Holding AG', '0', '', '107', '307'),
('136', 'AMH Consulting AG', '0', '', '18', '308'),
('137', 'AOP Air Operating AG', '0', '', '116', '309'),
('138', 'Allee Handels AG', '0', '', '108', '310'),
('139', 'Anemo AG', '0', '', '78', '311'),
('140', 'Arahiwi group AG', '0', '', '18', '312'),
('141', 'Atid AG', '0', '', '58', '313'),
('142', 'BH Capital Management AG', '0', '', '121', '314'),
('143', 'BHD Trading AG', '0', '', '108', '315'),
('144', 'Bendinat Beteiligungs AG', '0', '', '107', '316'),
('145', 'Burg Gastro AG', '0', '', '60', '317'),
('146', 'CUSTODIA Qualitätssicherungen AG', '0', '', '18', '318'),
('147', 'Carbon Equity AG', '0', '', '107', '319'),
('148', 'Collier Investments AG', '0', '', '107', '320'),
('149', 'Comtrade international AG', '0', '', '108', '321'),
('150', 'Confecta Holding AG', '0', '', '87', '322'),
('151', 'Confon AG', '0', '', '87', '323'),
('152', 'Conus AG', '0', '', '18', '324'),
('153', 'Cortey AG', '0', '', '107', '325'),
('154', 'Creaplan AG', '0', '', '92', '326'),
('155', 'Cygunet AG', '0', '', '107', '327'),
('156', 'Dellagio Immobilien AG', '0', '', '19', '328'),
('157', 'Direct-Gate AG', '0', '', '58', '329'),
('158', 'Dyslexia Research Center AG', '0', '', '41', '330'),
('159', 'EASTERN EUROPEAN TRADING AG', '0', '', '108', '331'),
('160', 'EC Eastern Commerce AG', '0', '', '108', '332'),
('161', 'Elite Trade AG', '0', '', '108', '333'),
('162', 'Elégance Fashion & Design AG', '0', '', '92', '334'),
('163', 'Enol AG', '0', '', '87', '335'),
('164', 'EuroFOCUS (Schweiz) AG', '0', '', '19', '336'),
('165', 'European Invest AG', '0', '', '107', '337'),
('166', 'Exclusive Cars AG', '0', '', '26', '338'),
('167', 'GEOSS Technologies AG', '0', '', '78', '3130'),
('168', 'Grauberg Holding AG', '0', '', '78', '339'),
('169', 'ITC Industry Trading Company SA', '0', '', '108', '340'),
('170', 'Incumsa AG', '0', '', '107', '341'),
('171', 'Innovation Management AG', '0', '', '92', '342'),
('172', 'International Trading Partners AG', '0', '', '116', '343'),
('173', 'JH Group AG', '0', '', '107', '344'),
('174', 'Jean-Pierre Rosselet Cosmetics AG', '0', '', '69', '345'),
('175', 'Josef Breitenmoser AG', '0', '', '101', '346'),
('176', 'Kalifa investments AG', '0', '', '107', '347'),
('177', 'Laurana AG', '0', '', '121', '348'),
('178', 'MEC Systems AG', '0', '', '92', '349'),
('179', 'McTrade AG', '0', '', '108', '350'),
('180', 'Meteke AG', '0', '', '19', '351'),
('181', 'Mountain Technologies AG', '0', '', '107', '352'),
('182', 'Neutra Railway Service and Trading AG', '0', '', '36', '353'),
('183', 'New African Mining AG', '0', '', '17', '354'),
('184', 'Niveau Holding AG', '0', '', '107', '355'),
('185', 'OFL-Beteiligungs und Leasing AG', '0', '', '107', '356'),
('186', 'Omnis Mundi AG', '0', '', '107', '357'),
('187', 'PEQ Global Invest AG', '0', '', '107', '358'),
('188', 'PRO FINA International AG', '0', '', '19', '359'),
('189', 'Paradise Investments AG', '0', '', '19', '360'),
('190', 'Pharmetic AG', '0', '', '1', '361'),
('191', 'Praetag Präzisionstechnik AG', '0', '', '87', '362'),
('192', 'RUVOR MANAGEMENT AG', '0', '', '72', '363'),
('193', 'Rosenberg venture AG', '0', '', '121', '364'),
('194', 'SEGO AG', '0', '', '4', '365'),
('195', 'SFM Software Finanzierungs und Marketing AG', '0', '', '78', '366'),
('196', 'SFP Swiss Financial Partners AG', '0', '', '121', '367'),
('197', 'SanLiq Sanierungs und Liquidations AG', '0', '', '18', '368'),
('198', 'Schlossgarten Immobilien AG', '0', '', '19', '369'),
('199', 'Silberberg Holding AG', '0', '', '107', '370'),
('200', 'Silbertal Management AG', '0', '', '107', '371'),
('201', 'Sinterwerke Grenchen AG', '0', '', '87', '372'),
('202', 'Sinterwerke Holding AG', '0', '', '107', '373'),
('203', 'Solar Swiss SM AG', '0', '', '32', '374'),
('204', 'Sport- und Ferienresidenz Staderas AG', '0', '', '60', '375'),
('205', 'Sustainable Invest AG', '0', '', '107', '376'),
('206', 'Swiss Diamond Design AG', '0', '', '34', '377'),
('207', 'Swissmobilis AG', '0', '', '47', '378'),
('208', 'SäntisPrint AG', '0', '', '48', '379'),
('209', 'TKG Bau AG', '0', '', '51', '380'),
('210', 'TT TecTrade AG', '0', '', '108', '381'),
('211', 'Tagesklinik Prof. Dr. med. A. Bangerter AG', '0', '', '5', '382'),
('212', 'Taishan Capital Management AG', '0', '', '18', '383'),
('213', 'Taishan Invest AG', '0', '', '107', '384'),
('214', 'Tannenberg Holding AG', '0', '', '107', '385'),
('215', 'ThinPV AG', '0', '', '107', '386'),
('216', 'Troja Management AG', '0', '', '108', '387'),
('217', 'Valgenti Trade AG', '0', '', '19', '388'),
('218', 'Vitafood AG', '0', '', '38', '389'),
('219', 'Wimmer Design AG', '0', '', '119', '390'),
('220', 'XXS Trading AG', '0', '', '51', '391'),
('221', 'e-very AG', '0', '', '18', '392'),
('222', 'eEnterprises Holding AG', '0', '', '107', '393'),
('223', 'eseg international AG', '0', '', '107', '394'),
('224', 'Ernst Klarer-Stiftung', '1', '', '63', '395'),
('225', 'Stiftung Laurana', '1', '', '63', '3053'),
('226', 'International Society for Syncretic Medicin and Dentistry (ISSMD)', '0', '', '4', '396'),
('227', 'Internationale Gesellschaft für metallfreie Zahnheilkunde und Implantologie (IGMZI)', '0', '', '9', '397'),
('228', 'Internationale Gesellschaft für minimalinvasive und metallfreie Implantologie und Zahnmedizin (IGMMIZ)', '0', '', '4', '398'),
('229', 'Pro Helvetia', '1', '', '63', '399'),
('230', 'Bern-Neuenburg-Bahn', '0', '', '33', '400'),
('232', 'Vodafone Stiftung Deutschland gGmbH', '1', '', '45', '401'),
('233', 'NordForsk', '0', '', '27', '402'),
('234', 'European Science Foundation (ESF)', '0', '', '27', '403'),
('235', 'Technology Academy Finland (TAF)', '0', '', '12', '404'),
('236', 'Fédération des Entreprises Romandes Genève', '0', '', '59', '405'),
('237', 'Union des associations patronales genevoises', '0', '', '59', '406'),
('238', 'economiesuisse', '0', '', '23', '34'),
('239', 'Schweizerischer Gewerbeverband', '0', '', '59', '3048'),
('240', 'Organisation internationale des Employeurs', '0', '', '59', '407'),
('241', 'Union Patronale Suisse', '0', '', '59', '408'),
('242', 'Fondation Philias', '1', '', '18', '409'),
('243', 'Fondation Intégration pour tous', '1', '', '12', '410'),
('244', 'Association suisse des institutions de prévoyance', '0', '', '42', '411'),
('245', 'Conseil d''administration de l''Office cantonal des assurances sociales de Genève', '0', '', '35', '412'),
('246', 'Fondation PRO', '1', '', '15', '413'),
('247', 'Rotary Genève', '0', '', '12', '414'),
('248', 'Confrérie du Gruyère', '0', '', '38', '415'),
('249', 'Cercle des dirigeants d''entreprise', '0', '', '59', '416'),
('250', 'Radio Télévision Suisse', '0', '', '62', '94'),
('251', 'Publisuisse SA', '0', '', '125', '417'),
('252', 'TV5 Monde', '0', '', '62', '418'),
('253', 'Euronews', '0', '', '49', '419'),
('254', 'Communauté des télévisions francophones', '0', '', '62', '420'),
('255', 'European Broadcasting Union/Eurovision Operations Council', '0', '', '62', '421'),
('256', 'IKRK Museum', '0', '', '44', '422'),
('257', 'UBS AG', '0', '', '16', '220'),
('258', 'GlycoVaxyn AG', '0', '', '97', '424'),
('259', 'Molecular Partners AG', '0', '', '97', '425'),
('260', 'Index Technology Institute SA', '0', '', '1', '426'),
('261', 'Addex Pharmaceuticals Ltd', '0', '', '1', '427'),
('262', 'V-Watch SA', '0', '', '78', '428'),
('263', 'Ariad', '0', '', '1', '429'),
('264', 'BioXell', '0', '', '1', '430'),
('265', 'Cellzome', '0', '', '97', '431'),
('266', 'CoMentis', '0', '', '1', '432'),
('267', 'Egalet', '0', '', '1', '433'),
('268', 'Genmab', '0', '', '97', '434'),
('269', 'GenSight', '0', '', '97', '435'),
('270', 'Ingenium', '0', '', '78', '436'),
('271', 'Micromet', '0', '', '1', '437'),
('272', 'Minerva Neurosciences', '0', '', '1', '438'),
('273', 'Novocure', '0', '', '9', '439'),
('274', 'Pangenetics', '0', '', '97', '440'),
('275', 'ParAllele Bioscience', '0', '', '97', '441'),
('276', 'Profibrix', '0', '', '97', '442'),
('277', 'Sequenta', '0', '', '97', '443'),
('278', 'Versartis', '0', '', '97', '444'),
('279', 'DRS2/SRF2Kultur', '0', '', '62', '445'),
('280', 'Bundesamt für Berufsbildung und Technologie', '0', '', '41', '446'),
('281', 'Bruker-Spectrospi', '0', '', '115', '447'),
('282', 'McKinsey & Company Ltd.', '0', '', '18', '108'),
('283', 'Accenture Ltd.', '0', '', '18', '89'),
('284', 'Berg, Looser, Rauber & Partners AG (BLR & Partners AG)', '0', '', '107', '448'),
('285', 'Chemgineering Holding AG', '0', '', '107', '449'),
('286', 'Econis Ltd.', '0', '', '78', '450'),
('287', 'Fuss-Orthopädie Feldmann AG', '0', '', '4', '451'),
('288', 'Kardex Ltd', '0', '', '36', '452'),
('289', 'LEM HOLDING SA', '0', '', '107', '453'),
('290', 'Schweizerischer Nationalfonds', '0', '', '41', '56'),
('291', 'Schweizerischer Verein Balgrist', '0', '', '5', '454'),
('292', 'Thermatic AG', '0', '', '52', '455'),
('293', 'Elvia Reiseversicherungs-Gesellschaft', '0', '', '57', '456'),
('294', 'CAP - Service SA', '0', '', '58', '457'),
('295', 'Südwestdeutsche Landesbank (Schweiz) AG Südwest LB', '0', '', '16', '458'),
('296', 'Allianz Suisse Versicherungs-Gesellschaft', '0', '', '57', '459'),
('297', 'Generali Group Partner AG', '0', '', '57', '460'),
('298', 'Zürcher Kantonalbank ZKB', '0', '', '16', '116'),
('299', 'Tertianum AG', '0', '', '73', '461'),
('300', 'Oberhänsli & Partner AG', '0', '', '57', '462'),
('301', 'vevo AG Versicherung + Vorsorgeberatung', '0', '', '57', '463'),
('302', 'Stiftung Levante', '1', '', '3', '3054'),
('303', 'Freizügigkeitsstiftung der Zürcher Kantonalbank', '1', '', '42', '464'),
('304', 'Vorsorgestiftung Sparen 3 der Zürcher Kantonalbank', '1', '', '42', '465'),
('305', 'Zürcher Pferdeversicherungs-Genossenschaft', '0', '', '57', '466'),
('306', 'Schweizerischer Verband für Pferdesport', '0', '', '89', '467'),
('307', 'BE! Tourismus AG', '0', '', '60', '468'),
('308', 'Rickenbacher projekte GmbH', '0', '', '18', '469'),
('309', 'Stiftung Swiss Innovation Park', '1', '', '23', '470'),
('310', 'Sui Generis AG', '0', '', '74', '471'),
('311', 'Arcoma Promotion AG', '0', '', '125', '472'),
('312', 'Avicom Agentur für Visualisierung und Kommunikation', '0', '', '125', '473'),
('313', 'GfS-Forschungsinstitut', '0', '', '27', '474'),
('314', 'Heribert Kuhn Verkaufsförderung und Werbung AG', '0', '', '125', '475'),
('315', 'Kaufmännischer Verband Biel', '0', '', '53', '476'),
('316', 'MCM Consultants, Dr. Rickenbacher & Partner AG', '0', '', '18', '477'),
('317', 'Max.Sense Services AG', '0', '', '125', '478'),
('318', 'Opoint Management AG', '0', '', '125', '479'),
('319', 'SMO Consulting Group', '0', '', '18', '480'),
('320', 'Spitalzentrum Biel AG', '0', '', '5', '481'),
('321', 'Stiftung zur Förderung der Kaufmännischen Berufsschule Biel', '1', '', '27', '482'),
('322', 'Synergie Partner Network AG', '0', '', '18', '483'),
('323', 'TMT Top Management Team AG', '0', '', '18', '484'),
('324', 'ripro projekte gmbh', '0', '', '18', '485'),
('325', 'Psychiatrische Dienste Berner Jura und Biel-Seeland', '0', '', '8', '486'),
('326', 'BDP', '0', '', '20', '487'),
('327', 'Stiftung Kulturhalle Lyss', '1', '', '44', '3055'),
('328', 'Simon-c4all', '0', '', '78', '488'),
('329', 'SWISSLOS Interkantonale Landeslotterie Genossenschaft', '0', '', '136', '489'),
('330', 'ch Stiftung für eidgenössische Zusammenarbeit', '1', '', '13', '490'),
('331', 'Aktiengesellschaft Bären Langenthal', '0', '', '60', '491'),
('332', 'Egger & Egger AG', '0', '', '18', '492'),
('333', 'Elektrizitätswerke Wynau', '0', '', '29', '493'),
('334', 'Genossenschaft Gründerzentrum Bern (Grüze)', '0', '', '59', '494'),
('335', 'Genossenschaft Virtuelle Stadt Thal-Gäu-Oberaargau', '0', '', '13', '495'),
('336', 'M & A Professionals AG', '0', '', '18', '496'),
('337', 'Onyx Energie Dienste', '0', '', '29', '497'),
('338', 'Parking Langete AG', '0', '', '26', '498'),
('339', 'Regionalverkehr Oberaargau AG (RVO)', '0', '', '33', '499'),
('340', 'Sternwartefonds der Sekundarschule Langenthal', '0', '', '41', '500'),
('341', 'Stiftung Mühle Langenthal', '1', '', '63', '3056'),
('342', 'Stiftung Schloss Thunstetten', '1', '', '63', '3101'),
('343', 'Anwältin', '0', '', '58', '501'),
('344', 'BKW AG', '0', '', '29', '107'),
('345', 'BLS AG', '0', '', '33', '502'),
('346', 'Alpar, Flug- und Flugplatz-Gesellschaft AG Bern', '0', '', '116', '503'),
('347', 'Grüne', '0', '', '20', '504'),
('348', 'Bundesamt für Justiz', '0', '', '143', '3089'),
('349', 'Kanton Bern', '0', '', '13', '505'),
('350', 'Bund', '0', '', '35', '506'),
('351', 'Louise Blackborne-Stiftung', '1', '', '12', '507'),
('352', 'AAA-Elsässer Hörberatung AG', '0', '', '92', '508'),
('353', 'Basler Volkswirtschaftsbund', '0', '', '59', '509'),
('354', 'Schweizerischen Bankverein', '0', '', '16', '510'),
('355', 'Basler Versicherungsgesellschaft', '0', '', '57', '30'),
('356', 'Vischer AG', '0', '', '58', '136'),
('357', 'MCH Group AG', '0', '', '107', '511'),
('358', 'LDP', '0', '', '20', '512'),
('359', 'E.E. Zunft zum Schlüssel', '0', '', '59', '513'),
('360', 'Endress+Hauser Gruppe', '0', '', '87', '514'),
('361', 'SBB AG', '0', '', '33', '515'),
('362', 'Swisscom', '0', '', '47', '516'),
('363', 'Gewerbeverband Basel-Stadt', '0', '', '59', '517'),
('364', 'KPMG Fides Peat, Basel', '0', '', '58', '518'),
('365', 'Treuhandfirma', '0', '', '58', '519'),
('366', 'Schweizer Radio DRS 2', '0', '', '62', '445'),
('367', 'S. Karger AG', '0', '', '48', '521'),
('368', 'in einer Bank sowie in einem Innenarchitektur- und Raumplanungsbüro', '0', '', '0', '522'),
('369', 'SwissHoldings (Verbands der Industrie- und Dienstleistungskonzerne der Schweiz)', '0', '', '59', '523'),
('370', 'Basilea Pharmaceutica AG', '0', '', '1', '524'),
('371', 'swisscontact', '0', '', '68', '525'),
('372', 'Fritz-Gerber-Stiftung für begabte junge Menschen', '1', '', '27', '526'),
('373', 'Paul Sacher Stiftung', '1', '', '63', '527'),
('374', 'Humer-Stiftung', '1', '', '27', '528'),
('375', 'Freunde von Phelophepa, Schweiz', '0', '', '68', '529'),
('376', 'Handelskammer Deutschland-Schweiz', '0', '', '23', '530'),
('377', 'Scienceindustries Switzerland', '0', '', '59', '531'),
('378', 'Chemie Pharma Biotech', '0', '', '0', '532'),
('379', 'F. Hoffmann-La Roche AG', '0', '', '1', '142'),
('380', 'Selbstständig', '0', '', '0', '79'),
('381', 'Ciba', '0', '', '1', '143'),
('382', 'Handelskammer beider Basel', '0', '', '23', '533'),
('383', 'Regionales Konsortiums für Wissens- und Technologietransfer', '0', '', '0', '534'),
('384', 'Psychiatrischen Dienste des Kantons Solothurn', '0', '', '8', '535'),
('385', 'Solothurner Spitäler AG', '0', '', '5', '536'),
('386', 'internationale Pharmaindustrie', '0', '', '1', '537'),
('387', 'Gewerkschaft', '0', '', '53', '538'),
('388', 'Hirslanden Gruppe', '0', '', '5', '207'),
('389', 'Bundesamt für Gesundheit', '0', '', '8', '3090'),
('390', 'Universitätsspital Basel', '0', '', '5', '147'),
('391', 'Universität Basel', '0', '', '41', '3115'),
('392', 'Sandoz', '0', '', '1', '103'),
('393', 'Ciba-Geigy', '0', '', '1', '143'),
('394', 'Friedrich Miescher Institut', '0', '', '41', '540'),
('395', 'Asher-Hess Stiftung der Schweizerischen Gesellschaft für Physiologie', '1', '', '27', '541'),
('396', 'RHS & Partner Rechtsanwälte und Urkundspersonen', '0', '', '58', '542'),
('397', 'Schweizerischer Nationalfonds (SNF)', '0', '', '41', '56'),
('398', 'Sandoz-Familienstiftung', '1', '', '1', '103'),
('399', 'Entwicklungsstiftung Glarus Süd', '1', '', '13', '543'),
('400', 'Proto Chemicals', '0', '', '1', '544'),
('401', 'Schweizerischen Mobiliar', '0', '', '57', '99'),
('402', 'Hefti AG', '0', '', '0', '545'),
('403', 'Avenir Suisse', '0', '', '45', '546'),
('404', 'Swiss Science Center Technorama', '0', '', '44', '151'),
('405', 'Kistler Instrumente AG', '0', '', '87', '547'),
('406', 'Schweizerischen Akademie der Technischen Wissenschaften', '0', '', '41', '180'),
('407', 'Lonza Group', '0', '', '115', '548'),
('408', 'Nestlé', '0', '', '38', '101'),
('409', 'Amazentis (Start-up-Unternehmen in der Biotechnologie)', '0', '', '97', '549'),
('410', 'Advisory Board Novartis Venture Fund', '0', '', '121', '41'),
('411', 'Singapore International Advisory Committee for Biomedical Sciences', '0', '', '41', '551'),
('412', 'Helmholtz-Gemeinschaft', '0', '', '41', '154'),
('413', 'European Association of National Research Facilities (ERF)', '0', '', '41', '52'),
('414', 'International Committee for Science Policy of the NRC Kurchatov Institute', '0', '', '41', '552'),
('415', 'Neutron Advisory Board of Oak Ridge National Laboratory', '0', '', '41', '553'),
('416', 'Marcel-Benoist', '0', '', '27', '554'),
('417', 'Förderstiftung Technopark Aargau', '1', '', '23', '555'),
('418', 'Nestlé Research and Development Center', '0', '', '38', '101'),
('419', 'Chocolat Frey', '0', '', '38', '556'),
('420', 'Coca-Cola', '0', '', '38', '557'),
('421', 'BeFood Consulting SA', '0', '', '18', '558'),
('422', 'Sandro Vanini SA, ein Unternehmen der Haecky Gruppe', '0', '', '38', '559'),
('423', 'econcept AG', '0', '', '18', '560'),
('424', 'Ernst Schweizer AG, Metallbau', '0', '', '87', '561'),
('425', 'European Research and Innovation Area Board (RISE)', '0', '', '27', '562'),
('426', 'Council of Foundation of the Geneva InternationalCenter for Humanitarian Demining', '0', '', '68', '563'),
('427', 'Federal Institutes of Technology of Switzerland', '0', '', '41', '564'),
('428', 'Institut de Hautes Etudes en Administration Publique', '0', '', '41', '565'),
('429', 'Swiss National Science Foundation', '0', '', '41', '56'),
('430', 'Swiss Academy of Humanities and Social Sciences', '0', '', '41', '3019'),
('431', 'Swiss Academy of Technical Sciences', '0', '', '41', '3020'),
('432', 'OSZE', '0', '', '71', '566'),
('433', 'The Roberto Giori Company Limited', '0', '', '78', '567'),
('434', 'Bonnard & Gardel Holding AG', '0', '', '61', '13'),
('435', 'Coop', '0', '', '92', '568'),
('436', 'Raymond Weil AG', '0', '', '130', '569'),
('437', 'Symbiotics SA', '0', '', '107', '570'),
('438', 'Hochschulinstitut für internationale Studien und Entwicklung', '0', '', '41', '571'),
('439', 'Symalit AG', '0', '', '87', '572'),
('440', 'Triventus AG', '0', '', '18', '573'),
('441', 'Groupe Valtronic', '0', '', '87', '574'),
('442', 'Sécheron SA', '0', '', '87', '575'),
('443', 'Albert-Inc', '0', '', '0', '576'),
('444', 'Philip Morris', '0', '', '133', '577'),
('445', 'Comtech SA', '0', '', '108', '578'),
('446', 'Valtronic Holding SA', '0', '', '87', '579'),
('447', 'BG Bonnard & Gardel Holding S.A.', '0', '', '107', '13'),
('448', 'BG Ingénieurs Conseils SA.', '0', '', '51', '13'),
('449', 'Friends of the Prix de Lausanne Foundation', '0', '', '63', '580'),
('450', 'KTI Certification Board', '0', '', '35', '581'),
('451', 'Banque Cantonale Vaudoise', '0', '', '16', '3104'),
('452', 'Quadrant Holding', '0', '', '107', '176'),
('453', 'Alpiq Holding AG', '0', '', '29', '582'),
('454', 'ABB', '0', '', '61', '583'),
('455', 'Georg-Fischer AG', '0', '', '61', '584'),
('456', 'Rolls-Royce plc.', '0', '', '26', '585'),
('457', 'Europarat', '0', '', '35', '586'),
('458', 'Bankrats der Schweizerischen Nationalbank', '0', '', '16', '186'),
('459', 'Swiss Finance Institute', '0', '', '16', '169'),
('460', 'ACE Ltd.', '0', '', '57', '587'),
('461', 'Allreal Holding AG', '0', '', '19', '588'),
('462', 'Schumacher + Wyss Bauingenieure AG, Rothenburg', '0', '', '51', '77'),
('463', 'Technikum', '0', '', '41', '589'),
('464', 'Wyss Bauingenieure AG', '0', '', '51', '77'),
('465', 'Ammann + Wyss Bauingenieure GmbH, Hochdorf', '0', '', '51', '590'),
('466', 'Wyss + Partner Bauingenieure AG', '0', '', '51', '591'),
('467', 'Bauingenieurbüro Renggli GmbH', '0', '', '51', '592'),
('468', 'Auto AG Rothenburg', '0', '', '33', '593'),
('469', 'Innerschweizerische Kulturstiftung', '1', '', '63', '594'),
('470', 'St. Charles Hall-Stiftung Paul und Gertrud Fischbacher-Labhardt', '1', '', '63', '595'),
('471', 'InteressenGemeinschaft GemeindeInformatik (IGGI)', '0', '', '106', '596'),
('472', 'Schweizerische Multiple Sklerose Gesellschaft', '0', '', '6', '44'),
('473', 'Board Foundation', '0', '', '0', '177'),
('474', 'Martin & Co', '0', '', '51', '597'),
('475', 'Schering-Plough', '0', '', '1', '598'),
('476', 'Essex Chemie AG', '0', '', '115', '599'),
('477', 'Behavioral Insights Group (BIG) bei der Harvard Kennedy School', '0', '', '41', '600'),
('478', 'Harvard Decision Science Laboratory', '0', '', '41', '601'),
('479', 'MBA for Women Foundation', '0', '', '27', '602'),
('480', 'Fondation pour l''étude des relations internationales et du développement', '1', '', '27', '3075'),
('481', 'FIRSOL (Fondazione Istituto ricerche solari Locarno)', '1', '', '32', '603'),
('482', 'Swiss National Supercomputing Centre (CSCS)', '0', '', '41', '3078'),
('483', 'Schweizerischen Akademie der Technischen Wissenschaften (SATW)', '0', '', '41', '180'),
('484', 'Rüstungskommission', '0', '', '111', '604'),
('485', 'MIGROS Ticino', '0', '', '92', '182'),
('486', 'Eidgenössischen Energieforschungskommission (CORE)', '0', '', '117', '605'),
('487', 'Monte Generoso SA', '0', '', '60', '606'),
('488', 'Stiftung Schweizer Jugend forscht', '1', '', '27', '3057'),
('489', 'EcoRisana SA', '0', '', '126', '607'),
('490', 'Widmer - Chemical Engineering & Consulting', '0', '', '115', '608'),
('491', 'Mangaroca International AG', '0', '', '108', '609'),
('492', 'Stiftung Josi J. Meier', '1', '', '12', '3058'),
('493', 'AWG Kanton Luzern', '0', '', '59', '610'),
('494', 'Stiftung Ufwind', '1', '', '102', '611'),
('495', 'Schindler Holding AG', '0', '', '61', '612'),
('496', 'Aufzüge & Fahrtreppen', '0', '', '0', '613'),
('497', 'ALSO Holding AG', '0', '', '108', '614'),
('498', 'Venture Incubator', '0', '', '107', '187'),
('499', 'Kuoni and Hugentobler Foundation', '0', '', '60', '615'),
('500', 'INPAR VOF', '0', '', '0', '616'),
('501', 'Druckgusswerk Fischer AG', '0', '', '87', '617'),
('502', 'Swiss Stock Exchange', '0', '', '23', '618'),
('503', 'Niederer, Kraft& Frey', '0', '', '58', '146'),
('504', 'Chadbourne & Parke', '0', '', '58', '619'),
('505', 'SwissHoldings', '0', '', '59', '523'),
('506', 'Unbekannte Partei', '0', '', '20', '621'),
('507', 'Rotary Club Lucerne-Wasserturm', '0', '', '12', '175'),
('508', 'Bayerische Oper in München', '0', '', '44', '622'),
('509', 'Deutsche Opernkonferenz', '0', '', '44', '623'),
('510', 'Oper in Berlin', '0', '', '44', '624'),
('511', 'Video 2000 SA', '0', '', '47', '625'),
('512', 'Agra conseils Sàrl', '0', '', '18', '626'),
('513', 'Compagnie des chemins de fer du Jura (C.J.) SA', '0', '', '33', '627'),
('514', 'Eidgenössische Finanzverwaltung EFV', '0', '', '35', '628'),
('515', 'GLP', '0', '', '20', '629'),
('516', 'Académie Suisse de Formation en Sophrologie Caycédienne', '0', '', '41', '630'),
('517', 'Compagnie du Chemin de fer régional du Val-de-Travers', '0', '', '33', '631'),
('518', 'Transports Publics Neuchâtelois SA', '0', '', '33', '632'),
('519', 'Cycleurope (Suisse) SA', '0', '', '0', '633'),
('520', 'Grandjean Diffusion S.A.', '0', '', '108', '634'),
('521', 'Fondation Frédéric Jufer', '1', '', '23', '635'),
('522', 'Navistra S.A.', '0', '', '60', '636'),
('523', 'Délégation de Taiwan, République de Chine', '0', '', '40', '637'),
('524', 'Fondation Promotion Santé', '1', '', '3', '638'),
('525', 'Aresa, Aéroport régional des Eplatures S.A.', '0', '', '116', '639'),
('526', 'Compagnie des Transports en commun, La Chaux-de-Fonds (TC)', '0', '', '33', '640'),
('527', 'Société Immobilière Polyexpo S.A.', '0', '', '19', '70'),
('528', 'TRN SA', '0', '', '47', '641'),
('529', 'Fondation La Tène', '1', '', '44', '3024'),
('530', 'Fondation neuchâteloise en faveur des personnes atteintes de tuberculose ou de maladies pulmonaires', '1', '', '6', '642'),
('531', 'Fondation Favre-Robert-Guyot-Bingguely', '1', '', '12', '643'),
('532', 'Fondation Rencontre La Chaux-de-Fonds', '1', '', '79', '644'),
('533', 'Fondation de la Bonne Fontaine', '1', '', '79', '645'),
('534', 'Fondation de la Fête neuchâteloise du 700ème anniversaire de la Confédération', '1', '', '63', '646'),
('535', 'Fondation en mémoire de la famille Charles Ulrich', '1', '', '12', '647'),
('536', 'Fondation pour l''aide, les soins et l''action sociale à domicile des Montagnes Neuchâteloises', '1', '', '12', '648'),
('537', 'Medialex', '0', '', '48', '649'),
('538', 'Fondation La Maison de La Coquille', '1', '', '12', '650'),
('539', 'Fondation du Centre Ecologique Albert Schweitzer (ceas)', '1', '', '68', '651'),
('540', 'Fondation Sombaille Jeunesse - Maison des Jeunes', '1', '', '12', '652'),
('541', 'La Semeuse', '0', '', '38', '653'),
('542', 'Fondation J. & M. Sandoz', '1', '', '102', '654'),
('543', 'l''expérience café SA', '0', '', '60', '655'),
('544', 'Blimon and Soch''s SA', '0', '', '129', '656'),
('545', 'RPLH Technologies AG', '0', '', '87', '657'),
('546', 'The Plantation Schmitz Hugelshofer & Co', '0', '', '38', '658'),
('547', 'Equinoxial S.A.', '0', '', '19', '659'),
('548', 'Centre Suisse d’Electronique et de Microtechnique (CSEM)', '0', '', '41', '1'),
('549', '4-Labs SA', '0', '', '0', '660'),
('550', 'Jade Invest SA', '0', '', '107', '661'),
('551', 'Silatech SA', '0', '', '19', '662'),
('552', 'Sensecore Ltd.', '0', '', '87', '663'),
('553', 'Fondation de prévoyance du Centre Suisse d''Electronique et de Microtechnique SA', '1', '', '42', '664'),
('554', 'Chambre neuchâteloise du commerce et de l''industrie (CNCI)', '0', '', '59', '665'),
('555', 'Eidgenössisches Departement für auswärtige Angelegenheiten', '0', '', '70', '73'),
('556', 'Botschafter', '0', '', '0', '666'),
('557', 'Fondation pour l''Institut universitaire de Hautes Etudes Internationales et du Développement', '1', '', '27', '3076'),
('558', 'Le Forum humanitaire mondial - Genève', '0', '', '12', '667'),
('559', 'Fondation des immeubles pour les organisations internationales (FIPOI)', '1', '', '19', '668'),
('560', 'Fondation pour le Comité international de la Croix Rouge', '1', '', '68', '3025'),
('561', 'Fondation Suisse pour la Recherche en Microtechnique', '1', '', '41', '3026'),
('562', 'Fondation en faveur d''un laboratoire de recherches horlogères', '1', '', '130', '669'),
('563', 'CSEM Centre Suisse d''Electronique et de Microtechnique SA - Recherche et Développement', '0', '', '41', '1'),
('564', 'Société de la Loterie de la Suisse Romande', '0', '', '136', '670'),
('565', 'Fondation de la Maison du Docteur Leuba', '1', '', '12', '671'),
('566', 'La Chrysalide', '0', '', '5', '672'),
('567', 'Anwalt', '0', '', '0', '501'),
('568', 'Lycée Blaise-Cendrars, La Chaux-de-Fonds', '0', '', '41', '674'),
('569', 'KGG & Associes', '0', '', '58', '675'),
('570', 'doyen de la Faculté des sciences', '0', '', '41', '3080'),
('571', 'doyenne de la Faculté des lettres et des sciences humaines', '0', '', '41', '676'),
('572', 'doyen de la Faculté des sciences économiques', '0', '', '41', '3081'),
('573', 'doyen de la Faculté de théologie', '0', '', '41', '3082'),
('574', 'représentante des étudiants, doctorants et auditeurs (FEN)', '0', '', '41', '25'),
('575', 'doyen de la Faculté de droit', '0', '', '41', '3083'),
('576', 'représentant des étudiants, doctorants et auditeurs (FEN)', '0', '', '41', '25'),
('577', 'représentant du corps professoral', '0', '', '59', '677'),
('578', 'conseillère stratégique et représentante du DEF', '0', '', '13', '678'),
('579', 'Università di Trento', '0', '', '41', '3098'),
('580', 'Mieterverband Tessin', '0', '', '98', '679'),
('581', 'Blindenverband Unitas Tessin', '0', '', '15', '680'),
('582', 'Universität Bern', '0', '', '41', '3116'),
('583', 'Dr. Josephine de Karman-Stiftung', '1', '', '27', '681'),
('584', 'Hans-Sigrist-Stiftung', '1', '', '27', '174'),
('585', 'Paul und Gertrud Hofer-Wild-Stiftung', '1', '', '41', '682'),
('586', 'Atelier Cube (Architektur)', '0', '', '138', '683'),
('587', 'European Finance Association', '0', '', '23', '684'),
('588', 'BSI SA', '0', '', '16', '685'),
('589', 'Fondazione Lugano Festival', '1', '', '63', '686'),
('590', 'SBSI Holding SA', '0', '', '107', '687'),
('591', 'Swiss Object-Oriented Software Engineering society', '0', '', '78', '688'),
('592', 'IEEE International Conference on Software Maintenance', '0', '', '78', '689'),
('593', 'Professore al Politecnico Federale di Losanna', '0', '', '41', '690'),
('594', 'Tecnopolo Lugano SA', '0', '', '18', '691'),
('595', 'Fondazione Archivio del Moderno', '1', '', '63', '692'),
('596', 'Fondazione Centro Biologia Alpina', '1', '', '41', '693'),
('597', 'Fondazione Leonardo', '1', '', '27', '694'),
('598', 'Fondazione Monte Verità', '1', '', '60', '695'),
('599', 'Fondazione per l''istituto di ricerca in biomedicina (IRB)', '1', '', '41', '696'),
('600', 'Fondazione per la ricerca e lo sviluppo dell''Università della Svizzera italiana', '1', '', '27', '121'),
('601', 'The European School for Advanced Studies in Ophthalmology Foundation', '0', '', '41', '697'),
('602', 'Swiss Finance Institute Stiftung', '1', '', '27', '169'),
('603', 'Fondazione Istituto Ricerche Solari Locarno', '1', '', '32', '698'),
('604', 'Fondazione Agire', '1', '', '23', '699'),
('605', 'Fonds National Suisse de la Recherche Scientifique', '0', '', '41', '56'),
('606', 'SwissBanking', '0', '', '16', '700'),
('607', 'Swiss Venture Club', '0', '', '59', '701'),
('608', 'Associazione bancaria ticinese (ABT)', '0', '', '16', '134'),
('609', 'Tele Ticino SA', '0', '', '49', '702'),
('610', 'Fondazione Lugano per il Polo Culturale', '1', '', '63', '703'),
('611', 'Centro di Studi Bancari', '1', '', '41', '704'),
('612', 'Fondazione Ticino Nostro', '1', '', '63', '705'),
('613', 'Crédit Suisse Freizügigkeitsstiftung 2. Säule', '1', '', '42', '14'),
('614', 'Columna Ergänzungsstiftung 2. Säule, Zürich', '1', '', '42', '706'),
('615', 'Winterthur-Columna Sammelstiftung 2. Säule, Zürich', '1', '', '42', '43'),
('616', 'Winterthur-Columna Sammelstiftung BVG, Bern', '1', '', '42', '43'),
('617', 'Società di fideiussione per lo sviluppo dell''economia ticinese società cooperativa', '0', '', '59', '707'),
('618', 'Fondation pour le centre du droit de l''entreprise de l''Université de Lausanne (CEDIDAC)', '1', '', '41', '708'),
('619', 'Fondation Stop-Doping', '1', '', '65', '709'),
('620', 'Fondation Jean Monnet Pour L''Europe', '1', '', '75', '710'),
('621', 'Fondation Dialogue Des Savoirs (World Knowledge Dialogue Foundation)', '1', '', '27', '711'),
('622', 'Fondation Agassiz', '1', '', '27', '712'),
('623', 'Fondation Sinfonietta de Lausanne', '1', '', '10', '713'),
('624', 'Fondation Sophie Afenduli', '1', '', '27', '714'),
('625', 'Fondation Zerilli-Marimo', '1', '', '27', '715'),
('626', 'Fondation du 450ème anniversaire', '1', '', '41', '716'),
('627', 'Basler Lebens-Versicherungs-Gesellschaft', '0', '', '57', '3005'),
('628', 'Basler, Versicherungs-Gesellschaft', '0', '', '57', '30'),
('629', 'Fondazione per l''Istituto svizzero di Roma', '1', '', '44', '717'),
('630', 'Fondation Hardt pour l''étude de l''antiquité classique', '1', '', '27', '3077'),
('631', 'Fonds für Altertumswissenschaft', '0', '', '27', '718'),
('632', 'armasuisse', '0', '', '111', '719'),
('633', 'Boschung Mecatronic', '0', '', '87', '720'),
('634', 'Manag’eco GmbH', '0', '', '18', '721'),
('635', 'Fédération Romande de l’énergie', '0', '', '31', '722'),
('636', 'Chambre de commerce et l’industrie Fribourg', '0', '', '59', '723'),
('637', 'Fribourg Azur et Argent', '0', '', '23', '724'),
('638', 'HIB Estavayer-le-lac', '0', '', '5', '725'),
('639', 'Aquaparc SA', '0', '', '60', '726'),
('640', 'Swiss Vapeur Parc S.A.', '0', '', '60', '727'),
('641', 'Société Electrique du Bas-Valais (SEBV)', '0', '', '29', '728'),
('642', 'Port-valais 2005 Cite De L''eau', '0', '', '14', '729'),
('643', 'CMC Exploitation SA', '0', '', '65', '730'),
('644', 'CGN Compagnie générale de navigation sur le Lac Léman', '0', '', '132', '731'),
('645', 'Fondation Suisse Bellevue', '1', '', '12', '732'),
('646', 'Fondation du modélisme à vapeur vive', '1', '', '44', '733'),
('647', 'CAP-Santé Fondation', '1', '', '3', '734'),
('648', 'Centre Mondial du Cyclisme', '0', '', '89', '735'),
('649', 'Fondation ''Divisionnaire F.K. Rünzi''', '1', '', '12', '736'),
('650', 'Institut Universitaire Kurt Boesch', '1', '', '41', '737'),
('651', 'Fondation Crusoé Suisse', '1', '', '122', '738'),
('652', 'Fondation Eustach et Maria Bregy', '1', '', '27', '739'),
('653', 'Musée et Chiens du Saint-Bernard, Fondation Bernard et Caroline de Watteville', '1', '', '44', '740'),
('654', 'Personalfürsorge der Albicolac und Icolac', '1', '', '42', '741'),
('655', 'Stiftung Universitäre Fernstudien Schweiz FS-CH', '1', '', '41', '3059'),
('656', 'Baugenossenschaft Stalden', '0', '', '19', '3122'),
('657', 'Caisse d''allocations familiales Icolac', '0', '', '42', '742'),
('658', 'Hôpital du Chablais', '0', '', '5', '743'),
('659', 'Hôpital du district de Monthey', '0', '', '5', '744'),
('660', 'SWISSAID, Schweizerische Stiftung für Entwicklungszusammenarbeit', '1', '', '68', '745'),
('661', 'Tourist Info Uri', '0', '', '60', '746'),
('662', 'Dr. Franz Häfliger-Stiftung', '1', '', '27', '747'),
('663', 'Kantonsbibliothek Uri', '0', '', '44', '748'),
('664', 'Centralschweizerische Kraftwerke', '0', '', '29', '749'),
('665', 'URIFCA AG', '0', '', '19', '750'),
('666', 'Urner Kantonalbank', '0', '', '16', '3022'),
('667', 'Lombard Odier Darier Hentsch & Cie', '0', '', '16', '60'),
('668', 'Homburger Rechtsanwälte', '0', '', '58', '751'),
('669', 'Latham & Watkins', '0', '', '58', '752'),
('670', 'Clariden Leu AG', '0', '', '16', '753'),
('671', 'Ulrico Hoepli-Stiftung', '1', '', '12', '754'),
('672', 'Georg Fischer AG', '0', '', '87', '584'),
('673', 'Società Elettrica Sopracenerina (SES)', '0', '', '29', '756'),
('674', 'Think Tools AG', '0', '', '78', '757'),
('675', 'Carnegie-Stiftung für Lebensretter', '1', '', '12', '758'),
('676', 'Fondation pour la Garde Suisse Pontificale au Vatican', '1', '', '63', '3027'),
('677', 'Fondazione Hermann Hesse Montagnola', '1', '', '63', '759'),
('678', 'Fondazione movingAlps', '1', '', '59', '760'),
('679', 'JACOBS STIFTUNG', '1', '', '12', '761'),
('680', 'Stiftung Accentus', '1', '', '27', '762'),
('681', 'Stiftung SYMPHASIS', '1', '', '12', '3060'),
('682', 'Stiftung EMPIRIS', '1', '', '27', '763'),
('683', 'World Economic Forum', '0', '', '23', '764'),
('684', 'Investissements Fonciers S.A.', '0', '', '107', '765'),
('685', 'AGY EXPO SA', '0', '', '74', '766'),
('686', 'Capital Risque Fribourg SA', '0', '', '107', '767'),
('687', 'Espace Gruyère SA', '0', '', '59', '768'),
('688', 'Swiss Hydrogen SA', '0', '', '87', '769'),
('689', 'AGI Holding AG', '0', '', '78', '770'),
('690', 'AGI IT Services AG', '0', '', '78', '771'),
('691', 'AGI Software AG', '0', '', '78', '3040'),
('692', 'S.I. Richemont Fribourg S.A.', '0', '', '19', '772'),
('693', 'Société d''exploitation Espace Gruyère S.A.', '0', '', '23', '773'),
('694', 'Société immobilière Cité-Beaumont ''C'' S.A.', '0', '', '19', '70'),
('695', 'Télégruyère S.A.', '0', '', '60', '774'),
('696', 'Parloca Fribourg, Fondation Pour La Location-participation', '1', '', '19', '775'),
('697', 'Fondation du château de Gruyères', '1', '', '63', '776'),
('698', 'Fonds de prévoyance en faveur des dirigeants et du personnel de Investissements Fonciers S.A.', '0', '', '42', '777'),
('699', 'Société du Comptoir gruérien', '0', '', '13', '778'),
('700', 'Banque Cantonale de Fribourg', '0', '', '16', '779'),
('701', 'Ascom Holding AG', '0', '', '107', '780'),
('702', 'Forum Einstein Zentrum für Wirtschaft, Wissenschaft und Politik', '0', '', '12', '781'),
('703', 'Hirzel.Neef.Schmid Konsulenten', '0', '', '18', '782'),
('704', 'Fipra Finsbury International Policy & Regulatory Advisers', '0', '', '18', '783'),
('705', 'Viscoma Consulting AG', '0', '', '18', '784'),
('706', 'Eidgenössisches Departement des Inneren', '0', '', '35', '3042'),
('707', 'Bundesrat Flavio Cotti', '0', '', '35', '785'),
('708', 'Robert Walser Stiftung', '1', '', '63', '786'),
('709', 'Club Politique de Berne', '0', '', '59', '787'),
('710', 'swisspeace', '0', '', '71', '75'),
('711', 'Rotary Club', '0', '', '12', '175'),
('712', 'AMTS, Akademie für Medizinisches Training und Simulation AG', '0', '', '41', '788'),
('713', 'Natural Power Distribution AG', '0', '', '1', '789'),
('714', 'Paramedia AG', '0', '', '15', '790'),
('715', 'Schweizerisches Produktivitätsinstitut AG', '0', '', '18', '791'),
('716', 'Schweizer Paraplegiker-Stiftung', '1', '', '15', '78'),
('717', 'Schutzverband der SAirGroup-Obligationäre SSGO', '0', '', '59', '792'),
('718', 'G. Tscharner AG', '0', '', '18', '793'),
('719', 'AKAG Anlage und Kapital AG', '0', '', '107', '794'),
('720', 'AUGENCENTER AG', '0', '', '4', '795'),
('721', 'Aktiengesellschaft Bellevue', '0', '', '107', '796'),
('722', 'Ascom Holding Ltd', '0', '', '47', '780'),
('723', 'BONAFIDE LOGISTIC SA', '0', '', '36', '798'),
('724', 'BT&T LIFE AG', '0', '', '107', '82'),
('725', 'BT&T TIME AG', '0', '', '107', '82'),
('726', 'BT&T TIMELIFE AG', '0', '', '107', '82'),
('727', 'BT&T Trading AG', '0', '', '108', '799'),
('728', 'Berggasthaus Uto-Kulm AG', '0', '', '60', '800'),
('729', 'Hirslanden Holding AG', '0', '', '5', '207'),
('730', 'Interhandel AG', '0', '', '108', '802'),
('731', 'Klinik Hirslanden AG', '0', '', '5', '207'),
('732', 'Linvest AG', '0', '', '107', '804'),
('733', 'Luxor-Aktiengesellschaft Zürich', '0', '', '19', '805'),
('734', 'MAT Securitas Express AG', '0', '', '72', '806'),
('735', 'MAT Transport AG', '0', '', '36', '807'),
('736', 'MC Beiligungen AG', '0', '', '107', '808'),
('737', 'MC Management AG', '0', '', '0', '809'),
('738', 'Rieter Holding AG', '0', '', '107', '810'),
('739', 'The Industrial Bank of Japan-NJ (Schweiz) AG', '0', '', '16', '811'),
('740', 'VIA MAT ARTCARE AG', '0', '', '36', '812'),
('741', 'VIA MAT INTERNATIONAL AG', '0', '', '36', '812'),
('742', 'Via Mat Management AG', '0', '', '36', '812'),
('743', 'Fondation Dimitris N. Chorafas', '1', '', '27', '815'),
('744', 'Stiftung Uitikon', '1', '', '12', '3061'),
('745', 'BVG-Stiftung der Schweizerischen Bankgesellschaft', '1', '', '42', '816'),
('746', 'Joh. Jacob Rieter-Stiftung', '1', '', '12', '817'),
('747', 'Stiftung HASLER-Werke', '1', '', '12', '818'),
('748', 'Stiftung für Archäologie im Kanton Zürich', '1', '', '63', '3062'),
('749', 'Swiss Banking School-Stiftung', '1', '', '27', '819'),
('750', 'Gesellschaft zur Förderung des Betriebswissenschaftlichen Institutes der ETHZ', '0', '', '27', '820'),
('751', 'Schweizerische Bankgesellschaft', '0', '', '16', '19'),
('752', 'Omilia Holding SA', '0', '', '107', '821'),
('753', 'Valartis Bank AG', '0', '', '16', '822'),
('754', 'Jelmoli Holding', '0', '', '92', '823'),
('755', 'Unifund SA', '0', '', '107', '92'),
('756', 'ENR Russia Invest', '0', '', '107', '824'),
('757', 'Anglo Chinese Group Hongkong', '0', '', '107', '825'),
('758', 'Eastern Property Holding', '0', '', '19', '826'),
('759', 'MCTrustco', '0', '', '121', '827'),
('760', 'Unifund Bangkok und Hongkong', '0', '', '107', '92'),
('761', 'Opel', '0', '', '26', '828'),
('762', 'WTC Basel AG', '0', '', '18', '829'),
('763', 'Activity Stiftung - Lions Club Dorneck', '1', '', '12', '830'),
('764', 'Fondation Fridel et Witold Grünbaum pour la connaissance des cultures et des savoirs humains', '1', '', '63', '831'),
('765', 'Stiftung Tierpark Weihermätteli', '1', '', '44', '832'),
('766', 'Alzheimervereinigung beider Basel', '0', '', '6', '833'),
('767', 'World Trade Center Basel GmbH', '0', '', '74', '834'),
('768', 'Staatssekretariat für Wirtschaft SECO', '0', '', '23', '835'),
('769', 'NewIndex AG', '0', '', '78', '836'),
('770', 'syndata AG', '0', '', '4', '837'),
('771', 'Ärztegesellschaft Baselland', '0', '', '4', '838'),
('772', 'Geschäftsprüfungskommission FMH', '0', '', '117', '839'),
('773', 'Stiftung Mosaik', '1', '', '15', '3063'),
('774', 'EVP', '0', '', '20', '840'),
('775', 'Bognar Reinigungen GmbH', '0', '', '64', '841'),
('776', 'Gesellschaft Ingenieure der Industrie SIA', '0', '', '59', '842'),
('777', 'Schweizerischer Ingenieur- und Architektenverein SIA', '0', '', '138', '843'),
('778', 'Verband Soziale Unternehmen beider Basel', '0', '', '12', '844'),
('779', 'Verein Bibliotheken Nordwestschweiz', '0', '', '44', '845'),
('780', 'Verein "Friedensbrugg"', '0', '', '71', '846'),
('781', 'Schweizerische Vereinigung für Friedenserziehung', '0', '', '71', '847'),
('782', 'International Peace Bureau', '0', '', '71', '848'),
('783', 'Verein Kulturraum Roxy', '0', '', '44', '849'),
('784', 'UBS Switzerland AG', '0', '', '16', '220'),
('785', 'Finanzdirektion Kanton Baselland', '0', '', '13', '851'),
('786', 'Kirchgemeinde Aesch Pfeffingen', '0', '', '103', '852'),
('787', 'Neue Europäische Bewegung Schweiz', '0', '', '75', '853'),
('788', 'Basellandschaftliche Pensionskasse', '0', '', '42', '854'),
('789', 'Philosophische Praxis Denkpraxis Martina Bernasconi', '0', '', '0', '855'),
('790', 'PricewaterhouseCoopers AG', '0', '', '58', '106'),
('791', 'Credit Suisse Group', '0', '', '16', '14'),
('792', 'Schweizerische Studienstiftung', '1', '', '27', '138'),
('793', 'Zurich.minds Foundation', '1', '', '45', '856'),
('794', 'the cogito foundation', '1', '', '27', '857'),
('795', 'Dr. Helmut Legerlotz-Stiftung', '1', '', '27', '858'),
('796', 'Prof. Dr. Hans E. Schmid-Stiftung', '1', '', '27', '859'),
('797', 'EvalueScience Ltd', '0', '', '18', '111'),
('798', 'Georg Friedrich Götz-Stiftung', '1', '', '27', '860'),
('799', 'Kinderbetreuung im Hochschulraum Zürich', '1', '', '102', '165'),
('800', 'Stiftung Neuropath', '1', '', '27', '861'),
('801', 'Stiftung Zentrum Nachhaltigkeit Zürich', '1', '', '91', '862'),
('802', 'Stiftung für die Paul Karrer-Vorlesung', '1', '', '27', '863'),
('803', 'Fondazione Ente Museo Poschiavino', '1', '', '63', '864'),
('804', 'Stiftung für Studentisches Wohnen', '1', '', '19', '3064'),
('805', 'Walter und Gertrud Siegenthaler Stiftung', '1', '', '27', '865'),
('806', 'Genohm', '0', '', '78', '866'),
('807', 'Serviceplan Suisse AG', '0', '', '125', '867'),
('808', 'Advico Young & Rubicam AG', '0', '', '125', '868'),
('809', 'Personalfürsorge-Stiftung der Advico Young & Rubicam AG und der ihr angeschlossenen Firmen', '0', '', '42', '869'),
('810', 'Alpha 245 Ltd', '0', '', '125', '870'),
('811', 'Leo Burnett Schweiz AG', '0', '', '125', '871'),
('812', 'The Media Edge', '0', '', '125', '872'),
('813', 'schneiter meier külling AG', '0', '', '125', '873'),
('814', 'Felser Brand Leadership', '0', '', '18', '874'),
('815', 'Forschungsinstitunt für biologischen Landbau FiBL', '1', '', '41', '875'),
('816', 'Niederer Kraft und Frey AG', '0', '', '58', '146'),
('817', 'IAE International Aero Engines AG', '0', '', '116', '876'),
('818', 'TOF Holdings N.V., Curaçao, Branch Office Zug', '0', '', '107', '877'),
('819', 'BSK Immobilien AG', '0', '', '19', '3002'),
('820', 'Baur Immobilien AG', '0', '', '19', '878'),
('821', 'Clariant AG', '0', '', '115', '122'),
('822', 'Cottonfield Family Office AG', '0', '', '121', '879'),
('823', 'Europrocurement AG', '0', '', '108', '880'),
('824', 'Palüetta SA', '0', '', '19', '881'),
('825', 'Schulthess Group AG', '0', '', '107', '882'),
('826', 'Bank Leu AG', '0', '', '16', '883'),
('827', 'Baur & Cie AG', '0', '', '51', '884'),
('828', 'BaurPedretti Steinhauerei  AG', '0', '', '51', '885'),
('829', 'Bellpasso AG', '0', '', '19', '886'),
('830', 'CIBC Oppenheimer AG', '0', '', '107', '887'),
('831', 'CLS Group Holdings AG', '0', '', '121', '888'),
('832', 'Carlo Iseli AG', '0', '', '19', '889'),
('833', 'Cash Werbeagentur AG', '0', '', '125', '890'),
('834', 'Daiwa Finanz AG', '0', '', '16', '891'),
('835', 'Discounthaus Eschenmoser Ag', '0', '', '92', '892'),
('836', 'Interavia AG', '0', '', '107', '893'),
('837', 'Interhold AG', '0', '', '58', '894'),
('838', 'Itid Leasing AG', '0', '', '116', '895'),
('839', 'Lekkerland Schweiz AG', '0', '', '92', '896'),
('840', 'NCH AG', '0', '', '108', '897'),
('841', 'Portals-Sihl AG', '0', '', '61', '898'),
('842', 'Racal Electronics SA', '0', '', '108', '899'),
('843', 'Ramira AG', '0', '', '108', '900'),
('844', 'Sana Klinik AG', '0', '', '5', '901'),
('845', 'Seematt Immobilien AG', '0', '', '19', '902'),
('846', 'Tender AG', '0', '', '18', '903'),
('847', 'Thomson Finance AG', '0', '', '121', '904'),
('848', 'Türenfabrik Brunegg AG', '0', '', '52', '905'),
('849', 'Zücher Furnierwerk AG', '0', '', '135', '906'),
('850', 'Stiftung für juristische Lehre und Forschung an der Universität Zürich', '1', '', '27', '907'),
('851', 'David Rosenfeld''sche Stiftung', '1', '', '12', '908'),
('852', 'Volkshochschule des Kantons Zürich', '1', '', '41', '909'),
('853', 'Zellweger Luwa AG', '0', '', '87', '910'),
('854', 'EXPERTsuisse AG', '0', '', '41', '911'),
('855', 'Jacobs Holding Ltd', '0', '', '107', '912'),
('856', 'AAM Privatbank AG', '0', '', '16', '913'),
('857', 'ATAG Asset Management AG', '0', '', '121', '914'),
('858', 'Neue Zürcher Zeitung AG', '0', '', '48', '915'),
('859', 'BDO Visura', '0', '', '58', '916'),
('860', 'Crealogix Holding AG', '0', '', '78', '917'),
('861', 'FPH Freie Presse Holding AG', '0', '', '48', '918'),
('862', 'Peat, International Consultants AG', '0', '', '18', '919'),
('863', 'Jacobs Venture AG', '0', '', '107', '912'),
('864', 'Adecco S.A.', '0', '', '107', '921'),
('865', 'Stiftung SOS-Kinderdorf Schweiz', '1', '', '68', '922'),
('866', 'Swiss Luftfahrtstiftung', '1', '', '116', '28'),
('867', 'Foundation for accounting and reporting recommendations', '1', '', '0', '923'),
('868', 'Kammerschule Zürich Höhere Fachschule der Treuhand Kammer', '1', '', '41', '924'),
('869', 'Spezialfonds der Neuen Zürcher Zeitung', '1', '', '42', '925'),
('870', 'Stiftung für Erziehung zur Toleranz', '1', '', '129', '3065'),
('871', 'Gesellschaft Minderheiten der Schweiz', '0', '', '12', '926'),
('872', 'Suva', '0', '', '57', '927'),
('873', 'Opernhaus Zürich', '0', '', '44', '928'),
('874', 'Zürcher Festspielstiftung', '1', '', '63', '3094'),
('875', 'Max Frisch-Stiftung', '1', '', '27', '929'),
('876', 'STEO Stiftung', '1', '', '12', '930'),
('877', 'Zukunft für Schweizer Fahrende', '1', '', '12', '931'),
('878', 'Alfred Escher Stiftung', '1', '', '63', '932'),
('879', 'Jugendförderung Dietikon', '1', '', '102', '933'),
('880', 'Stiftung der Schweizerischen Landesausstellung 1939 Zürich für Kunst und Forschung', '1', '', '63', '934'),
('881', 'Swiss Science Center Technorama', '1', '', '44', '151'),
('882', 'Zürcher Filmstiftung', '1', '', '63', '3095'),
('883', 'Bremgarten-Dietikon-Bahn AG', '0', '', '33', '935'),
('884', 'Schauspielhaus Zürich AG', '0', '', '44', '936'),
('885', 'Schweizerisches Nationalmuseum', '0', '', '44', '937'),
('886', 'Stiftung Schweizerisches Ausbildungszentrum für das Strafvollzugspersonal', '1', '', '41', '3066'),
('887', 'Gebäudeversicherung Kanton Zürich', '0', '', '57', '938'),
('888', 'Europainstitut', '0', '', '41', '939'),
('889', 'Sotheby''s', '0', '', '92', '940'),
('890', '2xC Holding AG', '0', '', '107', '941'),
('891', 'Daros AG', '0', '', '108', '942'),
('892', 'Steinfels Art Consulting AG', '0', '', '18', '943'),
('893', 'Förderstiftung Avenir Suisse', '0', '', '45', '944'),
('894', 'Steinfels & Partner AG', '0', '', '108', '945'),
('895', 'Veric AG', '0', '', '0', '946'),
('896', 'Steinfels Weinauktionen und Weinhandels AG', '0', '', '82', '947'),
('897', 'Kulturstiftung Julius Bär', '0', '', '63', '948'),
('898', 'rete AG', '0', '', '18', '949'),
('899', 'Electrowatt Engineering', '0', '', '51', '950'),
('900', 'Metall Zug', '0', '', '61', '149'),
('901', 'Sulzer', '0', '', '61', '951'),
('902', 'Salle Modulable', '1', '', '44', '952'),
('903', 'Thermission AG', '0', '', '87', '953'),
('904', 'Entrepreneur Partners AG', '0', '', '121', '954'),
('905', 'Alina AG', '0', '', '18', '955'),
('906', 'Metall Zug AG', '0', '', '61', '149'),
('907', 'V-ZUG AG', '0', '', '87', '956'),
('908', 'Hoechst AG', '0', '', '115', '957'),
('909', 'Aventis S.A.', '0', '', '1', '958'),
('910', 'sanofi-aventis', '0', '', '1', '959'),
('911', 'BG Group', '0', '', '17', '13'),
('912', 'IBM', '0', '', '78', '961'),
('913', 'ETH Zürich', '0', '', '41', '962'),
('914', 'Kistler Holding AG', '0', '', '87', '547'),
('915', 'Venture Incubator Ltd', '0', '', '107', '187'),
('916', 'Schweizerische Studienstiftung Fonds für begabte junge Menschen', '1', '', '27', '138'),
('917', 'Swiss University Sports Foundation', '1', '', '89', '964'),
('918', 'Huber-Kudlich-Stiftung an der Eidgenössischen Technischen Hochschule Zürich', '1', '', '27', '965'),
('919', 'Erich Degen-Stiftung', '1', '', '27', '966'),
('920', 'International Federation of Automatic Control (IFAC) Stiftung', '1', '', '59', '967'),
('921', 'Kinderbetreuung im Hochschulraum Zürich (kihz)', '1', '', '102', '165'),
('922', 'Walter Hochstrasser-Stiftung', '1', '', '27', '968'),
('923', 'Heyning-Roelli Stiftung', '1', '', '27', '969'),
('924', 'Hilti', '0', '', '87', '152'),
('925', 'Roche Holding AG', '0', '', '1', '142'),
('926', 'Vorwerk & Co.', '0', '', '108', '153'),
('927', 'Ardex', '0', '', '108', '971'),
('928', 'Venture Incubator AG', '0', '', '107', '187'),
('929', 'Schindler', '0', '', '61', '972'),
('930', 'Swissmem', '0', '', '59', '973'),
('931', 'Tesfa-Ilg-Stiftung', '1', '', '68', '974'),
('932', 'Gehirn und Trauma-Stiftung', '1', '', '6', '975'),
('933', 'Avaloq Evolution AG', '0', '', '78', '7'),
('934', 'Arizon Sourcing Ltd', '0', '', '18', '976'),
('935', 'AdCubum Ltd.', '0', '', '78', '977'),
('936', 'Alocat AG', '0', '', '107', '978'),
('937', 'Avaloq Licence AG', '0', '', '78', '979'),
('938', 'Avaloq Properties AG', '0', '', '19', '980'),
('939', 'FiveT Capital Holding AG', '0', '', '107', '981'),
('940', 'Safecap AG', '0', '', '107', '982'),
('941', 'Almafin AG', '0', '', '19', '983'),
('942', 'B-Source SA', '0', '', '78', '984'),
('943', 'Finest Funds Holding AG', '0', '', '107', '985'),
('944', 'FiveT Capital AG', '0', '', '121', '981'),
('945', 'Avaloq Group AG', '0', '', '78', '987'),
('946', 'Alstom Schweiz', '0', '', '61', '988'),
('947', 'BalTec Holding AG', '0', '', '107', '989'),
('948', 'Baltec Maschinenbau AG', '0', '', '87', '989'),
('949', 'CDesk Beteiligungen AG', '0', '', '107', '991'),
('950', 'Comin Holding AG', '0', '', '107', '992'),
('951', 'Erich Keller AG', '0', '', '52', '993'),
('952', 'Investnet AG', '0', '', '107', '994'),
('953', 'Investnet Holding AG', '0', '', '107', '994'),
('954', 'Martin Group AG', '0', '', '107', '996'),
('955', 'PME Capital SA', '0', '', '58', '997'),
('956', 'Skyline Parking AG', '0', '', '26', '998'),
('957', 'ABB Kesselanlagen AG', '0', '', '61', '583'),
('958', 'Central Station AG', '0', '', '36', '1000'),
('959', 'Schlatter Industries AG', '0', '', '87', '163'),
('960', 'Schlatter Industries AG', '0', '', '87', '163'),
('961', 'Streikversicherungs-Genossenschaft der Maschinenindustrie', '0', '', '57', '1001'),
('962', 'Arbeitgeberverband der Schweizer Maschinenindustrie', '0', '', '59', '1002'),
('963', 'Holzwerk Spezialitäten AG', '0', '', '135', '1003'),
('964', 'Chemspeed Technologies AG', '0', '', '115', '1004'),
('965', 'KMU Capital AG', '0', '', '107', '1005'),
('966', 'Consenec AG', '0', '', '18', '1006'),
('967', 'Sika AG', '0', '', '115', '117'),
('968', 'Greater Zurich Area AG', '0', '', '23', '1007'),
('969', 'Alu Menziken Holding AG', '0', '', '87', '1008'),
('970', 'Econimo-Drive AG', '0', '', '31', '1009'),
('971', 'Algra Holding AG', '0', '', '107', '1010'),
('972', 'Habeas AG', '0', '', '19', '1011'),
('973', 'TSH -Tennis & Squash Hünenberg AG', '0', '', '66', '1012'),
('974', 'Nationale Suisse', '0', '', '57', '1013'),
('975', 'Adval Tech AG', '0', '', '61', '171'),
('976', 'Hayek Engineering AG', '0', '', '18', '1014'),
('977', 'Adval Tech Holding AG', '0', '', '87', '171'),
('978', 'Alusuisse Airex AG', '0', '', '61', '172'),
('979', 'Alusuisse Road & Rail AG', '0', '', '87', '1015'),
('980', 'Alusuisse-Lonza Informatik AG', '0', '', '87', '1016'),
('981', 'Joseph Popp AG', '0', '', '38', '1017'),
('982', 'LEVO AG Wohlen', '0', '', '9', '1018'),
('983', 'Petroplus Holdings AG', '0', '', '17', '1019'),
('984', 'Alusuisse Schweizerische Aluminium AG', '0', '', '61', '172'),
('985', 'Procart AG', '0', '', '108', '1020'),
('986', 'Quadrant AG', '0', '', '107', '176'),
('987', 'Tex-Bo AG, Kilchberg', '0', '', '92', '1021'),
('988', 'Walter Grüebler AG, Zürich', '0', '', '52', '1022'),
('989', 'Sarna-Stiftung', '1', '', '63', '1023'),
('990', 'Baugenossenschaft Albis', '0', '', '19', '3123'),
('991', 'Schweizerischen Nationalbank', '0', '', '117', '186'),
('992', 'International Center for Monetary and Banking Studies (ICMB)', '0', '', '41', '1024'),
('993', 'Bank für Internationalen Zahlungsausgleich (BIZ)', '0', '', '16', '1025'),
('994', 'Financial Stability Board (FSB)', '0', '', '117', '1026'),
('995', 'Stiftung zur Förderung des Studiengangs Master in Law and Economics an der Universität St. Gallen', '0', '', '27', '1027'),
('996', 'Coop Schweiz', '0', '', '92', '568'),
('997', 'Bell AG', '0', '', '38', '1029'),
('998', 'Dipl. Ing. Fust Ltd.', '0', '', '92', '1030'),
('999', 'Mobiliar Lebensversicherungen', '0', '', '57', '99'),
('1000', 'Albert Bruppacher-Stiftung', '1', '', '3', '1031'),
('1001', 'Werner H. Spross-Stiftung zur Förderung der Augenheilkunde', '1', '', '27', '1032'),
('1002', 'Dr. Nabholz Treuhand AG', '0', '', '58', '1033'),
('1003', 'Meditrade Consult AG', '0', '', '18', '1034'),
('1004', 'Mutraco AG', '0', '', '107', '1035'),
('1005', 'Pervalla AG', '0', '', '19', '1036'),
('1006', 'Reminda AG', '0', '', '19', '1037'),
('1007', 'Trading Information & Consulting TIC AG', '0', '', '18', '1038'),
('1008', 'Coop Immobilien AG', '0', '', '19', '1039'),
('1009', 'Coop Mineraloel AG', '0', '', '17', '1040'),
('1010', 'HWZ University of Applied Sciences for Business Administration Zurich AG', '0', '', '41', '1041'),
('1011', 'Schweizerische Mobiliar Holding AG', '0', '', '57', '99'),
('1012', 'Schweizerische Mobiliar Versicherungsgesellschaft AG', '0', '', '57', '99'),
('1013', 'Bank Coop Ltd', '0', '', '16', '1044'),
('1014', 'Energie Uetikon AG', '0', '', '29', '1045'),
('1015', 'Wasser Uetikon AG', '0', '', '122', '1046'),
('1016', 'transGourmet Management AG', '0', '', '60', '1047'),
('1017', 'Moriz und Elsa von Kuffner - Stiftung', '1', '', '27', '1048'),
('1018', 'Stiftung Juventus-Schulen', '1', '', '27', '3067'),
('1019', 'Schweizerische Gesellschaft für Marketing', '1', '', '125', '3133'),
('1020', 'Baumeler Reisen AG', '0', '', '60', '1049'),
('1021', 'Davent Holding AG', '0', '', '107', '1050'),
('1022', 'Eurobus Bern AG', '0', '', '36', '9'),
('1023', 'Eurobus Ostschweiz AG', '0', '', '36', '1051'),
('1024', 'Eurobus welti-furrer AG', '0', '', '36', '6'),
('1025', 'Knecht Finanz AG', '0', '', '107', '1053'),
('1026', 'Knecht Holding AG', '0', '', '36', '0'),
('1027', 'Knecht Reisen AG', '0', '', '60', '1054'),
('1028', 'RHZ-Reisen AG', '0', '', '60', '1055'),
('1029', 'Swiss Office Concept AG', '0', '', '18', '1056'),
('1030', 'Thomas Knecht Management AG', '0', '', '18', '1057'),
('1031', 'Welti-Furrer AG', '0', '', '36', '6'),
('1032', 'Welti-Furrer Fine Art AG', '0', '', '36', '6'),
('1033', 'Welti-Furrer Immobilien AG', '0', '', '19', '6'),
('1034', 'Welti-Furrer Pneukran und Spezialtransporte AG', '0', '', '36', '6'),
('1035', 'Eurobus-Knecht AG', '0', '', '36', '1059'),
('1036', 'Burri-Mangold Kran AG', '0', '', '51', '1060'),
('1037', 'Eurobus AG', '0', '', '60', '9'),
('1038', 'Frei''s Autoreisen AG', '0', '', '60', '1061'),
('1039', 'Gebr. Knecht AG', '0', '', '36', '1062'),
('1040', 'Häfliger AG, Autokranbetrieb', '0', '', '36', '1063'),
('1041', 'Kira Reisen AG', '0', '', '60', '1064'),
('1042', 'McKinsey & Company, Inc. Switzerland, Wilmington, Kloten Branch', '0', '', '18', '108'),
('1043', 'Fondation Avenir Suisse', '0', '', '45', '1065'),
('1044', 'Wohlfahrtsstiftung der J. Baumeler AG', '0', '', '42', '1066'),
('1045', 'Reisehochschule Zürich', '0', '', '41', '1067'),
('1046', 'Olga und Walter Knecht Stiftung', '1', '', '42', '1068'),
('1047', 'Regionalbus Lenzburg AG', '0', '', '33', '1069'),
('1048', 'mcKinsey & Company, Inc', '0', '', '18', '108'),
('1049', 'OC Oerlikon', '0', '', '61', '1070'),
('1050', 'Clariant International Ltd.', '0', '', '1', '122'),
('1051', 'SF-Chem AG', '0', '', '115', '1071'),
('1052', 'Plansee AG', '0', '', '87', '1072'),
('1053', 'Deutsche Beteiligungs AG', '0', '', '107', '1073'),
('1054', 'SGL Carbon AG', '0', '', '87', '1074'),
('1055', 'Celanese AG', '0', '', '115', '1075'),
('1056', 'Zoo Zürich', '1', '', '44', '1076'),
('1057', 'Zürcher Kantonalbank', '0', '', '16', '116'),
('1058', 'Helbling-Gruppe', '0', '', '18', '1077'),
('1059', 'Bank Vontobel', '0', '', '16', '160'),
('1060', 'Credit Suisse', '0', '', '16', '14'),
('1061', 'Opo Oeschger AG', '0', '', '52', '1078'),
('1062', 'Technopark Immobilien AG', '0', '', '19', '1079'),
('1063', 'Fondation Maurice Zermatten', '1', '', '63', '1080'),
('1064', 'Fondation Brocher', '1', '', '27', '1081'),
('1065', 'Fondation Institut Suisse Pour La Recherche Sur Le Vaccin (ISRV)', '1', '', '41', '3028'),
('1066', 'Fondation de l''Institut Universitaire Kurt Bösch', '1', '', '27', '1082'),
('1067', 'Fondation pour la formation continue universitaire lausannoise', '1', '', '41', '16'),
('1068', 'Fondation pour un Institut de hautes études en administration publique (IDHEAP)', '1', '', '27', '1083'),
('1069', 'Fondation Herbette', '1', '', '27', '1084'),
('1070', 'Fondation Irène, Nada, Andrée Chuard-Schmid', '1', '', '27', '1085'),
('1071', 'Fondation suisse pour la recherche en sciences sociales FORS', '1', '', '27', '3029'),
('1072', 'Brokervalor SA', '0', '', '57', '1086'),
('1073', 'Europ Assistance (Suisse) SA', '0', '', '57', '1087'),
('1074', 'Intras Assurances SA', '0', '', '2', '1088'),
('1075', 'Orion Rechtsschutz-Versicherungsgesellschaft', '0', '', '57', '1089'),
('1076', 'Ecole de Jazz et de Musique Actuelle de Lausanne', '1', '', '41', '1090'),
('1077', 'Schweizerische Stiftung für die Erforschung der Muskelkrankheiten', '1', '', '41', '1091'),
('1078', 'Caisse De Pension Vaudoise Assurances', '1', '', '42', '1092'),
('1079', 'Fondation Promojazz', '1', '', '63', '1093'),
('1080', 'Intras - Caisse Maladie', '1', '', '2', '1094'),
('1081', 'Schweizerischer Versicherungsverband (SVV)', '0', '', '57', '1095'),
('1082', 'Vaudoise Assurances Holding SA', '0', '', '57', '21'),
('1083', 'Mutuelle Vaudoise, Société Coopérative', '0', '', '57', '1096'),
('1084', 'EHL Haute Ecole SA', '0', '', '41', '1097'),
('1085', 'Y-Parc SA, management, promotion, services', '0', '', '18', '1098'),
('1086', 'HEIG-VD', '0', '', '41', '1099'),
('1087', 'Fondation du Technopôle de Sainte-Croix', '1', '', '41', '1100'),
('1088', 'AIT association vaudoise pour la promotion des innovations et des technologies', '0', '', '23', '1101'),
('1089', 'Fondation du Cinquantieme du CSP', '1', '', '103', '1102'),
('1090', 'Mode d''emploi, Fondation pour l''acquisition et la certification de compétences', '1', '', '41', '1103'),
('1091', 'Fondation Crescendo', '1', '', '63', '1104'),
('1092', 'Fondation Esp''asse', '1', '', '19', '1105'),
('1093', 'Fondation Engelberts pour les arts et la culture', '1', '', '63', '3030'),
('1094', 'Wilhelmina von Hallwil-Stiftung', '1', '', '63', '1106'),
('1095', 'Société Coopérative Art et Artisanat Potter', '0', '', '63', '1107'),
('1096', 'Fondation de l''Hermitage', '1', '', '44', '3013'),
('1097', 'Fondation de soutien au Musée cantonal des beaux-arts (MCBA)', '1', '', '63', '1108'),
('1098', 'Fondation Othenin d''Haussonville pour le rayonnement de l''esprit de Coppet', '1', '', '44', '1109'),
('1099', 'Fondation ISREC', '1', '', '41', '1110'),
('1100', 'Fondation de soutien au Pôle mus"al Lausanne', '1', '', '63', '1111'),
('1101', 'Fédération des Hôpitaux vaudois', '0', '', '5', '1112'),
('1102', 'Fondation FASC (Loterie romande)', '1', '', '136', '1113'),
('1103', 'Crescendo Marketing SA', '0', '', '125', '1114'),
('1104', 'Hug AG', '0', '', '38', '1115'),
('1105', 'Schweizerische Bundesbahnen SBB', '0', '', '33', '515'),
('1106', 'Unilever', '0', '', '38', '1117'),
('1107', 'Au P''tit Commerce Sandra Pralong', '0', '', '92', '1118'),
('1108', 'Bergbahnen Disentis AG', '0', '', '33', '10'),
('1109', 'Jungfraubahn Holding AG', '0', '', '33', '1119'),
('1110', 'Jungfraubahnen Management AG', '0', '', '33', '1119'),
('1111', 'Schweizer Gesellschaft für Hotelkredit', '0', '', '60', '1121'),
('1112', 'Dr. Heinrich Wachter zur Förderung der wissenschaftlichen Forschung an der Hochschule St. Gallen für Wirtschafts- und Sozialwissenschaften', '1', '', '27', '1122'),
('1113', 'Swiss Luftfahrtstiftung', '0', '', '116', '28'),
('1114', 'Max Schmidheiny zugunsten der Universität St. Gallen und ihrer Institute', '1', '', '41', '1123'),
('1115', 'St. Galler Stiftung für Internationale Studien', '1', '', '27', '1124'),
('1116', 'ITS Foundation. International Tourism Symposium', '1', '', '60', '1125'),
('1117', 'Société suisse de crédit hôtelier SCH', '0', '', '60', '1126'),
('1118', 'Genossenschaft Olma Messen St. Gallen', '0', '', '85', '1127'),
('1119', 'Pakka AG', '0', '', '38', '1128'),
('1120', 'elea Foundation for Ethics in Globalization', '0', '', '12', '1129'),
('1121', 'ARK Advisory Service AG', '0', '', '18', '1130'),
('1122', 'Altium Capital AG', '0', '', '18', '1131'),
('1123', 'Amicitia-Haus AG', '0', '', '19', '1132'),
('1124', 'Belkos AG', '0', '', '18', '1133'),
('1125', 'Domaine de Beychevelle SA', '0', '', '82', '1134'),
('1126', 'PW AG', '0', '', '108', '1135'),
('1127', 'PricewaterhouseCoopers AG', '0', '', '58', '106'),
('1128', 'Ventureserv AG', '0', '', '107', '1136'),
('1129', 'Star Foundation', '1', '', '12', '1137'),
('1130', 'Genossenschaft La Schmetta', '0', '', '19', '1138'),
('1131', 'Genossenschaft Kunstturnerhalle Rümlang KTH', '0', '', '89', '1139'),
('1132', 'Galerie Susi Landolf', '0', '', '128', '1140'),
('1133', 'Neuhaus & Partner', '0', '', '0', '1141'),
('1134', 'International Fiscal Association (IFA)', '0', '', '23', '1142'),
('1135', 'American Chamber of Commerce, Tax Chapter', '0', '', '40', '1143'),
('1136', 'Swiss Association of Tax Law Professors', '0', '', '59', '1144'),
('1137', 'Unternehmergruppe Wettbewerbsfähigkeit Zürich', '0', '', '23', '1145'),
('1138', 'Wenger & Vieli AG', '0', '', '58', '1146'),
('1139', 'Steinacherhaus AG', '0', '', '19', '1147'),
('1140', 'Martel AG (Wein)', '0', '', '82', '1148'),
('1141', 'Fondation Musée de l''histoire estudiantine ASHSE', '1', '', '44', '3014'),
('1142', 'Baker & McKenzie', '0', '', '58', '1149'),
('1143', 'Precious Capital AG', '0', '', '107', '1150'),
('1144', 'Bein-Shop.ch AG', '0', '', '92', '1151'),
('1145', 'Fondazione Richard e Uli Seewald', '1', '', '63', '1152'),
('1146', 'Fondazione per le Facoltà di Lugano dell''Università della Svizzera italiana', '1', '', '41', '51'),
('1147', 'Schweizerischer Zentralverein für das Blindenwesen (SZB)', '0', '', '15', '1153'),
('1148', 'Confronti Sagl', '0', '', '57', '1154'),
('1149', 'Scuola universitaria professionale della Svizzera italiana (SUPSI)', '0', '', '41', '1155'),
('1150', 'Stiftungsrat FRIAS', '1', '', '41', '1156'),
('1151', 'UKBB', '0', '', '5', '1157'),
('1152', 'Universitätsklinikum Heidelberg', '0', '', '5', '1158'),
('1153', 'Senn BPM AG', '0', '', '0', '1159'),
('1154', 'F-Ingenieur GmbH', '0', '', '51', '1160'),
('1155', 'ROB Technologies AG', '0', '', '51', '1161'),
('1156', 'dsp Ingenieure & Planer AG', '0', '', '51', '1162'),
('1157', 'Vetimag AG', '0', '', '107', '1163'),
('1158', 'Lifä Immobilien AG', '0', '', '19', '3003'),
('1159', 'Zypresse AG', '0', '', '19', '1164'),
('1160', 'Datwoma AG', '0', '', '121', '1165'),
('1161', 'Park Book AG', '0', '', '129', '1166'),
('1162', 'Verlag Scheidegger und Spiess AG', '0', '', '129', '1167'),
('1163', 'Staub Holding AG', '0', '', '19', '1168'),
('1164', 'SAM Architekten und Partner AG', '0', '', '138', '1169'),
('1165', 'keoto AG', '0', '', '138', '1170'),
('1166', 'PNE Wind AG', '0', '', '32', '1171'),
('1167', 'Sunbiotec AG (Solar Biofuel technology)', '0', '', '32', '1172'),
('1168', 'dsolar Ltd.', '0', '', '32', '1173'),
('1169', 'Gerda Henkel-Stiftung', '1', '', '27', '1174'),
('1170', 'Bundesministerium für Bildung und Forschung', '0', '', '35', '1175'),
('1171', 'Schweizerisches Institut für Kunstwissenschaft', '0', '', '41', '1176'),
('1172', 'Vischer-Heusler Stiftung', '1', '', '0', '3093'),
('1173', 'Basel Institute on Governance', '0', '', '117', '1177'),
('1174', 'Telebasel, Basel', '0', '', '62', '1178'),
('1175', 'Volkshochschule beider Basel', '0', '', '41', '1179'),
('1176', 'Swisspeace Bern', '0', '', '71', '75'),
('1177', 'Eidgenössische Kommission für Migrationsfragen', '0', '', '24', '1180'),
('1178', 'fokus AG für Wissen und Organisation, Zürich', '0', '', '18', '1181'),
('1179', 'Seismo Verlags AG, Zürich', '0', '', '129', '1182'),
('1180', 'UBUNTU, Zürich; Share for Food Alliance, Basel', '0', '', '0', '1183'),
('1181', 'GeneGuide AG, Basel', '0', '', '97', '1184'),
('1182', 'Eidgenössische Ethikkommission für Biotechnologie (EKAH)', '0', '', '117', '1185'),
('1183', 'Ernst Krenek Privatstiftung, Krems, Österreich', '1', '', '63', '1186'),
('1184', 'Bitsave AG, Kehrsatz', '0', '', '78', '1187'),
('1185', 'Baimedia AG, Basel', '0', '', '0', '1188'),
('1186', 'Contego Laboratories GmbH', '0', '', '78', '1189'),
('1187', 'Verity Studios AG', '0', '', '87', '1190'),
('1188', 'Acutronic Schweiz AG', '0', '', '87', '1191'),
('1189', 'Alpes Lasers S.A.', '0', '', '87', '1192'),
('1190', 'qipp AG', '0', '', '78', '1193'),
('1191', 'UCTec Beteiligungsgesellschaft AG', '0', '', '107', '24'),
('1192', 'Schweizerische Mobiliar Genossenschaft', '0', '', '57', '99'),
('1193', 'Dacuda AG', '0', '', '78', '23'),
('1194', 'BEN Energy AG', '0', '', '78', '1194'),
('1195', '42matters AG', '0', '', '78', '1195'),
('1196', 'Elgar Fleisch Management Services AG', '0', '', '18', '1196'),
('1197', 'coresystems ag', '0', '', '78', '85'),
('1198', 'Hoval Holding AG', '0', '', '107', '35'),
('1199', 'Interhoval AG', '0', '', '121', '1197'),
('1200', 'Dybuster AG', '0', '', '78', '1198'),
('1201', 'The Walt Disney Company (Switzerland) GmbH', '0', '', '139', '1199'),
('1202', 'Gimalon AG', '0', '', '78', '1200'),
('1203', 'ProteoMediX AG', '0', '', '97', '1201'),
('1204', 'Endora Tech AG', '0', '', '78', '1202'),
('1205', 'Anadec GmbH', '0', '', '58', '1203'),
('1206', 'ATG Advanced Technology Group GmbH', '0', '', '18', '1204'),
('1207', 'InfoSec Global (Schweiz) AG', '0', '', '47', '1205'),
('1208', 'Femtotools AG', '0', '', '87', '1206'),
('1209', 'Aeon Scientific AG', '0', '', '9', '1207'),
('1210', 'Magnebotix AG', '0', '', '97', '1208'),
('1211', 'Scrona AG', '0', '', '87', '1209'),
('1212', 'Hylomorph AG', '0', '', '9', '1210'),
('1213', 'EVATEC Holding und EVATEC AG', '0', '', '107', '1211'),
('1214', 'Komax Holding AG', '0', '', '87', '1212'),
('1215', 'ALSTOM Inspection Robotics AG', '0', '', '61', '988'),
('1216', 'Sentiment Studies GmbH', '0', '', '41', '1214'),
('1217', 'Virtamed AG', '0', '', '9', '1215'),
('1218', 'u-blox AG', '0', '', '87', '1216'),
('1219', 'Amphiro AG', '1', '', '87', '1217'),
('1220', 'Meyer Burger Technology AG', '1', '', '107', '1218'),
('1221', 'NEBION AG', '0', '', '78', '74'),
('1222', 'PNN Pharma Nation Network AG', '0', '', '1', '1219'),
('1223', 'AZAD Pharmaceutical Ingredients AG', '0', '', '1', '1220'),
('1224', 'Kanton Basel-Stadt', '0', '', '13', '1221'),
('1225', 'Stiftung Swiss International Law School, Basel', '1', '', '27', '1222'),
('1226', 'Appellationsgericht des Kantons Basel-Stadt', '0', '', '143', '1223'),
('1227', 'BVB, Basler Verkehrsbetriebe Basel', '0', '', '33', '1224'),
('1228', 'Hans Buss-Stiftung Basel', '1', '', '27', '1225'),
('1229', 'Stiftung Infektiologie beider Basel', '1', '', '97', '1226'),
('1230', 'Coltene, Altstätten', '0', '', '9', '1227'),
('1231', 'PIQUR Therapeutics AG, Basel', '0', '', '1', '1228'),
('1232', 'Nebion AG', '0', '', '78', '74'),
('1233', 'EvalueScience AG', '0', '', '18', '111'),
('1234', 'Glycemicon AG', '0', '', '115', '1229'),
('1235', 'EVA Basel Life Science Start-up Agency', '0', '', '18', '1230'),
('1236', 'Biovalley Basel', '0', '', '59', '1231'),
('1237', 'HKBB Basel', '0', '', '59', '1232'),
('1238', 'Unitectra AG', '0', '', '27', '95'),
('1239', 'Universitätsspital Basel, Forschungsstiftung', '1', '', '5', '147'),
('1240', 'Bernoulli-Euler-Gesellschaft Basel', '0', '', '27', '1233'),
('1241', 'Schweizerische Akademie der Naturwissenschaften SCNAT Bern', '0', '', '41', '3124'),
('1242', 'SpiroChem AG', '0', '', '115', '1234'),
('1243', 'BASF Societas Europeae (Schweden)', '0', '', '115', '1235'),
('1244', 'GRS Gemresearch Swisslab AG', '0', '', '0', '1236'),
('1245', 'Ernst Hungerbühler AG (in Liquidation)', '0', '', '115', '1237'),
('1246', 'Fritz + Caspar Jenny AG', '0', '', '19', '1238'),
('1247', 'Ziegelbrücke Energie AG', '0', '', '29', '1239'),
('1248', 'Humabs Holding GmbH', '0', '', '1', '1240'),
('1249', 'ChromaCon AG', '0', '', '97', '1241'),
('1250', 'Robertsson Industrial Geoscience Innovation GmbH', '0', '', '61', '1242'),
('1251', 'Geofluidics LLC', '0', '', '52', '1243'),
('1252', 'Bachem Holding AG', '1', '', '1', '1244'),
('1253', 'Pro Entomologia, Naturhistorisches Museum, Basel', '0', '', '44', '1245'),
('1254', 'SIB Swiss Institute of Bioinformatics, Lausanne', '0', '', '41', '1246'),
('1255', 'Helsana AG, Dübendorf', '0', '', '2', '1247'),
('1256', 'Biovertis AG, Wien', '0', '', '1', '1248'),
('1257', 'Kantonsspital Uri', '0', '', '5', '1249'),
('1258', 'Institut de Sante au Travail, Lausanne', '0', '', '3', '1250'),
('1259', 'Philogen S.P.A.', '0', '', '1', '1251'),
('1260', 'Philochem AG', '0', '', '115', '1252'),
('1261', 'Basler Juristenverein, Pro Iure', '0', '', '59', '1253'),
('1262', 'Hoffmann & Co. AG, Basel', '0', '', '18', '1254'),
('1263', 'Finanzmarktaufsicht FINMA, Bern', '0', '', '117', '63'),
('1264', 'Studienzentrum Gerzensee', '0', '', '41', '1255'),
('1265', 'Patria Genossenschaft, Basel', '0', '', '57', '1256'),
('1266', 'Max Geldner-Stiftung, Basel', '1', '', '12', '1257'),
('1267', 'Universitä della Svizzera Italiana', '0', '', '41', '139'),
('1268', 'Universität Tübingen', '0', '', '41', '3117'),
('1269', 'Pädagogische Hochschule Freiburg', '0', '', '41', '3126'),
('1270', 'Konfuzius Institut', '0', '', '41', '1258'),
('1271', 'Speiser-Bär-Stiftung, Basel', '1', '', '27', '1259'),
('1272', 'Basler Kantonalbank, Stiftung zur Förderung von Forschung und Unterricht, Basel', '1', '', '27', '1260'),
('1273', 'Roland von Hoesslin Gedenkstiftung, Augsburg, Deutschland', '1', '', '0', '1261'),
('1274', 'European Research Network on Philanthropy', '0', '', '41', '1262'),
('1275', 'Verein Europäische Freiwilligenuniversität', '0', '', '41', '1263'),
('1276', 'Stiftung zur Förderung des Antikenmuseums Basel', '1', '', '44', '1264'),
('1277', 'Stiftung Institute for Value-based Enterprise, Fribourg', '1', '', '18', '3068'),
('1278', 'Energieagentur Landkreis Lörrach GmbH', '0', '', '29', '1265'),
('1279', 'Viollier AG, Allschwil', '0', '', '4', '1266'),
('1280', 'Remaco AG, Basel', '0', '', '18', '1267'),
('1281', 'Versicherung der Schweizer Ärzte, Bern', '0', '', '57', '1268'),
('1282', 'vescore Solutions, St. Gallen', '0', '', '18', '1269'),
('1283', 'BIZ-Stiftung c/o Dr. Carlo Bertossa, Basel', '1', '', '0', '1270'),
('1284', 'Stiftung zur Förderung des Schweizerischen Wirtschaftsarchivs am WWZ der Universität Basel', '1', '', '41', '1271'),
('1285', 'Senozon (Schweiz) AG', '0', '', '18', '1272'),
('1286', 'Hilti AG', '0', '', '61', '152'),
('1287', 'Vorwerk & Co. KG', '0', '', '108', '153'),
('1288', 'ARDEX GmbH', '0', '', '52', '1273'),
('1289', 'Ammann BauAusrüstung AG', '0', '', '51', '1274'),
('1290', 'Appenzeller Kantonalbank', '0', '', '16', '3072'),
('1291', 'Rychiger AG', '0', '', '87', '1275'),
('1292', 'Bioforce AG', '0', '', '1', '1276'),
('1293', 'Sanalpin AG', '0', '', '69', '1277'),
('1294', 'Innovative Strategies GmbH', '1', '', '18', '1278'),
('1295', 'systransis AG', '1', '', '78', '1279'),
('1296', 'VBG Verkehrsbetriebe Glattal AG', '0', '', '33', '1280'),
('1297', 'Verkehrsbetrieb LIECHTENSTEINmobil', '1', '', '33', '1281'),
('1298', 'SNF Ambizione Program', '0', '', '27', '1282'),
('1299', 'L3S Advisory Board', '0', '', '41', '1283'),
('1300', 'Zeno-Karl Schindler Foundation', '1', '', '27', '1284'),
('1301', 'Fondation IDIAP', '1', '', '41', '1285'),
('1302', 'Kazan Federal University, Russia', '0', '', '41', '1286'),
('1303', 'Lonza', '0', '', '115', '1287'),
('1304', 'Novartis Venture Fund', '0', '', '107', '41'),
('1305', 'Amazentis', '0', '', '97', '87'),
('1306', 'Singapore Biomedical Sciences International ', '0', '', '41', '1288'),
('1307', 'Italian Institute of Technology ', '0', '', '41', '1289'),
('1308', 'Fondation Terre des Hommes', '1', '', '68', '1290'),
('1309', 'Fondation "Claude Nobs"', '1', '', '63', '1291'),
('1310', 'Fondation pour la formation continue lausannoise', '1', '', '41', '16'),
('1311', 'Fondation EPFL+', '1', '', '27', '1292'),
('1312', 'Fondation Campus Biotech Geneva', '1', '', '27', '1293'),
('1313', 'Fondation Claude Verdan', '1', '', '44', '1294'),
('1314', 'Fondation les Bois Chamblard', '1', '', '27', '1295'),
('1315', 'Fondation pour l''étude des eaux du Léman', '1', '', '27', '114'),
('1316', 'CSEM', '0', '', '41', '1'),
('1317', 'S2P Lion, Germany', '0', '', '0', '1296'),
('1318', 'Espace Cauterets, Mairie, Cauterets', '0', '', '13', '1297'),
('1319', 'ECOVEST SA', '0', '', '19', '1298'),
('1320', 'Nestec SA', '0', '', '38', '1299'),
('1321', 'PhytoDia, Illkirch, France', '0', '', '69', '1300'),
('1322', 'Amazentis, Ecublens, Switzerland', '0', '', '97', '87'),
('1323', 'Reamol Biomedical Consultung, Buchillon, CH', '0', '', '18', '1301'),
('1324', 'Metro Mid-Atalantic Biotech, Birmingham, MI, USA', '0', '', '97', '1302'),
('1325', 'Mitobridge, Cambridge, MA, USA', '0', '', '115', '1303'),
('1326', 'Power Vision Engineering Sàrl, Ecublens', '0', '', '87', '1304'),
('1327', 'Barros, Letelier & Gonzalez Attorneys at Law, Chile', '0', '', '58', '1305'),
('1328', 'Bakker & Blanc Architectes Lausanne, Zurich', '0', '', '138', '126'),
('1329', 'Asgalium Unitec SA, Cortaillod', '0', '', '87', '1306'),
('1330', 'ANF SA, Lausanne', '0', '', '107', '1307'),
('1331', 'Economic development Board (EDB), Raffles Tower, Singapour', '0', '', '23', '1308'),
('1332', 'CSEM, Neuchâtel', '0', '', '41', '1'),
('1333', 'gyMetrics SA, Ecublens', '0', '', '97', '1309'),
('1334', 'A*Star IMB Biopolis, Singapour', '0', '', '41', '1310'),
('1335', 'University of Edinburgh, UK', '0', '', '41', '1311'),
('1336', 'Advances in Water Resources (Elsevier Journal)', '0', '', '48', '1312'),
('1337', 'Swiss National Science Foundation - Sinergia', '1', '', '41', '56'),
('1338', 'Swiss National Science Foundation', '1', '', '41', '56'),
('1339', 'Royal Society of Edinburgh, UK', '0', '', '41', '1313'),
('1340', 'GYB Gymnase Intercantonal de la Broye, Payerne', '0', '', '41', '1314'),
('1341', 'Stiftung zur Förderung der mathematischen Wissenschaften in der Schweiz', '1', '', '27', '1315'),
('1342', 'Société Mathématique Suisse', '0', '', '27', '1316'),
('1343', 'Journal of Algebra', '0', '', '48', '1317'),
('1344', 'International Journal of Number Theory', '0', '', '48', '1318'),
('1345', 'Archiv der Mathematik', '0', '', '48', '1319'),
('1346', 'FNS, Berne', '0', '', '41', '56'),
('1347', 'Swiss Society for Earthquake Engineering and Structural Dynamic, Zürich', '0', '', '51', '1320'),
('1348', 'Muttoni & Fernandez Ingénieurs Conseils SA, Ecublens', '0', '', '51', '125'),
('1349', 'Etat français, Lyon', '0', '', '0', '1321'),
('1350', 'OPTIMIS HCM Echandens', '0', '', '18', '1322'),
('1351', 'Association Amies et Amis de la Fondation EPFL-WISH', '1', '', '41', '1323'),
('1352', 'Bakker & Blanc Architectes, Lausanne', '0', '', '138', '126'),
('1353', 'Université de Genève', '0', '', '41', '3043'),
('1354', 'ENS Paris', '0', '', '41', '1324'),
('1355', 'EMPA', '0', '', '41', '1325'),
('1356', 'ONLINE Control Sàrl, Lausanne', '0', '', '78', '1326'),
('1357', 'University of Piraeus, Grèce ', '0', '', '41', '3106'),
('1358', 'Idiap Research Institute', '0', '', '41', '1327'),
('1359', 'Intl. Computer Science Institute (ICSI), Berkeley, CA', '0', '', '41', '1328'),
('1360', 'IdeArk SA (IDIAP''s technology transfer instrument)', '0', '', '18', '1329'),
('1361', 'Fondation Dalle Molle', '1', '', '12', '1330'),
('1362', 'Koemei, SA (Idiap''s spin-off)', '0', '', '78', '1331'),
('1363', 'Voxta Inc., India', '0', '', '47', '1332'),
('1364', 'Privately SA, Switzerland', '0', '', '78', '1333'),
('1365', 'EX-M, Milan', '0', '', '138', '1334'),
('1366', 'BAK, Heimatschutz und Denkmalpflege, Bern', '0', '', '44', '1335'),
('1367', 'Office fédéral des routes, Sion', '0', '', '26', '130'),
('1368', 'Office fédéral des routes, Bern', '0', '', '26', '130'),
('1369', 'Société des Ingénieurs et Architectes Suisses, SIA, Zurich', '0', '', '59', '1336'),
('1370', 'Canton de Vaud SIPAL', '0', '', '13', '3084'),
('1371', 'Swiss Nanoscience Institute, Basel', '0', '', '41', '1337'),
('1372', 'HES Campus Biotech, Genève', '0', '', '41', '1338'),
('1373', 'Fond National pour la Recherche en Suisse, Bern', '0', '', '41', '1339'),
('1374', 'Institute of Advanced Studies, Technical University of Munich, Garching', '0', '', '41', '1340'),
('1375', 'ACP Advanced Circuit Pursuit AG, Zürich', '0', '', '87', '1341'),
('1376', 'CodeTickler, CA, USA', '0', '', '78', '1342'),
('1377', 'Rice University, Houston, Texas', '0', '', '41', '1343'),
('1378', 'American Institute of Phyiscs Publishing (AIPP), NY, USA', '0', '', '48', '1344'),
('1379', 'Institut Pasteur Paris, France', '0', '', '41', '3092'),
('1380', 'K-RITH, Durban, South Africa', '0', '', '41', '1345'),
('1381', 'KEPOS Capital (NYC)', '0', '', '107', '1346'),
('1382', 'SANCUS Capital (NYC)', '0', '', '107', '1347'),
('1383', 'Lombard Odier, Geneva', '0', '', '16', '60'),
('1384', 'Cornerstone Research (NYC)', '0', '', '18', '1348'),
('1385', 'DNF, UNIL, Lausanne', '0', '', '41', '1349'),
('1386', 'G-Therapeutics SA ', '0', '', '9', '47'),
('1387', 'School of Engineering, Brown University', '0', '', '41', '1350'),
('1388', 'Modelling and Simulation in Materials Sci. and Eng., Inst. of Physics, UK', '0', '', '41', '1351'),
('1389', 'A*star Singapore, Inst. High Performance Computing', '0', '', '41', '1352'),
('1390', 'Biometrika Trust, University College London', '0', '', '48', '1353'),
('1391', 'BG Consulting, Lausanne', '0', '', '18', '1354'),
('1392', 'IMEC, Leuven, B', '0', '', '41', '1355'),
('1393', 'Dresden, D', '0', '', '14', '1356'),
('1394', 'USI, Lugano, CH', '0', '', '41', '139'),
('1395', 'Sanofi, Barcelona - 17/11/2014', '0', '', '1', '1357'),
('1396', 'Roche, Basel - 10/01/2014', '0', '', '1', '142'),
('1397', 'GeNohm SA, EPFL Innovation Park, Lausanne', '0', '', '78', '3015'),
('1398', 'Seyonic SA, Neuchâtel', '0', '', '87', '1359'),
('1399', 'Silatech SA, Neuchâtel', '0', '', '19', '1360'),
('1400', 'CSEM SA, Neuchâtel', '0', '', '41', '1'),
('1401', 'High Tech Factory, Enschede, NL', '0', '', '87', '1361'),
('1402', 'Contrôle officiel suisse des chronomètres (COSC), La Chaux-de-Fonds', '0', '', '130', '81'),
('1403', 'SwissScientific SA, Neuchâtel', '0', '', '107', '1362'),
('1404', 'Préfecture de Lausanne', '0', '', '13', '1363'),
('1405', 'Fondation Adrian et Simone Frutiger, Berne', '1', '', '3', '1364'),
('1406', 'SNF, Berne', '0', '', '27', '56'),
('1407', 'EPFL', '0', '', '41', '1365'),
('1408', 'Adolphe Merkle Institute, Université de Fribourg', '0', '', '41', '90'),
('1409', 'Echandens', '0', '', '106', '1366'),
('1410', 'dieterdietz.org', '0', '', '138', '1367'),
('1411', 'RATP, Paris', '0', '', '33', '1368'),
('1412', 'Koninklijke Vlaamse Academie van België voor Wetenschappen en Kusten, Brussel', '0', '', '41', '1369'),
('1413', 'Haut-Lac Ecole internationale bilingue, St-Légier, CH', '0', '', '28', '1370'),
('1414', 'Fonds National Suisse, Berne', '0', '', '41', '56'),
('1415', 'Fonds National Suisse', '0', '', '41', '56'),
('1416', 'Biozentrum Basel', '0', '', '41', '1371'),
('1417', 'Institute Imagine Paris', '0', '', '41', '1372'),
('1418', 'Institut génomique Montpellier', '0', '', '41', '1373'),
('1419', 'IGBMC Strasbourg', '0', '', '41', '1374'),
('1420', 'Hubrecht Institute Utrecht', '0', '', '41', '1375'),
('1421', 'CBM Severo Ochoa research Centre, Madrid', '0', '', '41', '1376'),
('1422', 'Ecole Normale de Paris (ENS)', '0', '', '41', '1377'),
('1423', 'Institut Curie, Paris', '0', '', '41', '135'),
('1424', 'Institut Curie Paris', '0', '', '41', '135'),
('1425', 'Fondation Latsis Internationale, Genève', '1', '', '27', '1378'),
('1426', 'Fondation Louis Jeantet, Genève', '1', '', '3', '105'),
('1427', 'Wallenberg Institute for Regenerative Medicine, Stockholm', '0', '', '41', '1379'),
('1428', 'Strategic Research Initiative on stem cells, Stockholm', '0', '', '41', '1380'),
('1429', 'Conseil de l''EMBL', '0', '', '41', '1381'),
('1430', 'Concile de l''EMBO', '0', '', '41', '1382'),
('1431', 'Infralab SA Romanel, Lausanne', '0', '', '51', '1383'),
('1432', 'Journals', '0', '', '0', '1384'),
('1433', 'Conferences', '0', '', '0', '1385'),
('1434', 'PSI', '0', '', '41', '1386'),
('1435', 'Several PhD thesis', '0', '', '0', '1387'),
('1436', 'FNS division IV, Berne', '0', '', '41', '1388'),
('1437', 'Ecole normale supérieure de Lyon', '0', '', '41', '1389'),
('1438', 'American Chemical Society', '0', '', '115', '20'),
('1439', 'KAUST, Jeddah', '0', '', '41', '1390'),
('1440', 'CSEM, Neuchatel', '0', '', '41', '1'),
('1441', 'University of Vienna', '0', '', '41', '3107'),
('1442', 'SFI, Zürich', '0', '', '41', '169'),
('1443', 'European School of Management and Technology', '0', '', '41', '1392'),
('1444', 'Fairnez Inc., USA', '0', '', '18', '1393'),
('1445', 'Prediggo SA, PSE, Ecublens', '0', '', '78', '1394'),
('1446', 'Livelyplanet, SAS, Versailles, France', '0', '', '78', '1395'),
('1447', 'SCL-Sensor. Tech. Fabrication GesmbH, Vienna, Austria', '0', '', '87', '1396'),
('1448', 'GETec KG, Langenlois, Austria', '0', '', '87', '1397'),
('1449', 'Fondation Ch.-Ed. Guillaume, La Chaux-de-Fonds', '1', '', '27', '1398'),
('1450', 'Fondation du prix Omega, Neuchâtel', '1', '', '27', '1399'),
('1451', 'COSC (Contrôle Officiel Suisse des Chronomètres), La Chaux-de-Fonds', '0', '', '130', '81'),
('1452', 'SSC (Société Suisse de Chronométrie), Neuchâtel', '0', '', '130', '1400'),
('1453', 'Association pour le Concours International de Chronométrie, Le Locle', '0', '', '130', '1401'),
('1454', 'Ethimedix SA, Nyon', '0', '', '9', '1402'),
('1455', 'Collegium International SMYLE en microtechnique, Besançon', '0', '', '41', '1403'),
('1456', 'IAEA, Vienna, Austria', '0', '', '30', '1404'),
('1457', 'Swiss Life Holding Ltd', '0', '', '57', '4'),
('1458', 'SKE, Commission Fédérale d''Arbitrage dans le Secteur du Rail, Berne', '0', '', '33', '1405'),
('1459', 'EICom, Commission Fédérale de la Régulation du Marché de l''Electricté, Bern', '0', '', '117', '1406'),
('1460', 'European University Institute, Florence, Italy', '0', '', '41', '1407'),
('1461', 'JPL, Pasadena, USA', '0', '', '41', '1408'),
('1462', 'SEAS Harvard, Cambridge, USA', '0', '', '41', '1409'),
('1463', 'Science Foundation Ireland', '1', '', '27', '2'),
('1464', 'Fonds de Recherche Luxembourg', '0', '', '41', '1410'),
('1465', 'Stifelsen Strtegisk Froskning, Sweden', '0', '', '41', '1411'),
('1466', 'Université Freiburg (Allemagne)', '0', '', '41', '3118'),
('1467', 'Gesellschaft für Wissenschaftstatistik, EFI, Berlin', '0', '', '41', '1412'),
('1468', 'SEFRI, Bern', '0', '', '35', '1413'),
('1469', 'Uni StGall, St. Gallen', '0', '', '41', '1414'),
('1470', 'EPFL-TTO', '0', '', '41', '1415'),
('1471', 'SNF, Bern', '0', '', '41', '56'),
('1472', 'Nano Center of Serbia, Belgrade ', '0', '', '41', '1416'),
('1473', 'AFF Architekten, Berlin, Germany', '0', '', '138', '1417'),
('1474', 'Pix4D EPFL Innovation Park', '0', '', '78', '3016'),
('1475', 'PlayfulVision EPFL ', '0', '', '78', '1418'),
('1476', 'University of California, Berkeley', '0', '', '41', '3108'),
('1477', 'Delft University of Technology', '0', '', '41', '1419'),
('1478', 'Porto Academy, Portugal', '0', '', '41', '1420'),
('1479', 'Faculty of Architecture, Slipakorn University, Bankok', '0', '', '41', '1421'),
('1480', 'Canadian Centre for Architecture, Montréal, Canada', '0', '', '138', '1422'),
('1481', 'Office KGDVS, Brussels', '0', '', '138', '1423'),
('1482', 'San Rocco Magazine, Milano, Italy', '0', '', '48', '1424'),
('1483', 'UNSW Australia, Australian Center for Commercial Mathematics, Sydney', '0', '', '41', '1425'),
('1484', 'Minnesota Traffic Observatory, University of Minnesota, USA', '0', '', '41', '1426'),
('1485', 'Center for Integrative Neuroscience (CIN), University of Tübingen', '0', '', '41', '1427'),
('1486', 'European Commission', '0', '', '35', '170'),
('1487', 'Institut de Physique du Globe de Paris', '0', '', '41', '3131'),
('1488', 'Ecole VetAgro Sup', '0', '', '41', '1428'),
('1489', 'Fondation Bullukian', '1', '', '12', '1429'),
('1490', 'Fondation BNP Paribas pour le mécénat', '1', '', '16', '1430'),
('1491', 'Société BioMérieux', '0', '', '9', '1431'),
('1492', 'Human Brain Project', '0', '', '41', '1432'),
('1493', 'Fondation IQRGC', '1', '', '0', '1433'),
('1494', 'Fondation Elemo', '1', '', '27', '1434'),
('1495', 'PPUR - EPFL', '0', '', '41', '1435'),
('1496', 'Fondation Carnot, Neuilly s/Seine', '1', '', '27', '1436'),
('1497', 'Direction générale des douanes, Berne', '0', '', '35', '1437'),
('1498', 'Royal Society of Chemistry, Cambridge, UK', '0', '', '41', '1438'),
('1499', 'NGL Cleaning Technology SA, Nyon', '0', '', '115', '1439'),
('1500', 'Novartis Consumer Health Foundation, Nyon', '1', '', '3', '41'),
('1501', 'Università della Svizzera italiana, Accademia di Architettura', '0', '', '41', '139'),
('1502', 'F. Graf & J. Menoud, Carouge', '0', '', '138', '1440'),
('1503', 'SAINT, SKKU', '0', '', '41', '1441'),
('1504', 'NTU, Singapore', '0', '', '41', '1442'),
('1505', 'DYESOL', '0', '', '32', '1443'),
('1506', 'G24 Power', '0', '', '32', '1444'),
('1507', 'CEA-LETI, France', '0', '', '41', '1445'),
('1508', 'Nanodimension AG, Suisse', '0', '', '107', '1446'),
('1509', 'Ministry of Education, Singapore', '0', '', '35', '1447'),
('1510', 'Leibnitz Association, Germany', '0', '', '41', '1448'),
('1511', 'Institut fuer Jungunternehmen, St. Gallen', '0', '', '18', '1449'),
('1512', 'University of Bern', '0', '', '41', '3109'),
('1513', 'University of Liechtenstein, Vaduz, Lichtenstein', '0', '', '41', '1450'),
('1514', 'ANR, Paris', '0', '', '27', '1451'),
('1515', 'HGS (Harry Gugger Studio), Basel', '0', '', '138', '1452'),
('1516', 'Holcim Group Services Ltd/ Holcim Technology Ltd, Zurich', '0', '', '51', '1453'),
('1517', 'Flughafen ZHAG, Zurich', '0', '', '116', '1454'),
('1518', 'SKM, UniBasel, Basel', '0', '', '41', '1455'),
('1519', 'BSA CH, Basel', '0', '', '138', '1456'),
('1520', 'Uni de Bâle', '0', '', '41', '1457'),
('1521', 'Department of Chemistry, Angström, Uppsala University, Sweden', '0', '', '41', '1458'),
('1522', 'Nanyang Technological University, Singapore', '0', '', '41', '1459'),
('1523', 'King Abdulaziz University, Saudi Arabia', '0', '', '41', '31'),
('1524', 'Dyenamo AB, Start-up, Stockholm', '0', '', '32', '1460'),
('1525', 'Swedish Research Council', '0', '', '27', '189'),
('1526', 'Pfizer, Inc., New York, USA', '0', '', '1', '1461'),
('1527', 'Shenogen Pharma Group LTD, China', '0', '', '1', '1462'),
('1528', 'Gevo, Colorado, USA', '0', '', '32', '1463'),
('1529', 'TOTAL, Paris, France', '0', '', '17', '1464'),
('1530', 'AMYRIS, California, USA', '0', '', '97', '1465'),
('1531', 'AIP Publishing Center, Melville, NY, USA', '0', '', '48', '1466'),
('1532', 'CEA, Grenoble', '0', '', '41', '192'),
('1533', 'Centre de microscopie de l''Université de Saragosse, Espagne', '0', '', '41', '1467'),
('1534', 'HCERES, France', '0', '', '41', '1468'),
('1535', 'Foundation TALENT', '1', '', '27', '194'),
('1536', 'Projet européen ESTEEM', '0', '', '41', '1469'),
('1537', 'Bicycle Therapeutics, Cambridge, UK', '0', '', '97', '1470'),
('1538', 'FSRM: Fondation Suisse pour la Recherche en Microtechnique, Neuchâtel', '1', '', '41', '3031'),
('1539', 'CSEM: Centre Suisse d''Electronique et de Microtechnique, Neuchâtel', '0', '', '41', '1'),
('1540', 'Science', '0', '', '0', '3000'),
('1541', 'Leibniz Insitute of Freshwater Ecology and Inland Fisheries, Berlin, Germany', '0', '', '41', '1471'),
('1542', 'GAIA', '0', '', '0', '1472'),
('1543', 'CCES Competence Center Environment and Sustainability', '0', '', '41', '1473'),
('1544', 'AquaDiva, Fredrich-Schiller-Universität Jena, Germany', '0', '', '41', '1474'),
('1545', 'IRGC, EPFL, Lausanne', '0', '', '41', '1475'),
('1546', 'EPFL CRAG, Lausanne', '0', '', '41', '1476'),
('1547', 'Water institute, Stellenbosch University', '0', '', '41', '1477'),
('1548', 'ETH Board Committee on Competence Centers (BCC)', '0', '', '41', '1478'),
('1549', 'MIT Dept. of Civil and Environmental Engineering, USA', '0', '', '41', '1479'),
('1550', '2014 IARU Congress, Copenhagen, Denmark', '0', '', '41', '1480'),
('1551', 'Various international conferences', '0', '', '0', '1481'),
('1552', 'International Commission for Optics ICO', '0', '', '27', '1482'),
('1553', 'Swiss Society for Optics and Microscopy SSOM', '0', '', '41', '1483'),
('1554', 'Journal of the Europ. Opt. Soc. (JEOS: RP)', '0', '', '48', '1484'),
('1555', 'National and international scientific projects', '0', '', '0', '1485'),
('1556', 'Micro-Optics lecture FSRM', '0', '', '97', '1486'),
('1557', 'SRI-UQ, KAUST, KSA', '0', '', '41', '1487'),
('1558', 'INRIA, France', '0', '', '41', '1488'),
('1559', 'NSF, US', '0', '', '27', '57'),
('1560', 'ANTIA Therapeutics, Bern', '0', '', '9', '1489'),
('1561', 'Nanotec, Thailand Science Park, Thailand', '0', '', '41', '1490'),
('1562', 'University of Bremen', '0', '', '41', '1491'),
('1563', 'Schweizerischer Nationalfonds, Bern', '0', '', '41', '56'),
('1564', 'Federal Office for the Environment FOEN', '0', '', '54', '1492'),
('1565', 'Federal Office of Public Health ', '0', '', '3', '1493'),
('1566', 'Syngenta Crop Protection AG, Stein', '0', '', '97', '118'),
('1567', 'Convergeo Lausanne, Switzerland', '0', '', '138', '1494'),
('1568', 'Eversitas LLC Cambridge, Massachussetts', '0', '', '78', '1495'),
('1569', 'SUTD Architecture and Sustainable Design Singapore', '0', '', '41', '1496'),
('1570', 'ComCom, Berne', '0', '', '117', '1497'),
('1571', 'Kuros Biosurgery, Zürich', '0', '', '97', '1498'),
('1572', 'Argo Innovations, Atlanta', '0', '', '18', '1499'),
('1573', 'Diabetes Research Institute, University of Miami, USA', '0', '', '41', '1500'),
('1574', 'Anokion SA, Lausanne', '0', '', '1', '1501'),
('1575', 'McAndrews, Held and Malloy, Chicago, USA', '0', '', '58', '1502'),
('1576', 'Taylor Wessing, London', '0', '', '58', '1503'),
('1577', 'Lanta Bio Sàrl, Préverenges', '0', '', '97', '119'),
('1578', 'Morphogene, SA, Préverenges', '0', '', '1', '15'),
('1579', 'Lumberjack, AG, Basel', '0', '', '1', '100'),
('1580', 'Lumberjill, Inc., Boston', '0', '', '51', '1504'),
('1581', 'Technical University München, Germany', '0', '', '41', '1505'),
('1582', 'University of Oulu', '0', '', '41', '3110'),
('1583', 'FNS, Bern', '0', '', '41', '56'),
('1584', 'European Commission, Brussels', '0', '', '35', '170'),
('1585', 'SATW', '0', '', '27', '1506'),
('1586', 'SNF', '0', '', '41', '1507'),
('1587', 'IMEC Belgium', '0', '', '41', '1508'),
('1588', 'SNSF Bern', '0', '', '41', '56'),
('1589', 'American Chemical Society, USA', '0', '', '41', '20'),
('1590', 'Quiartet Medicine, Boston, USA', '0', '', '97', '1509'),
('1591', 'Spirochrome, Suisse', '0', '', '115', '1510'),
('1592', 'OZWE, Lausanne', '0', '', '78', '1511'),
('1593', 'Le Temps', '0', '', '48', '1512'),
('1594', 'Université de Berne', '0', '', '41', '3044'),
('1595', 'HEAD Genève', '0', '', '41', '1513'),
('1596', 'BeamExpress SA', '0', '', '0', '1514'),
('1597', 'ERC (consolidators)', '0', '', '27', '1515'),
('1598', 'Gt-bureau de recherche, Paris', '0', '', '41', '1516'),
('1599', 'Université catholique de Louvain-la-Neuve (B)', '0', '', '41', '3045'),
('1600', 'Migros Magazine, Zürich', '0', '', '48', '1517'),
('1601', 'F.J. Aschwanden AG, Lyss', '0', '', '51', '1518'),
('1602', 'Canton de Tessin', '0', '', '13', '3085'),
('1603', 'MPI Max-Planck-Institut für Festkörperforschung, Stuttgart', '0', '', '41', '1519'),
('1604', 'Soochow University, China', '0', '', '41', '1520'),
('1605', 'Eawag', '0', '', '41', '1521'),
('1606', 'WHO, Geneva', '0', '', '3', '1522'),
('1607', 'Norwegian University of Science & Technology, Trondheim, Norway', '0', '', '41', '29'),
('1608', 'G-Therapeutics EPFL PSE', '0', '', '9', '47'),
('1609', 'School of Civil and Environmental Engineering, Duke University, USA', '0', '', '41', '1523'),
('1610', 'King Abdulaziz University (KAU), Jeddah, Saudi Arabia', '0', '', '41', '31'),
('1611', 'STUNEX SA', '0', '', '51', '1524'),
('1612', 'ELSEVIER', '0', '', '41', '61'),
('1613', 'Union Européenne', '0', '', '35', '1525'),
('1614', 'dl-a, designlab-architecture SA, Genève', '0', '', '138', '1526'),
('1615', 'America Software Lab, Santa Clara, CA', '0', '', '78', '1527'),
('1616', 'Qatar Foundation, Doha Qatar', '1', '', '27', '69'),
('1617', 'IBRO', '0', '', '41', '1528'),
('1618', 'Brain forum', '0', '', '27', '1529'),
('1619', 'Abionic, Innovation Park', '0', '', '9', '1530'),
('1620', 'Immersive Vision Technologies, PSE, Lausanne', '0', '', '78', '1531'),
('1621', 'Politecnico di Milano, Milano', '0', '', '41', '3011'),
('1622', 'OWI, Amsterdam', '0', '', '0', '1532'),
('1623', 'ERC Executive Agency, Brussels', '0', '', '27', '1533'),
('1624', 'Association ARMINES, Paris, France', '0', '', '41', '1534'),
('1625', 'Morphodyne SA, EPFL', '0', '', '9', '1535'),
('1626', 'QGel SA, PSE, Lausanne', '0', '', '97', '1536'),
('1627', 'Prosper Diagnostic, Basel', '0', '', '4', '1537'),
('1628', 'Price Foundation, Genève', '1', '', '0', '1538'),
('1629', 'Dana Foundation, New York', '1', '', '41', '1539'),
('1630', 'Quantica Capital, Schaffausen', '0', '', '121', '1540'),
('1631', 'Dublin City University', '0', '', '41', '1541'),
('1632', 'Hexpol AB, Malmö, Suède', '0', '', '115', '1542'),
('1633', 'AISTS, EPFL-Innovation Park, Lausanne', '0', '', '41', '3017'),
('1634', 'EELCEE Ltd., Korea', '0', '', '87', '1543'),
('1635', 'Antidoping Suisse, Berne', '0', '', '3', '1544'),
('1636', 'Canton de Vaud', '0', '', '13', '3086'),
('1637', 'Commune de Pully', '0', '', '106', '3007'),
('1638', 'Commune de Payerne', '0', '', '106', '3008'),
('1639', 'Commune de Prengins', '0', '', '106', '3009'),
('1640', 'Commune de Gland', '0', '', '106', '3010'),
('1641', 'Bruno Marchand, Lausanne', '0', '', '0', '1545'),
('1642', 'Canton de Fribourg', '0', '', '13', '3087'),
('1643', 'Sincrotrone Trieste, Italy', '0', '', '41', '1546'),
('1644', 'Institute of Physics, London', '0', '', '41', '1547'),
('1645', 'Politecnico di Torino', '0', '', '41', '3012'),
('1646', 'USI, Lugano', '0', '', '41', '139'),
('1647', 'Mission catholique anglophone du canton de Vaud', '0', '', '103', '1548'),
('1648', 'HuGeF, Turin', '0', '', '41', '1549'),
('1649', 'Scuola Sant''Anna, Pisa, Italy', '0', '', '41', '1550'),
('1650', 'Ministero MIUR, Rome, Italy', '0', '', '41', '1551'),
('1651', 'Università di Pavia', '0', '', '41', '3099'),
('1652', 'Istituto Italiano di Tecnololgia (IIT)', '0', '', '41', '1552'),
('1653', 'PSE-D, Ecublens, CH', '0', '', '13', '1553'),
('1654', 'Blue Brain SA, Epalinges, CH', '0', '', '27', '1554'),
('1655', 'Blue Brain Foundation, Epalinges, CH', '1', '', '41', '1555'),
('1656', 'Amherst - USA', '0', '', '0', '1556'),
('1657', 'Various funding agencies and universities', '0', '', '0', '1557'),
('1658', 'Institute of Translational Molecular Imaging Foundation, Genève', '1', '', '41', '1558'),
('1659', 'Technopark Aargau', '0', '', '23', '1559'),
('1660', 'European Association of National Research Facilities Laboratories', '0', '', '41', '52'),
('1661', 'ESS ', '0', '', '0', '1560'),
('1662', 'Helmholtz Senate ', '0', '', '41', '154'),
('1663', 'Oak Ridge National Lab. USA', '0', '', '41', '1561'),
('1664', 'FRM-II, Munich', '0', '', '41', '1562'),
('1665', 'Kurchatov Institute, Russia', '0', '', '41', '1563'),
('1666', 'VR Trägerschaft ParkInnovAARE', '0', '', '23', '1564'),
('1667', 'Scuola superiore Sant''Anna, Italy', '0', '', '41', '1565'),
('1668', 'Europhysics Letters, Mulhouse, France', '0', '', '48', '1566'),
('1669', 'SNSF, Berne', '0', '', '27', '56'),
('1670', 'ADREAM, Crans-Montana, Switzerland', '0', '', '41', '1567'),
('1671', 'Nielsen Neuro. New York, USA', '0', '', '18', '1568'),
('1672', 'MindMaze, Ecublens', '0', '', '97', '1569'),
('1673', 'FNS', '0', '', '41', '1570'),
('1674', 'L''enseignement Mathématique, Genève', '0', '', '48', '1571'),
('1675', 'Fond National Suisse, Berne', '0', '', '41', '56'),
('1676', 'Swiss National Bank', '0', '', '16', '186'),
('1677', 'AICOS Technologies AG, Bâle', '0', '', '78', '1572'),
('1678', 'Firmenich, Nestlé, Touring Club Suisse', '0', '', '0', '173'),
('1679', 'Novigenix, Lausanne', '0', '', '9', '1573'),
('1680', 'Fondation Zeno Karl Schindler', '1', '', '41', '1574'),
('1681', 'Leibniz Institute INM, Saarbrücken, Allemagne', '0', '', '41', '1575'),
('1682', 'IMDEA-Materials, Madrid, Espagne', '0', '', '41', '1576'),
('1683', 'NSF, USA', '0', '', '41', '57'),
('1684', 'EPSRC, UK', '0', '', '41', '1577'),
('1685', 'FNS de la Recherche Scientifique', '0', '', '41', '1578'),
('1686', 'Materials Center Leoben Forschung, Austria', '0', '', '41', '1579'),
('1687', 'DTU, Institution d''accréditation du Danemark', '0', '', '41', '1580'),
('1688', 'Ondax Corp., USA', '0', '', '87', '1581'),
('1689', 'PSE A, EPFL', '0', '', '41', '1582'),
('1690', 'European Association of Antennas and Propoagation', '0', '', '41', '1583'),
('1691', 'AISBL (non-profit Association)', '0', '', '0', '1584'),
('1692', 'UFRJ', '0', '', '41', '1585'),
('1693', 'Lurati Muttoni Partner, Studio d''ingegneria SA, Mendrisio', '0', '', '51', '1586'),
('1694', 'Fédération Internationale du Béton, Lausanne', '0', '', '59', '1587'),
('1695', 'CEB Trust Fund, Genève', '0', '', '27', '1588'),
('1696', 'Muttoni et Fernàndez Ingénieurs Conseils SA, Ecublens', '0', '', '51', '125'),
('1697', 'SystemsX.ch', '0', '', '97', '1589'),
('1698', 'Elsevier Publishing, Amsterdam', '0', '', '41', '61'),
('1699', 'CERN, Genève', '0', '', '41', '1590'),
('1700', 'African Institute for Mathematical Science, Cape Town, South Africa', '0', '', '41', '1591'),
('1701', 'High Energy Accelerator Organization, Tsukuba, Japan', '0', '', '41', '1592'),
('1702', 'Springer-Verlag, Heidelberg, Germany', '0', '', '48', '64'),
('1703', 'National Institute for Subatomic Physics, Amsterdam', '0', '', '41', '1593'),
('1704', 'Typesafe Sarl, Lausanne', '0', '', '78', '159'),
('1705', 'MIUR - Ministero Istruzione Università Ricerca', '0', '', '41', '1594'),
('1706', 'RTS - Radio Télévision Suisse', '0', '', '62', '94'),
('1707', 'Coopératives Codha et Voisinage - Genève', '0', '', '19', '1595'),
('1708', 'Springer-Verlag, New York', '0', '', '48', '1596'),
('1709', 'University of Bologna, Italy', '0', '', '41', '3111'),
('1710', 'Elsevier Ltd, UK', '0', '', '41', '61'),
('1711', 'Norwegian University of Science and Technology, Norway', '0', '', '41', '29'),
('1712', 'Leave at UBC', '0', '', '41', '1597'),
('1713', 'Faceshift AG, Zurich', '0', '', '78', '1598'),
('1714', 'Helmholtz Society of German Research Centers, Berlin', '0', '', '41', '1599'),
('1715', 'Dominique Perrault Libérale c/o Architram, Renens', '0', '', '138', '1600'),
('1716', 'SA Dominique Perrault Architecture, Chatelaine', '0', '', '138', '1601'),
('1717', 'Qatar fondation', '1', '', '27', '69'),
('1718', 'SPIE (Society)', '0', '', '41', '1602'),
('1719', 'Wyss Center', '0', '', '41', '1603'),
('1720', 'MOXOFF Srl, Milan', '0', '', '78', '1604'),
('1721', 'Head of research Roche Sequencing', '0', '', '1', '142'),
('1722', 'Swiss Cancer League, Bern', '0', '', '3', '1606'),
('1723', 'Cellestia Biotech SA, Innovation Square EPFL', '0', '', '97', '1607'),
('1724', 'Ycoor Systems SA, Sierre', '0', '', '78', '1608'),
('1725', 'Novamet Sarl, Lausanne', '0', '', '18', '1609'),
('1726', 'Alcoa Howmet, Whitehall, USA', '0', '', '87', '1610'),
('1727', 'Fondation R&R Haenny, SAV, Lausanne', '1', '', '41', '1611'),
('1728', 'PPUR, RLC, Lausanne', '0', '', '48', '1612'),
('1729', 'Mimotec SA, Sion', '0', '', '87', '1613'),
('1730', 'Bauart Architekten und Planer AG, Bern', '0', '', '138', '72'),
('1731', 'Bauart Architekten und Planer Holding AG, Bern', '0', '', '138', '72'),
('1732', 'Association Ecoparc, Neuchâtel', '0', '', '93', '1614'),
('1733', 'Università di Padova, Italie', '0', '', '41', '3100'),
('1734', 'Istituto Veneto di Scienze, Lettere e Arti (IT)', '0', '', '41', '1615'),
('1735', 'Federazione italiana Rubgy (IT)', '0', '', '65', '1616'),
('1736', 'European Professional Club Rugby (CH)', '0', '', '65', '1617'),
('1737', 'MAXIV Laboratory, Lund, Sweden', '0', '', '41', '1618'),
('1738', 'Irfu, CEA, Gif sur Yvette, France', '0', '', '41', '1619'),
('1739', 'INFN, Italie', '0', '', '41', '1620'),
('1740', 'CERN Council, Genève', '0', '', '41', '1621'),
('1741', 'ERC, Brussels', '0', '', '27', '1622'),
('1742', 'American Chemical Society, Washington, USA', '0', '', '41', '20'),
('1743', 'PRACE AISBL, Brussels, Belgium', '0', '', '41', '1623'),
('1744', 'European Research Council, Brussels, Belgium', '0', '', '41', '1624'),
('1745', 'Journal of Physics D: Applied Physics, UK', '0', '', '48', '1625'),
('1746', 'Chemical Physics Letters - Elsevier', '0', '', '48', '1626'),
('1747', 'Centre Européen de Calcul Atomique et Moléculaire (CECAM), Lausanne, CH', '0', '', '41', '1627'),
('1748', 'Enairys PSE, Lausanne', '0', '', '32', '1628'),
('1749', 'Imperix SA, Sion', '0', '', '31', '1629'),
('1750', 'AERES, Paris', '0', '', '41', '1630'),
('1751', 'Ministère de la Recherche, Paris', '0', '', '41', '1631'),
('1752', 'Electrosuisse', '0', '', '59', '1632'),
('1753', 'Sensile Technologies SA, Morges', '0', '', '87', '1633'),
('1754', 'Cranes Sofrwares International Limited, India', '0', '', '78', '1634'),
('1755', 'Rycons GmbH, Stäfa', '0', '', '18', '1635'),
('1756', 'Economiesuisse, Zürich', '0', '', '23', '34'),
('1757', 'Sinartis Sàrl, Le Mont-sur-Lausanne', '0', '', '78', '1636'),
('1758', 'Amazentis, Ecublens', '0', '', '97', '87'),
('1759', 'Frontiers, EPFL Innovation Park, Lausanne', '0', '', '41', '3018'),
('1760', 'LabEx Brain, Université de Bordeaux, France', '0', '', '41', '1637'),
('1761', 'Leibniz Institute for Neurobiology, LIN, Magdeburg, Germany', '0', '', '41', '1638'),
('1762', 'eNeuro, Society for Neuroscience, USA', '0', '', '41', '1639'),
('1763', 'BCA, Singapore', '0', '', '0', '1640'),
('1764', 'PROCLIM/SCNAT, Berne', '0', '', '91', '1641'),
('1765', 'VELUX Stiftung, Zurich', '1', '', '41', '1642'),
('1766', 'Nant de Dranse SA, Martigny', '0', '', '51', '1643'),
('1767', 'SK Engineering & Constructions, South Korea', '0', '', '51', '1644'),
('1768', 'Basler & Hofmann, Esslingen', '0', '', '51', '8'),
('1769', 'Mahab Ghoods, Theran, Iran', '0', '', '18', '1645'),
('1770', 'FMV SA, Sion', '0', '', '29', '1646'),
('1771', 'Stucky SA, Renens', '0', '', '51', '1647'),
('1772', 'SEFRI, CERN, Genève', '0', '', '41', '1648'),
('1773', 'Swiss Institute of Particle Physics (CHIPP)', '0', '', '41', '1649'),
('1774', 'Coopérative St-Thomas, Lausanne', '0', '', '12', '1650'),
('1775', 'EERV, paroisse d''Ecublens-St.Sulpice, Ecublens', '0', '', '103', '1651'),
('1776', 'MPIDS, Germany', '0', '', '41', '1652'),
('1777', 'Elsevier, UK', '0', '', '41', '61'),
('1778', 'Holcim, CH', '0', '', '61', '109'),
('1779', 'Kerneos, France', '0', '', '61', '1653'),
('1780', 'IMD, Lausanne', '0', '', '41', '1654'),
('1781', 'Talent Foundation, Saint-Sulpice', '1', '', '27', '1655'),
('1782', 'Patentanwalt Ter Meer Steinmeister & Partner', '0', '', '58', '1656'),
('1783', 'Kandou Bus, Lausanne', '0', '', '87', '1657'),
('1784', 'Crossing Tech, EPFL - Innovation Park', '0', '', '41', '1658'),
('1785', 'CEA/DRT, Grenoble, France', '0', '', '41', '192'),
('1786', 'Frontiers Publishers, Lausanne', '0', '', '48', '1659'),
('1787', 'Carnegie Mellow University, USA', '0', '', '41', '1660'),
('1788', 'Swedish Foundation for Strategic Research, Sweden', '1', '', '41', '1661'),
('1789', 'SEAM, France ', '0', '', '10', '1662'),
('1790', 'Royal Chemistry Society, UK', '0', '', '41', '1663'),
('1791', 'Nature Publishing Group, London, UD', '0', '', '48', '1664'),
('1792', 'Foley Hoag, Boston, USA', '0', '', '58', '1665'),
('1793', 'Centro Europeo di Nanomedicina, Milano', '0', '', '41', '1666'),
('1794', 'Midatech, UK', '0', '', '1', '1667'),
('1795', 'Constellium, France', '0', '', '61', '96'),
('1796', 'Istituto Besta/Centro di Nanomedicina, Milano, Italy', '0', '', '41', '1668'),
('1797', 'Antlia SA, Lausanne', '0', '', '9', '1669'),
('1798', 'Rheon Medical SA, Préverenges', '0', '', '9', '1670'),
('1799', 'Kokko Inc, USA', '0', '', '78', '1671'),
('1800', 'Agence Nationale de la Recherche (ANR), Paris', '0', '', '41', '1672'),
('1801', 'Anokion, Ecublens, CH', '0', '', '1', '1673'),
('1802', 'Lanta Bio, Préverenges, CH', '0', '', '97', '119'),
('1803', 'Lumberjack, USA', '0', '', '0', '100'),
('1804', 'Morphogene, Preverenges, CH', '0', '', '1', '15'),
('1805', 'Merck, DE', '0', '', '1', '1674'),
('1806', 'Lumberjill, Basel, CH', '0', '', '0', '1675'),
('1807', 'Off. féd. de l''Environnement, Berne-Ittigen', '0', '', '35', '1676'),
('1808', 'Mission HES-SO, Delémont', '0', '', '41', '1677'),
('1809', 'IDHEAP, Chavannes-près-Renens', '0', '', '41', '1678'),
('1810', 'IDHEAP, Université de Lausanne', '0', '', '41', '1679'),
('1811', 'Office fédéral du logement, Granges', '0', '', '35', '1680'),
('1812', 'HEP Lausanne', '0', '', '41', '1681'),
('1813', 'Swisscleantech Association, Bern', '0', '', '50', '1682'),
('1814', 'ARE, Office fédéral du développement territorial, Berne', '0', '', '94', '1683'),
('1815', 'SVIT Swiss Real Estate School SA, Lausanne', '0', '', '41', '1684'),
('1816', 'Schweizerischer Nationalfonds', '0', '', '41', '56'),
('1817', 'Kommission für Technologie und Innovation', '0', '', '35', '45'),
('1818', 'Publica, Berne', '0', '', '42', '1685'),
('1819', 'Swiss Academy of Sciences, Bern', '0', '', '41', '3021'),
('1820', 'Université de Lausanne, faculté de médecine', '0', '', '41', '3046'),
('1821', 'Airbus EADS, France', '0', '', '116', '1686'),
('1822', 'Swedish Research Council, Suède', '0', '', '41', '189'),
('1823', 'Institut Mines-Télécom, France', '0', '', '41', '1687'),
('1824', 'MOLMED, Milan, Italy', '0', '', '97', '1688'),
('1825', 'Fonds National Scientifique Suisse', '0', '', '41', '56'),
('1826', 'Fondation ISREC, Lausanne', '1', '', '27', '3032'),
('1827', 'Fondation Giorgi-Cavaglieri', '1', '', '97', '1689'),
('1828', 'IGH Montpellier', '0', '', '41', '1690'),
('1829', 'Skolkovo Institute of Science & Technology', '0', '', '41', '1691'),
('1830', 'EAMSA', '0', '', '27', '1692'),
('1831', 'Lean Analytical Association', '0', '', '18', '1693'),
('1832', 'Innovation Strategy Center Association', '0', '', '0', '1694'),
('1833', 'AYU Association (no longer active)', '0', '', '0', '1695'),
('1834', 'Powzy', '0', '', '125', '1696'),
('1835', 'Academy of Management', '0', '', '41', '1697'),
('1836', 'Immersive Vision SARL, PSE', '0', '', '78', '1698'),
('1837', 'Nestlé Research, Vevey', '0', '', '38', '101'),
('1838', 'Advanced Silicon SA, Lausanne', '0', '', '87', '1699'),
('1839', 'SNF Bern', '0', '', '41', '56'),
('1840', 'CSSI Bern', '0', '', '35', '1700'),
('1841', 'Fondation Bettencourt, Paris', '1', '', '12', '1701'),
('1842', 'Univ Bern', '0', '', '41', '1702'),
('1843', 'EMBO, Heidelberg', '0', '', '41', '1703'),
('1844', 'Laboratory of Excellence (Labex) INFORM', '0', '', '41', '1704'),
('1845', 'Fondation Jeantet, Genève', '1', '', '3', '105'),
('1846', 'PPUR, Lausanne', '0', '', '48', '1705'),
('1847', 'Springer USA', '0', '', '48', '64'),
('1848', 'Ingenico Paris', '0', '', '78', '1706'),
('1849', 'FNS (Fonds National Suisse)', '0', '', '41', '56'),
('1850', 'DARTFISH', '0', '', '78', '1707'),
('1851', 'VIDINOTI', '0', '', '58', '1708'),
('1852', 'Université IUAV, Italie', '0', '', '41', '1709'),
('1853', 'Secchi-Viganò Studio, Italie', '0', '', '138', '1710'),
('1854', 'Ecole Nationale Supérieure du Paysage, Versailles, France', '0', '', '41', '124'),
('1855', 'Ecole Nationale Supérieure d''architecture et de paysage de Lille, France', '0', '', '41', '124'),
('1856', 'Atelier International du Grand Paris, Paris', '0', '', '45', '1711'),
('1857', 'BG Ingénieurs Conseils, Lausanne', '0', '', '51', '13'),
('1858', 'Aeroport Genève', '0', '', '116', '1712'),
('1859', 'TAG Aviation, Genève', '0', '', '116', '1713'),
('1860', 'Canton de Vaud, Service Immeubles, Patrimoine et Logistique, Lausanne', '0', '', '13', '3088'),
('1861', 'Contour Global, New York, für Methan Extraktion Lake Kivu', '0', '', '31', '1714'),
('1862', 'Journal "Acquatic Sciences"', '0', '', '48', '1715'),
('1863', 'Uni Basel', '0', '', '41', '1716'),
('1864', 'Tahoe Environmental Research Facility, UC Davies', '0', '', '41', '1717'),
('1865', 'EU Commission, Brussels', '0', '', '35', '170'),
('1866', 'EU Commission', '0', '', '35', '170'),
('1867', 'KIST EUROPE, Germany', '0', '', '41', '1718'),
('1868', 'Elsevier, Oxford, UK', '0', '', '129', '61'),
('1869', 'Terratech Group Ltd', '0', '', '107', '1719'),
('1870', 'Monash University, Australia', '0', '', '41', '1720'),
('1871', 'J. Antibiotics, Nature Publisher', '0', '', '48', '1721'),
('1872', 'Beistein J Org Chem, Beilstin Institute, Germany', '0', '', '48', '1722'),
('1873', 'Eur. J. Org. Chem., Wiley', '0', '', '48', '128'),
('1874', 'Asian. J. Org. Chem. Wiley', '0', '', '48', '128'),
('1875', 'Institut de Chimie de Lyon', '0', '', '41', '3132'),
('1876', 'INSA, France', '0', '', '41', '1723'),
('1877', 'Inflamalps, Switzerland', '0', '', '1', '1724'),
('1878', 'Université de Fribourg', '0', '', '41', '3047'),
('1879', 'H2 Energy, Zürich', '0', '', '32', '1725'),
('1880', 'Nutanix Inc. San Jose', '0', '', '78', '1726'),
('1881', 'Typesafe, Inc. Lausanne', '0', '', '78', '159'),
('1882', 'BugBuster SA, Lausanne', '0', '', '78', '1727'),
('1883', 'Midokura, Japan', '0', '', '78', '1728'),
('1884', 'Pensionskasse des Staatspersonals Freiburg', '0', '', '42', '1729'),
('1885', 'Schweizer Wissenschafts- und Innovationsrat', '0', '', '41', '1730'),
('1886', 'Kanton Freiburg', '0', '', '13', '1731'),
('1887', 'Handelsschiedsgericht', '0', '', '143', '1732'),
('1888', 'Eidgenössische Finanzmarktaufsicht FINMA', '0', '', '117', '1733'),
('1889', 'Universität Freiburg', '0', '', '41', '3119'),
('1890', 'Kollegium Gambach', '0', '', '41', '1734'),
('1891', 'Freiburger Spital', '0', '', '5', '1735'),
('1892', 'Atlas Photonics Sàrl', '0', '', '115', '1736'),
('1893', 'Frimorfo S.A.', '0', '', '97', '1737'),
('1894', 'SWANT (Swiss antibodies) SA', '0', '', '1', '1738'),
('1895', 'Hasler Stiftung', '1', '', '78', '1739'),
('1896', 'Unbekannt', '0', '', '0', '1740'),
('1897', 'Universitätskinderklinik Zürich', '0', '', '5', '1741'),
('1898', 'Schweizer Nationalfonds SNF', '0', '', '41', '56'),
('1899', 'Krebsliga Schweiz', '0', '', '6', '1742'),
('1900', 'LS Instruments AG', '0', '', '87', '1743'),
('1901', 'Eidgenössische Kommunikationskommission', '0', '', '23', '1744'),
('1902', 'Centris AG', '0', '', '78', '1745'),
('1903', 'eTorrent GmbH', '0', '', '78', '1746'),
('1904', 'Stiftung Rechenzentrum für Krankenversicherung', '0', '', '88', '1747'),
('1905', 'Exelsis Business Technology AG', '0', '', '78', '1748'),
('1906', 'Cloetta Stiftung', '1', '', '41', '1749'),
('1907', 'Berner Radium-Stiftung', '1', '', '3', '1750'),
('1908', 'Janser Krebs-Stiftung', '1', '', '3', '1751'),
('1909', 'SWAN Isotopen AG', '0', '', '97', '1752'),
('1910', 'Bernische Stiftung für krebskranke Kinder und Jugendliche', '1', '', '6', '1753'),
('1911', 'Ronald McDonald Stiftung', '1', '', '102', '17'),
('1912', 'Schweizerische Gesellschaft für allgemeine innere Medizin', '0', '', '4', '3134'),
('1913', 'Securitas AG', '0', '', '72', '1754'),
('1914', 'International School of Bern', '0', '', '28', '3096'),
('1915', 'SITEM', '0', '', '4', '1755'),
('1916', 'Fondazione Neuroscienze Ticino', '1', '', '27', '1756'),
('1917', 'Fondazione Eccles', '1', '', '41', '1757'),
('1918', 'Spital Thun AG', '0', '', '5', '1758'),
('1919', 'Unitectra', '0', '', '18', '95'),
('1920', 'GESIS Leibniz Institut', '0', '', '41', '1759'),
('1921', 'Jakob und Werner Wyler-Stiftung Zürich', '1', '', '103', '1760'),
('1922', 'Jubiläumsstiftung Mobiliar', '1', '', '12', '99'),
('1923', 'Kunstmuseum Bern', '0', '', '44', '1762'),
('1924', 'ub-invent GmbH', '0', '', '9', '1763'),
('1925', 'SWITCH', '0', '', '78', '1764'),
('1926', 'Fachhochschule Kalaidos', '0', '', '41', '1765'),
('1927', 'ITI Stiftung Basel', '1', '', '41', '1766'),
('1928', 'Osteology Stiftung Luzern', '1', '', '4', '1767'),
('1929', 'Kursaal Bern AG', '0', '', '60', '1768'),
('1930', 'Insula Stiftung', '1', '', '41', '1769'),
('1931', 'Forschungsstiftung Genaxen', '1', '', '27', '1770'),
('1932', 'CAScination AG', '0', '', '9', '1771'),
('1933', 'Ruth & Arthur Scherbarth Stiftung, Bern', '1', '', '12', '1772'),
('1934', 'Fondazione Epatocentro Ticino, Lugano', '1', '', '41', '1773'),
('1935', 'Mobiliar Genossenschaft', '0', '', '57', '99'),
('1936', 'Universita della Svizzera Italiana', '0', '', '41', '139'),
('1937', 'Foundation of Talents', '1', '', '65', '194'),
('1938', 'PH Bern, Schulrat', '0', '', '41', '1774'),
('1939', 'Study Center Gerzensee', '0', '', '27', '1775'),
('1940', 'SWISSENDOS Stiftungsrat', '1', '', '9', '1776'),
('1941', 'Stiftung für Leberkrankheiten', '1', '', '6', '1777'),
('1942', 'Stiftung gegen Leberkrebs', '1', '', '3', '1778'),
('1943', 'SNF Forschungsrat', '0', '', '41', '1779'),
('1944', 'Krebsforschung Schweiz', '0', '', '3', '1780'),
('1945', 'Berger-Janser-Stiftung, Bern', '1', '', '3', '1781'),
('1946', 'Board Member, Global Trade Analysis Project', '0', '', '41', '1782'),
('1947', 'Board Member, Institute for Int''l & Development Econ.', '0', '', '41', '1783'),
('1948', 'Board Member, European Trade Study Group', '0', '', '41', '1784'),
('1949', 'Rehaklinik Heiligenschwendi', '0', '', '5', '97'),
('1950', 'Jean-Pierre Miéville-Stiftung', '1', '', '27', '1785'),
('1951', 'Stiftung Charles Neuhaus Biel', '1', '', '63', '1786'),
('1952', 'Jaberg-Stiftung', '1', '', '63', '1787'),
('1953', 'PET-AG Bern', '0', '', '4', '1788'),
('1954', 'Stiftung-Sammlung Schweizer Rechtsquellen', '1', '', '0', '1789'),
('1955', 'Moser-Nef-Stiftung', '1', '', '41', '1790'),
('1956', 'Stiftung Schloss Spiez', '1', '', '63', '3102'),
('1957', 'Albrecht-von-Haller-Stiftung der Burgergemeinde Bern', '1', '', '27', '1791'),
('1958', 'Ostschweizerische Finanzholding AG', '0', '', '107', '1792'),
('1959', 'Spirit of Bern: wiss. Beirat', '0', '', '12', '1793'),
('1960', 'Schweizerische Stiftung für Alkoholforschung SSA', '1', '', '3', '1794'),
('1961', 'Stiftung Papavramidès', '1', '', '27', '1795'),
('1962', 'Fondation Gustave Dubois als Vertretung der RW Fak.', '0', '', '27', '188'),
('1963', 'Schweizerische Theatersammlung', '0', '', '44', '1796'),
('1964', 'Seniorenuniversität Bern', '0', '', '41', '1797'),
('1965', 'Stiftung für Rechtsausbildung Luzern', '1', '', '27', '1798'),
('1966', 'A. Peneveyre SA', '0', '', '52', '1799'),
('1967', 'Fondation A. Peneveyre SA', '0', '', '42', '1800'),
('1968', 'Brandinvest AG, Verwaltungsrat', '0', '', '107', '1801'),
('1969', 'Stiftung Haus der Universität Bern', '1', '', '27', '190'),
('1970', 'Bayer Wartmann AG', '0', '', '0', '1802'),
('1971', 'Convida', '0', '', '57', '1803'),
('1972', 'Walder', '0', '', '92', '1804'),
('1973', 'Albert-Heim-Stiftung', '1', '', '44', '1805'),
('1974', 'Schweizerischer Nationalfonds, Stiftungsrat', '1', '', '41', '56'),
('1975', 'Synthena AG', '0', '', '1', '1806'),
('1976', 'Verein Euresearch', '0', '', '41', '1807'),
('1977', 'VR Verkehrsbetriebe Biel', '0', '', '33', '1808'),
('1978', 'OLZ & Partners', '0', '', '121', '1809'),
('1979', 'Stiftung Archiv für schweizerisches Abgaberecht', '1', '', '63', '1810'),
('1980', 'Vereinsvorstand BEWEST (Weiterbildungsverein)', '0', '', '41', '1811'),
('1981', 'Curt Rommel Stiftung', '1', '', '27', '162'),
('1982', 'Rat für Raumordnung', '0', '', '13', '1812'),
('1983', 'Stiftung Tierärztliche Hochschule Hannover', '1', '', '27', '1813'),
('1984', 'Ionight', '0', '', '78', '1814'),
('1985', 'Katharina Huber-Steiner Stiftung', '1', '', '27', '1815'),
('1986', 'Stiftung Kinderbetreuung im Hochschulraum Bern KIHOB', '1', '', '102', '3103'),
('1987', 'Forum du Bilinguisme Bienne', '0', '', '63', '1816'),
('1988', 'Stiftung Diaconis Bern', '1', '', '73', '3069'),
('1989', 'Stiftung für klinisch-experimentelle Tumorforschung Bern', '1', '', '41', '1817'),
('1990', 'Berner Diabetes Gesellschaft', '0', '', '6', '1818'),
('1991', 'Berner Diabetes Stiftung', '1', '', '3', '1819'),
('1992', 'Fondazione Ettore e Valeria Rossi', '0', '', '102', '1820'),
('1993', 'Alterniity GmbH', '0', '', '97', '1821'),
('1994', 'CCMT', '0', '', '9', '1822'),
('1995', 'Medical Cluster', '0', '', '1', '1823'),
('1996', 'Genossenschaft basecamp4hightech (bc4ht)', '0', '', '23', '1824'),
('1997', 'Stiftung für technologische Innovation - STI', '1', '', '59', '1825'),
('1998', 'Centre of Continuing Dental Education AG', '0', '', '41', '1826'),
('1999', 'Stiftung Haus der Universität Bern', '1', '', '27', '190'),
('2000', 'Stiftung Mensabetriebe der Universität Bern', '1', '', '60', '1827'),
('2001', 'Stiftung Sozialkasse der Universität Bern', '1', '', '12', '1828'),
('2002', 'Verein Berner Studentenlogierhäuser VBSL', '0', '', '19', '1829'),
('2003', 'innoBE AG', '0', '', '18', '1830'),
('2004', 'Campus Muristalden AG', '0', '', '28', '1831'),
('2005', 'Rochester Bern Foundation Board', '0', '', '41', '1832'),
('2006', 'Jacob Burckhardt-Stiftung', '1', '', '63', '1833'),
('2007', 'Yde Foundation Kopenhagen', '0', '', '4', '1834'),
('2008', 'Hans-Sigrist-Stiftung', '1', '', '27', '174'),
('2009', 'Dr. Josef Steiner Cancer Research Foundation, Präsident', '0', '', '3', '1835'),
('2010', 'Bretscher Stiftung', '1', '', '41', '1836'),
('2011', 'Kiefer Hablitzel Stiftung', '1', '', '63', '1837'),
('2012', 'CIHA', '0', '', '0', '1838'),
('2013', 'Universität Bern, Forschungsstiftung', '1', '', '41', '3116'),
('2014', 'Mitglied Hochschulrat Leipzig', '0', '', '41', '1839'),
('2015', 'Novartis, Forschungsstiftung', '1', '', '1', '41'),
('2016', 'Fondation pour la recherche Lausanne', '0', '', '41', '3033'),
('2017', 'Jakob Spreng AG', '0', '', '107', '1840'),
('2018', 'Guggenheim-Stiftung für Geschichte der Medizin', '1', '', '41', '1841'),
('2019', 'Stiftung Dr. Ed. Müller, Beromünster', '1', '', '63', '1842'),
('2020', 'Paul- und Johanna Röthlisberger-Schmid-Stiftung', '1', '', '27', '1843'),
('2021', 'Fondation Gustave Dubois', '0', '', '27', '188'),
('2022', 'Psychiatrie-Museum Bern', '0', '', '44', '185'),
('2023', 'phw bern', '0', '', '41', '1844'),
('2024', 'Nachhaltigkeitsbeirat Swisscanto', '0', '', '91', '1845'),
('2025', 'Johanna Dürmüller-Bol Stiftung', '1', '', '12', '1846'),
('2026', 'Psychiatriemuseum Bern', '0', '', '44', '185'),
('2027', 'Stiftung für die Forschung in Anästhesie und Intensivmedizin', '1', '', '41', '1847'),
('2028', 'Spital-Management Bern AG', '0', '', '5', '1848'),
('2029', 'Übergangsrat der UPD', '0', '', '5', '1849'),
('2030', 'SWANtec Holding AG', '0', '', '107', '1850'),
('2031', 'SWAN Hadron AG', '0', '', '9', '1851'),
('2032', 'Stiftung Universität und Gesellschaft', '1', '', '27', '3070'),
('2033', 'Stiftung Swiss School of Public Health plus (SSPH)', '1', '', '41', '158'),
('2034', 'Fondation pour la recherche dans le cadre de l''Etude Suisse de Cohorte VIH', '0', '', '41', '3034'),
('2035', 'Schweizerische Akademie der Medizinischen Wissenschaften (SAMW)', '0', '', '4', '3125'),
('2036', 'Schweizer Tanzarchiv', '0', '', '63', '1852'),
('2037', 'Büro Vatter AG', '0', '', '18', '1853'),
('2038', 'Dr. A. Bretscher Stiftung', '1', '', '27', '1854'),
('2039', 'Stiftung CCMT', '1', '', '9', '1855'),
('2040', 'European Cardiovascular Research Institute (ECRI), Aufsichtsrat', '0', '', '41', '1856'),
('2041', 'Kardiologie Interlaken - Unterseen AG, Verwaltungsrat', '0', '', '4', '1857'),
('2042', 'Paracelsus-Spital Richterswil, ZH', '0', '', '5', '1858'),
('2043', 'Haag Streit Stiftung', '1', '', '3', '1859'),
('2044', 'Hans Goldmann Stiftung', '1', '', '5', '1860'),
('2045', 'Major und Feller Stiftung', '1', '', '0', '1861'),
('2046', 'Curt Rommel-Stiftung (Grundauftrag)', '1', '', '27', '162'),
('2047', 'Strassen- und Kanalisationsgenossenschaft Badweidli', '0', '', '51', '1862'),
('2048', 'Reykjavik University', '0', '', '41', '1863'),
('2049', 'TWZ GmbH', '0', '', '0', '1864'),
('2050', 'St. Galler Kantonalbank AG', '0', '', '16', '1865'),
('2051', 'Neue Bank AG', '0', '', '16', '5'),
('2052', 'Algofin AG', '0', '', '18', '1866'),
('2053', 'Nationaler Geistiger Rat der Bahá''í der Schweiz', '0', '', '103', '1867'),
('2054', 'ASG Strategy Group AG', '0', '', '18', '1868'),
('2055', 'Leibniz-Informationszentrum Wirtschaft', '0', '', '41', '1869'),
('2056', 'Marie Heim-Vögtlin-Programm des Schweizerischen Nationalfonds, Abteilung Geistes- und Sozialwissenschaften', '0', '', '41', '1870'),
('2057', 'CID GmbH', '0', '', '78', '1871'),
('2058', 'Crosswalk AG', '0', '', '18', '1872'),
('2059', 'Starrag', '0', '', '87', '1873'),
('2060', 'Olma Messen St. Gallen', '0', '', '85', '26'),
('2061', 'Création Baumann', '0', '', '101', '1874'),
('2062', 'Heidiland Tourismus AG', '0', '', '60', '1875'),
('2063', 'equia AG, Zürich', '0', '', '18', '1876'),
('2064', 'Zeitschrift für Corporate Governance (ZCG)', '0', '', '48', '3038'),
('2065', 'Zeitschrift "Betriebs-Berater" (BB)', '0', '', '48', '1877'),
('2066', 'Prager Dreifuss AG', '0', '', '58', '1878'),
('2067', 'Bergbahnen Disentis', '0', '', '33', '10'),
('2068', 'SBB Forschungsfonds', '0', '', '41', '515'),
('2069', 'ITMC AG', '0', '', '78', '1880'),
('2070', 'Landesregierung Vorarlberg', '0', '', '13', '1881'),
('2071', 'ITMP AG', '0', '', '18', '1882'),
('2072', 'Verband der Schweizerischen Kantonalbanken', '0', '', '16', '168'),
('2073', 'World Bank', '0', '', '16', '1883'),
('2074', 'KfW Development Bank', '0', '', '16', '1884'),
('2075', 'ResponsAbility', '0', '', '107', '1885'),
('2076', 'Departement für Entwicklungshilfe und -zusammenarbeit DEZA', '0', '', '68', '1886'),
('2077', 'European Fund for Southeast Europe (EFSE)', '0', '', '68', '1887'),
('2078', 'Energy factory', '0', '', '18', '1888'),
('2079', 'Schweizer Kaderorganisation SKO', '0', '', '59', '1889'),
('2080', 'Deutsche Gesellschaft für Personalführung DGFP', '0', '', '59', '1890'),
('2081', 'Das Demographienetzwerk ddn', '0', '', '12', '1891'),
('2082', 'Wettbewerbskommission', '0', '', '117', '1892'),
('2083', 'Deutscher Bundestag', '0', '', '35', '1893'),
('2084', 'Paradigm Capital Partners', '0', '', '107', '1894'),
('2085', 'Behavioural Finance Solutions GmbH', '0', '', '78', '1895'),
('2086', 'Fachhochschule Nordwestschweiz', '0', '', '41', '1896'),
('2087', 'Brenzinger Grundstücksverwaltungs KG', '0', '', '19', '1897'),
('2088', 'oekom Research AG', '0', '', '107', '1898'),
('2089', 'SQS Software Quality Systems (Schweiz) AG', '0', '', '18', '1899'),
('2090', 'BSL Lausanne', '0', '', '41', '1900'),
('2091', 'Gemeinnützliches Projekt für erneuerbare Energien "SunRaisers"', '0', '', '32', '1901'),
('2092', 'oikos Konstanz', '0', '', '41', '1902'),
('2093', 'Verwaltungsgericht Zürich', '0', '', '143', '1903'),
('2094', 'Staatsgerichtshof des Fürstentums Liechtenstein', '0', '', '143', '18'),
('2095', 'Kanton St.Gallen', '0', '', '13', '1904'),
('2096', 'Österreichische Akademie der Wissenschaften', '0', '', '27', '1905'),
('2097', 'Stiftung für Schweizerische Rechtspflege', '1', '', '143', '1906'),
('2098', 'University of the Free State', '0', '', '41', '3112'),
('2099', 'Schweizerische Vereinigung für Politikwissenschaft', '0', '', '41', '1907'),
('2100', 'Raiffeisen Diepoldsau-Schmitter', '0', '', '16', '1908'),
('2101', 'European Marketing Academy EMAC', '0', '', '41', '1909'),
('2102', 'AbsolventUM', '0', '', '41', '1910'),
('2103', 'Sound Leadership LLC', '0', '', '18', '1911'),
('2104', 'Mobiliar Genossenschaft Holding', '0', '', '57', '99'),
('2105', 'Hoval Holding / Interhoval AG', '0', '', '87', '35'),
('2106', 'Coresystems AG', '0', '', '78', '85'),
('2107', 'Qipp AG - ETH Spin-off', '0', '', '78', '1912'),
('2108', 'Dacuda AG - ETH Spin-off ', '0', '', '78', '23'),
('2109', 'UCTec Beteilungsgesellschaft AG', '0', '', '107', '24'),
('2110', 'Bundesamt für Statistik', '0', '', '35', '3091'),
('2111', 'SEW-HSG', '0', '', '41', '1913'),
('2112', 'Schweiz. Gesellschaft für Volkswirtschaft und Statistik', '0', '', '23', '1914'),
('2113', 'Schwyzer Kantonalbank', '0', '', '16', '1915'),
('2114', 'R&M Immobilien AG', '0', '', '19', '3004'),
('2115', 'Löwetz Immobilien AG', '0', '', '19', '1916'),
('2116', 'NeueBank AG', '0', '', '16', '5'),
('2117', 'Schuh & Co.', '0', '', '18', '1917'),
('2118', 'RUAG', '0', '', '95', '1918'),
('2119', 'EMBA', '0', '', '41', '1919'),
('2120', 'SMBS', '0', '', '41', '1920'),
('2121', 'Universität Salzburg', '0', '', '41', '1921'),
('2122', 'CUREM', '0', '', '41', '1922'),
('2123', 'EBS Universität', '0', '', '41', '1923'),
('2124', 'Swiss&Global', '0', '', '121', '1924'),
('2125', 'Creative Hub', '0', '', '23', '1925'),
('2126', 'CTI-Entrepreneurship', '0', '', '23', '1926'),
('2127', 'FHS St. Gallen', '0', '', '41', '86'),
('2128', 'Alexander von Humboldt Institut für Internet & Society', '0', '', '27', '68'),
('2129', 'Avatarion Technology', '0', '', '78', '1927'),
('2130', 'BGW Management Advisory Group', '0', '', '18', '1928'),
('2131', 'BMI-Lab', '0', '', '41', '1929'),
('2132', 'Economiesuisse', '0', '', '23', '34'),
('2133', 'GLORAD', '0', '', '41', '1930'),
('2134', 'Hoffmann Neopac', '0', '', '61', '1931'),
('2135', 'Zühlke', '0', '', '18', '1932'),
('2136', 'Dietmar Grichnik Entrepreneurial Management GmbH', '0', '', '18', '1933'),
('2137', 'Scienovation', '0', '', '23', '1934'),
('2138', 'Particulate', '0', '', '0', '1935'),
('2139', 'Stiftung Social Funders', '1', '', '68', '1936'),
('2140', 'Swiss Startup Monitor Stiftung', '1', '', '23', '38'),
('2141', 'Akkreditierungsagentur FIBAA', '0', '', '117', '1937'),
('2142', 'Schweizerischen Juristenvereins', '1', '', '59', '39'),
('2143', 'Unabhängige Expertenkommission "Administrative Zwangsmassnahmen"', '0', '', '117', '1938'),
('2144', 'Zürichsee Landschaftsschutz ZSL', '0', '', '54', '1939'),
('2145', 'Konzert und Theater St. Gallen', '0', '', '44', '1940'),
('2146', 'Schweizerische Gesellschaft für Theaterkultur', '0', '', '63', '3135'),
('2147', 'University of Gothenburg', '0', '', '41', '1941'),
('2148', 'Hochschule für Wirtschaft Zürich', '0', '', '41', '1942'),
('2149', 'Johannes Gutenberg-Universität Mainz', '0', '', '41', '1943'),
('2150', 'Singapore Management University', '0', '', '41', '1944'),
('2151', 'HSG Symposium', '0', '', '41', '1945'),
('2152', 'Percipe GmbH', '0', '', '18', '1946'),
('2153', 'International Forum on Sustainable Value Chains ISVC', '0', '', '41', '1947'),
('2154', 'Inneco AG (link)', '0', '', '18', '1948'),
('2155', 'Kommission für Technologie und Innovation', '0', '', '35', '45'),
('2156', 'ETH Entrepreneur Club', '0', '', '59', '1949'),
('2157', 'Swiss Energy and Climate Summit', '0', '', '91', '1950'),
('2158', 'Swiss Start-up Monitor', '0', '', '23', '38'),
('2159', 'Leadership & Endurance AG', '0', '', '18', '1951'),
('2160', 'IARDA GmbH', '0', '', '18', '1952'),
('2161', 'Swiss Informatics Research Association', '0', '', '41', '1953'),
('2162', 'Haas Food Equipment GmbH', '0', '', '87', '1954'),
('2163', 'Stratwin AG', '0', '', '18', '1955'),
('2164', 'Oy Halton Group Ltd', '0', '', '52', '1956'),
('2165', 'Hügli AG', '0', '', '38', '1957'),
('2166', 'Helvetia AG', '0', '', '57', '33'),
('2167', 'New Europe College', '1', '', '41', '1958'),
('2168', 'Center for Advanced Studies', '1', '', '41', '1959'),
('2169', 'Swiss GAAP FER', '0', '', '0', '1960'),
('2170', 'Schweizer Bund', '0', '', '35', '1961'),
('2171', 'Ivoclar Vivadent AG', '0', '', '9', '1962'),
('2172', 'RBA-Bankengruppe', '0', '', '16', '1963'),
('2173', 'Schweizer Treuhänder', '0', '', '58', '1964'),
('2174', 'KoR Zeitschrift für internationale und kapitalmarktorientierte Rechnungslegung', '0', '', '48', '1965'),
('2175', 'United Digital Group UDG', '0', '', '18', '1966'),
('2176', 'Universität Kassel', '0', '', '41', '3121'),
('2177', 'EU', '0', '', '35', '1967'),
('2178', 'EQT', '0', '', '107', '1968'),
('2179', 'Volkswagen', '0', '', '26', '1969'),
('2180', 'High Tech Gründerfonds', '0', '', '107', '1970'),
('2181', 'Pädagogische Hochschule St.Gallen', '0', '', '41', '3127'),
('2182', 'BEG & Partners', '0', '', '18', '55'),
('2183', 'AtlanticLux Lebensversicherung S.A.', '0', '', '57', '1971'),
('2184', 'Premiumselect Lux S.A.', '0', '', '121', '1972'),
('2185', 'joixes AG', '0', '', '78', '1973'),
('2186', 'International Group of Controlling IGC', '0', '', '59', '1974'),
('2187', 'Bundesanzeiger Verlag', '0', '', '48', '1975'),
('2188', 'Center for Performance Research & Analytics CEPRA', '0', '', '41', '1976'),
('2189', 'Vahlen Verlag', '0', '', '129', '1977'),
('2190', 'The Performance Management Company PMC GmbH', '0', '', '18', '1978'),
('2191', 'Infrastruktur SK', '0', '', '0', '1979'),
('2192', 'IBEF GmbH', '0', '', '78', '1980'),
('2193', 'Hydropower Solutions GmbH', '0', '', '123', '1981'),
('2194', 'Think Tank Thurgau', '0', '', '45', '1982'),
('2195', 'Timor Foundation', '1', '', '12', '1983'),
('2196', 'Industry Intelligence GmbH', '0', '', '18', '1984'),
('2197', 'Promerit Holding AG', '0', '', '18', '1985'),
('2198', 'Promerit Management Consulting AG', '0', '', '18', '1986'),
('2199', 'Virtuell Bau Holding, St.Gallen', '0', '', '19', '1987'),
('2200', 'UEC gemeinnützige GmbH', '0', '', '27', '1988'),
('2201', 'Hochschule Esslingen', '0', '', '41', '1989'),
('2202', 'Startfeld Diamant', '0', '', '23', '12'),
('2203', 'Förderkreis Gründungsforschung FGF e.V.', '0', '', '41', '1990'),
('2204', 'Clairfield International GmbH, Frankfurt/Main', '0', '', '18', '1991'),
('2205', 'MÖRK GmbH & Co. KG, Leonberg', '0', '', '51', '1992'),
('2206', 'Memo St.Gallen GmbH', '0', '', '18', '1993'),
('2207', 'Rechtsanwaltskanzlei ME Advocat AG', '0', '', '58', '1994'),
('2208', 'Fliegerschule St.Gallen-Altenrhein', '0', '', '116', '1995'),
('2209', 'ME Advocat AG', '0', '', '58', '1996'),
('2210', 'Nussbaum Gruppe', '0', '', '87', '1997'),
('2211', 'Ebnat AG, Ebna', '0', '', '87', '1998'),
('2212', 'Peka Pinselfabrik AG', '0', '', '52', '1999'),
('2213', 'Finanzmarktaufsicht Liechtenstein', '0', '', '117', '3037'),
('2214', 'Board Foundation', '1', '', '41', '177'),
('2215', 'BTV Leasing Schweiz AG', '0', '', '107', '2000'),
('2216', 'Ricola Familienholding AG', '0', '', '38', '2001'),
('2217', 'Master of Law and Economics', '1', '', '0', '2002'),
('2218', 'Verein Katholisches Akademikerhaus/Katholisches Studentenhaus', '0', '', '103', '2003'),
('2219', 'St. Gallen Symposium', '0', '', '41', '2004'),
('2220', 'Peter Werhahn-Preis', '0', '', '41', '2005'),
('2221', 'Schweizerische Gesellschaft für Organisation SGO', '0', '', '41', '3136'),
('2222', 'Zeitschrift für Management', '0', '', '48', '3039'),
('2223', 'Zeitschrift "Die Unternehmung"', '0', '', '48', '2006'),
('2224', 'M&A Review', '0', '', '48', '2007'),
('2225', 'EGT AG', '0', '', '29', '2008'),
('2226', 'Elbet AG', '0', '', '87', '2009'),
('2227', 'Stiftung Kinderdorf Pestalozzi', '1', '', '68', '2010'),
('2228', 'MPM Market Performance Management St. Gallen AG', '0', '', '18', '2011'),
('2229', 'HSG Stiftung', '1', '', '41', '37'),
('2230', 'BEG Business Engineering Group AG', '0', '', '18', '2012'),
('2231', 'BEG & Partners AG', '0', '', '18', '55'),
('2232', 'BEG Management AG', '0', '', '18', '2013'),
('2233', 'International School Schaffhausen ISSH', '1', '', '28', '3097'),
('2234', 'IST Funds Swiss Healthcare Loans', '0', '', '42', '2014'),
('2235', 'IHK Industrie- und Handelskammer Thurgau', '0', '', '59', '2015'),
('2236', 'Startnetzwerk Thurgau', '0', '', '23', '2016'),
('2237', 'Migros', '0', '', '92', '182'),
('2238', 'McOptik', '0', '', '92', '2017'),
('2239', 'Otto''s', '0', '', '92', '2018'),
('2240', 'Raiffeisen Schweiz', '0', '', '16', '1908'),
('2241', 'Norwegian Business School', '0', '', '41', '2020'),
('2242', 'Selbständig', '0', '', '0', '79'),
('2243', 'Detecon (Schweiz) AG', '0', '', '18', '2021'),
('2244', 'Schweizer Paraplegiker Stiftung', '1', '', '15', '78'),
('2245', 'Schweizer Paraplegiker Forschung', '0', '', '15', '78'),
('2246', 'Compass Alters- und Pflegeverein', '0', '', '73', '2022'),
('2247', 'Staatsgerichtshof, Fürstentum Liechtenstein', '0', '', '143', '18'),
('2248', 'Gemeinde Speicher AR', '0', '', '106', '2023'),
('2249', 'Schweizerischer Juristenverein', '0', '', '59', '39'),
('2250', 'St. Galler Juristenverein', '0', '', '59', '2024'),
('2251', 'Schweizerische Armee, Armeestab', '0', '', '111', '71'),
('2252', 'Evangelisch-reformierte Landeskirche beider Appenzell', '0', '', '103', '2025'),
('2253', 'Evangelisch-reformierte Kirche des Kantons St. Gallen', '0', '', '103', '2026'),
('2254', 'Peter Häberle-Stiftung an der Universität St. Gallen', '1', '', '27', '2027'),
('2255', 'Zunft zur Meisen (Zürich)', '0', '', '59', '2028'),
('2256', 'European Group of Risk and Insurance Economist EGRIE', '0', '', '41', '2029'),
('2257', 'I.VW-Forschungskreis', '0', '', '41', '2030'),
('2258', 'Genossenschaft Migros Ostschweiz', '0', '', '92', '2031'),
('2259', 'Selectchemie AG', '0', '', '115', '2032'),
('2260', 'ALID AG', '0', '', '107', '2033'),
('2261', 'Karl Bubenhofer AG', '0', '', '52', '2034'),
('2262', 'Farby KABE Polska GmbH', '0', '', '52', '2035'),
('2263', 'Kantonsschule am Brühl in St.Gallen', '0', '', '41', '2036'),
('2264', 'Albert-Ludwigs-University', '0', '', '41', '2037'),
('2265', 'Universität Liechtenstein', '0', '', '41', '2038'),
('2266', 'thurmed AG / Spital Thurgau', '0', '', '5', '2039'),
('2267', 'Schweizerische Gesellschaft für Marketing', '0', '', '125', '3137'),
('2268', 'Ammarkt', '0', '', '18', '2040'),
('2269', 'IT Management Partner St. Gallen AG', '0', '', '18', '2041'),
('2270', 'EXIST – Existenzgründungen aus der Wissenschaft', '0', '', '59', '2042'),
('2271', 'Forum BGM – Betriebliches Gesundheitsmanagement Ostschweiz', '0', '', '3', '2043'),
('2272', 'University of Western Australia Business School', '0', '', '41', '2044'),
('2273', 'Schweizer Armee', '0', '', '111', '71'),
('2274', 'Schärer Rechtsanwälte', '0', '', '58', '2045'),
('2275', 'Deutsches Forschungsinstitutes für öffentliche Verwaltung', '0', '', '41', '2046'),
('2276', 'Schweizerische Gesellschaft für Organisation', '1', '', '41', '3136'),
('2277', 'Schweizerische Vereinigung für Führungsausbildung', '0', '', '59', '2047'),
('2278', 'Trust Management Institut e.V.', '0', '', '18', '2048'),
('2279', 'FINT, First international Network of Trust Research', '0', '', '41', '2049'),
('2280', 'BTiO GmbH', '0', '', '18', '2050'),
('2281', 'International Society for Business, Ethics and Economics ISBEE', '0', '', '23', '2051'),
('2282', 'Business Ethics Journal Review', '0', '', '48', '2052'),
('2283', 'Brot für alle', '1', '', '68', '2053'),
('2284', 'Foundation for Responsible Leadership', '1', '', '12', '2054'),
('2285', 'Business and Human Rights Journal', '0', '', '48', '2055'),
('2286', 'Konzernverantwortungsinitiative', '0', '', '12', '2056'),
('2287', 'Welz AG', '0', '', '52', '2057'),
('2288', 'Hasler Transport AG', '0', '', '36', '2058'),
('2289', 'Tisca Tiara AG', '0', '', '101', '2059'),
('2290', 'Franz Haniel & Cie. GmbH', '0', '', '107', '2060'),
('2291', 'Bertarelli Foundation', '1', '', '41', '2061'),
('2292', 'Carigest SA', '0', '', '12', '2062'),
('2293', 'Constellium', '0', '', '87', '96'),
('2294', 'Debiopharm', '0', '', '1', '2063'),
('2295', 'Defitech', '0', '', '27', '2064'),
('2296', 'EOS Holding', '0', '', '107', '2065'),
('2297', 'Ferring Pharmaceuticals', '0', '', '1', '2066'),
('2298', 'Firmenich', '0', '', '115', '173'),
('2299', 'Gandur', '1', '', '63', '2067'),
('2300', 'Gaznat', '0', '', '29', '2068'),
('2301', 'Intel', '0', '', '78', '2069'),
('2302', 'IRP', '1', '', '3', '2070'),
('2303', 'ISREC', '1', '', '41', '2071'),
('2304', 'Julia Jacobi', '0', '', '41', '2072'),
('2305', 'Kristian Gerhard Jebsen', '1', '', '12', '2073'),
('2306', 'Landolt & Cie', '0', '', '16', '2074'),
('2307', 'Latour', '0', '', '63', '2075'),
('2308', 'Medtronic', '0', '', '9', '2076'),
('2309', 'Merck Serono', '0', '', '97', '2077'),
('2310', 'Mobiliar', '0', '', '57', '99'),
('2311', 'Nano-Tera', '0', '', '61', '2078'),
('2312', 'Nestle', '0', '', '38', '101'),
('2313', 'Patek Philippe', '0', '', '130', '2079'),
('2314', 'Petrosvibri', '0', '', '31', '2080'),
('2315', 'Die Post', '0', '', '36', '2081'),
('2316', 'PX Group', '0', '', '130', '2082'),
('2317', 'Richemont', '0', '', '96', '2083'),
('2318', 'Sandoz', '1', '', '1', '103'),
('2319', 'Swiss Finance Institute SFI', '1', '', '41', '169'),
('2320', 'Swissquote', '0', '', '16', '2084'),
('2321', 'Unigestion', '0', '', '121', '2085'),
('2322', 'Albert Lück', '1', '', '27', '104'),
('2323', 'Alpiq', '0', '', '29', '582'),
('2324', 'Alstom', '0', '', '61', '988'),
('2325', 'AXA Research Fund', '1', '', '41', '2088'),
('2326', 'Axpo', '0', '', '29', '2089'),
('2327', 'BKW', '0', '', '29', '107'),
('2328', 'CKW', '0', '', '29', '2090'),
('2329', 'Donatoren Strategischer Fonds, ETH Zürich Foundation', '1', '', '27', '112'),
('2330', 'Donatoren Strategischer Fonds, ETH Zürich Foundation', '1', '', '27', '112'),
('2331', 'EKZ', '0', '', '29', '2091'),
('2332', 'EWZ', '0', '', '29', '110'),
('2333', 'FIFA', '0', '', '65', '32'),
('2334', 'First Advisory Group', '0', '', '121', '2092'),
('2335', 'Hocoma', '0', '', '9', '2093'),
('2336', 'Holcim', '0', '', '51', '109'),
('2337', 'Helmut Horten Stiftung', '1', '', '12', '127'),
('2338', 'Kühne', '1', '', '41', '2094'),
('2339', 'Mäxi', '1', '', '12', '2095'),
('2340', 'Misrock', '1', '', '27', '40'),
('2341', 'Philips Schweiz AG', '0', '', '87', '93'),
('2342', 'Rahn & Bodmer', '0', '', '16', '3'),
('2343', 'René und Susanne-Braginsky', '1', '', '12', '145'),
('2344', 'Hoffmann-La Roche Ltd.', '0', '', '1', '142'),
('2345', 'SABIC', '0', '', '115', '2096'),
('2346', 'Siemens Building Technologies', '0', '', '61', '2097'),
('2347', 'Sika', '0', '', '115', '117'),
('2348', 'SVGW', '0', '', '122', '2098'),
('2349', 'Swiss Re', '0', '', '57', '36'),
('2350', 'Syngenta', '0', '', '97', '118'),
('2351', 'VSA', '0', '', '54', '2099'),
('2352', 'Werner Siemens', '1', '', '27', '49'),
('2353', 'Wilhelm Schulthess', '1', '', '5', '50'),
('2354', 'Z Zurich', '1', '', '12', '120'),
('2355', 'Fondazione per la ricerca e lo sviluppo dell’USI', '1', '', '27', '121'),
('2356', 'Fondazione per le Facoltà di Lugano dell’USI', '1', '', '27', '51'),
('2357', 'ADIUVARE', '1', '', '12', '2100'),
('2358', 'Augusto Gallera', '0', '', '0', '2101'),
('2359', 'Banca del Ceresio', '1', '', '16', '2102'),
('2360', 'Banca della Svizzera Italiana', '0', '', '16', '2103'),
('2361', 'COMEL', '1', '', '0', '2104'),
('2362', 'Coromande', '1', '', '0', '2105'),
('2363', 'Corriere del Ticino', '1', '', '48', '2106'),
('2364', 'Dorina Guidotti', '0', '', '0', '2107'),
('2365', 'ESOF', '1', '', '41', '2108'),
('2366', 'Fidinam', '1', '', '58', '2109'),
('2367', 'Fondazione del Ceresio', '1', '', '12', '2110'),
('2368', 'Fondazione per lo studio delle malattie neurodegenerative', '1', '', '41', '2111'),
('2369', 'Fondi di compensazione AVS', '1', '', '56', '2112'),
('2370', 'Gelu', '1', '', '19', '2113'),
('2371', 'GGG', '1', '', '12', '2114'),
('2372', 'Gurta SA', '0', '', '61', '2115'),
('2373', 'Gurten & Jauch', '0', '', '0', '2116'),
('2374', 'Gustav & Ruth Jacob', '1', '', '27', '2117'),
('2375', 'Hans Wyder', '0', '', '101', '2118'),
('2376', 'Heinrich & Myriam Gebert', '0', '', '63', '2119'),
('2377', 'Helmut Horten Stiftung', '1', '', '12', '127'),
('2378', 'Henry Krenter', '1', '', '27', '2120'),
('2379', 'Jost Reinhold', '0', '', '12', '2121'),
('2380', 'Meynarda & Jantje Van Terwisga', '0', '', '0', '2122'),
('2381', 'Monique Fulcieri', '0', '', '0', '2123'),
('2382', 'Pina Petroli SA', '0', '', '17', '2124'),
('2383', 'Ricerca Svizzera contro il Cancro', '0', '', '6', '2125'),
('2384', 'San Salvatore', '1', '', '0', '2126'),
('2385', 'Schiller SA', '0', '', '9', '2127'),
('2386', 'Sergio Mantegazza', '1', '', '12', '2128'),
('2387', 'Sergio Monti', '0', '', '82', '2129'),
('2388', 'Sievers', '1', '', '18', '2130'),
('2389', 'Silva Casa', '1', '', '0', '2131'),
('2390', 'Silvio Leoni', '0', '', '27', '2132'),
('2391', 'Stelinvest', '0', '', '121', '2133'),
('2392', 'The Gabriele Charitable Foundation', '1', '', '67', '2134'),
('2393', 'Theo Rossi Montelera', '1', '', '0', '2135'),
('2394', 'Tito Tettamanti', '0', '', '0', '2136'),
('2395', 'Fondazione R&S Fondo 1', '1', '', '0', '132'),
('2396', 'Fondazione R&S Fondo 2', '1', '', '0', '132'),
('2397', 'Fondazione Daccò', '1', '', '27', '2137'),
('2398', 'Fondazione Fidinam', '1', '', '12', '2138'),
('2399', 'Fondazione Mantegazza', '1', '', '12', '2139'),
('2400', 'Fondazione Corriere del Ticino', '1', '', '48', '2140'),
('2401', 'Swiss Finance Institute', '1', '', '41', '169'),
('2402', 'Associazione Bancaria Ticinese', '0', '', '16', '134'),
('2403', 'Fondazione AVS', '1', '', '68', '2141'),
('2404', 'Annetta und Dr. Gustav E. Grisard', '0', '', '12', '2142'),
('2405', 'Botnar', '1', '', '12', '2143'),
('2406', 'Branco Weiss', '1', '', '27', '2144'),
('2407', 'Dr. Thomas Straumann', '0', '', '3', '2145'),
('2408', 'Eckenstein-Geigy', '1', '', '12', '2146'),
('2409', 'Freiwillige Akademische Gesellschaft (FAG)', '0', '', '27', '83'),
('2410', 'Georg H. Endress', '1', '', '27', '2147'),
('2411', 'Gertrude von Meissner', '1', '', '12', '2148'),
('2412', 'Henri B. Meier', '0', '', '27', '2149'),
('2413', 'Interpharma', '0', '', '1', '2150'),
('2414', 'Laurenz', '1', '', '63', '2151'),
('2415', 'Lucius und Annemarie Burckhardt', '1', '', '41', '2152'),
('2416', 'Moritz Straus', '1', '', '27', '2153'),
('2417', 'Stiftg. zur Förderung der gastroenterologischen und allg. klinischen Forschung sowie der medizinischen Bildauswertung + MIAC AG', '1', '', '27', '2154'),
('2418', 'SwissFoundations', '1', '', '12', '2155'),
('2419', 'Abegg', '1', '', '63', '2156'),
('2420', 'Gebäudeversicherung Bern GVB', '0', '', '57', '2157'),
('2421', 'Justin und Hilde Thannhauser', '1', '', '63', '2158'),
('2422', 'Mercator', '1', '', '12', '140'),
('2423', 'Software AG', '1', '', '78', '3041'),
('2424', 'Vinetum', '1', '', '12', '2159'),
('2425', 'Weleda AG', '0', '', '69', '2160'),
('2426', 'Michelin Schweiz AG', '0', '', '108', '2161'),
('2427', 'Gustav Stenbolt', '0', '', '0', '2162'),
('2428', 'Kantonalbank Freiburg', '0', '', '16', '2163'),
('2429', 'Willi Liebherr', '0', '', '81', '2164'),
('2430', 'Adolphe Merkle', '1', '', '41', '90'),
('2431', 'Stiftung für Forschung und Entwicklung der Mehrsprachigkeit des Staates Freiburg', '1', '', '41', '2165'),
('2432', 'Mercator', '0', '', '12', '140'),
('2433', 'Anonym', '0', '', '0', '2166'),
('2434', 'Charles Pictet', '0', '', '138', '2167'),
('2435', 'SIG - Services industriels Genève', '0', '', '29', '2168'),
('2436', 'tba', '0', '', '0', '2169'),
('2437', 'Niederer Kraft & Frey AG', '0', '', '58', '146'),
('2438', 'Holcim', '1', '', '61', '109'),
('2439', 'Daniel Gablinger', '1', '', '12', '161'),
('2440', 'Centre international d’études du sport (CIES)', '0', '', '41', '2170'),
('2441', 'Banque Cantonale Neuchâteloise', '0', '', '16', '3105'),
('2442', 'Ernst & Young', '0', '', '58', '2171'),
('2443', 'KPMG', '0', '', '58', '518'),
('2444', 'Tagetik & think-cell', '0', '', '78', '2173'),
('2445', 'Zeitschrift Aussenwirtschaft', '0', '', '48', '2174'),
('2446', 'Appenzeller', '0', '', '38', '3073'),
('2447', 'Audi', '0', '', '26', '2175'),
('2448', 'BMW', '0', '', '26', '2176'),
('2449', 'BSW leading swiss agencies', '0', '', '125', '2177'),
('2450', 'Bühler', '0', '', '81', '150'),
('2451', 'Busch-Jaeger', '0', '', '52', '2178'),
('2452', 'FC SG', '0', '', '65', '263'),
('2453', 'Kind', '0', '', '9', '2180'),
('2454', 'Lufthansa', '0', '', '116', '2181'),
('2455', 'Porsche', '0', '', '26', '2182'),
('2456', 'PostFinance', '0', '', '16', '53'),
('2457', 'Rehau', '0', '', '61', '2183'),
('2458', 'Rewe', '0', '', '92', '2184'),
('2459', 'Skoda', '0', '', '26', '2185'),
('2460', 'St. Gallen BodenseeArea', '0', '', '13', '2186'),
('2461', 'COFRA', '1', '', '18', '2187'),
('2462', 'Forschungskreis I.VW', '0', '', '41', '2188'),
('2463', 'Lemann', '1', '', '102', '2189'),
('2464', 'Migros-Genossenschafts-Bund', '0', '', '92', '2190'),
('2465', 'Bonizzi-Theler', '1', '', '27', '2191'),
('2466', 'Ernst-Hadorn', '1', '', '27', '2192'),
('2467', 'Herti', '1', '', '0', '2193'),
('2468', 'Jacobs', '1', '', '102', '2194'),
('2469', 'Larsson Rosenquist', '1', '', '3', '2195'),
('2470', 'MBA', '0', '', '0', '2196'),
('2471', 'P & K Pühringer', '1', '', '27', '2197'),
('2472', 'Sirona Dental Systems GmbH', '0', '', '9', '2198'),
('2473', 'Stadt Aarau', '0', '', '14', '2199'),
('2474', 'Swiss School of Public Health (SSPH)', '0', '', '41', '158'),
('2475', 'Velux', '1', '', '51', '2200'),
('2476', 'VHKF', '1', '', '3', '2201'),
('2477', 'Vontobel', '1', '', '16', '2202'),
('2478', 'ZUNIV', '0', '', '41', '2203'),
('2479', 'Albert Köchlin Stiftung', '1', '', '12', '2204'),
('2480', 'Anwaltskanzlei Fellmann Tschümperlin Lötscher', '0', '', '58', '2205'),
('2481', 'B. Braun Medical AG', '0', '', '1', '2206'),
('2482', 'Bank Vontobel AG', '0', '', '16', '160'),
('2483', 'Bildungs- und Kulturdepartement Kt. Luzern', '0', '', '35', '2207'),
('2484', 'Brunner AG Druck und Medien', '0', '', '48', '2208'),
('2485', 'Caritas Schweiz', '0', '', '25', '2209'),
('2486', 'Cedac entwicklung assessment beratung AG', '0', '', '18', '2210'),
('2487', 'cimenti.lipp ag elektro.installationen', '0', '', '52', '2211'),
('2488', 'Compass Group (Schweiz) AG', '0', '', '60', '2212'),
('2489', 'Credit Suisse AG', '0', '', '16', '14'),
('2490', 'Credit Suisse Foundation', '1', '', '12', '14'),
('2491', 'CSS Versicherung', '0', '', '2', '2213'),
('2492', 'Daniel Gablinger Stiftung', '1', '', '12', '161'),
('2493', 'Die Schweizerische Post', '0', '', '36', '2081'),
('2494', 'Dietmar Dreier Wissenschaftliche Versandbuchhandlung GmbH', '0', '', '129', '2215'),
('2495', 'Dike Verlag AG', '0', '', '129', '2216'),
('2496', 'Dr. F. Renggli Managementberatung', '0', '', '18', '2217'),
('2497', 'Ecoscientia Stiftung', '1', '', '27', '2218'),
('2498', 'Eidg. Departement für auswärtige Angelegenheiten', '0', '', '35', '73'),
('2499', 'Eidg. Justiz- und Polizeidepartement', '0', '', '143', '2219'),
('2500', 'Elektro Waser AG', '0', '', '52', '2220'),
('2501', 'ELEKTRO-MÖSCH', '0', '', '52', '2221'),
('2502', 'Festhallen Rüttimann AG', '0', '', '60', '2222'),
('2503', 'FREY + CIE ELEKTRO AG', '0', '', '52', '2223'),
('2504', 'Gamma Print AG', '0', '', '48', '2224'),
('2505', 'Gemeinnützige Gesellschaft der Stadt Luzern', '0', '', '12', '2225'),
('2506', 'Gerry Hofstetter', '0', '', '125', '2226'),
('2507', 'Golf Rastenmoos AG', '0', '', '89', '2227'),
('2508', 'Grand Casino Luzern AG', '0', '', '136', '2228'),
('2509', 'Helbing Lichtenhahn Verlag', '0', '', '129', '2229'),
('2510', 'Hermap AG', '0', '', '9', '2230'),
('2511', 'Hewlett-Packard (Schweiz) GmbH', '0', '', '61', '80'),
('2512', 'Hotel Radisson Blu', '0', '', '60', '2231'),
('2513', 'Jacobs Foundation', '1', '', '12', '2232'),
('2514', 'Josef Müller Stiftung Muri', '1', '', '12', '2233'),
('2515', 'Kirchen und Religionsgemeinschaften', '0', '', '103', '2234'),
('2516', 'Krono Holding AG', '0', '', '107', '2235'),
('2517', 'Lampert AG', '0', '', '52', '2236'),
('2518', 'Landeskirche', '0', '', '103', '2237'),
('2519', 'Leuchter AG', '0', '', '78', '2238'),
('2520', 'Lucerne Festival', '0', '', '44', '2239'),
('2521', 'Ludwig Hohl Stiftung', '1', '', '41', '2240'),
('2522', 'Luzerner Kantonalbank AG', '0', '', '16', '3023'),
('2523', 'Maréchaux Elektro AG', '0', '', '52', '2241'),
('2524', 'MediData AG', '0', '', '88', '2242'),
('2525', 'Migros Kulturprozent', '0', '', '63', '2243'),
('2526', 'Mount Zion Foundation', '1', '', '103', '2244'),
('2527', 'Multi-Access AG', '0', '', '108', '2245'),
('2528', 'Musik Hug', '0', '', '92', '2246'),
('2529', 'Neue Luzerner Zeitung', '0', '', '48', '2247'),
('2530', 'NN (Stiftungen und Privatpersonen)', '0', '', '0', '2248'),
('2531', 'Otto Herz-Studienstiftung', '1', '', '27', '2249'),
('2532', 'Pädagogische Hochschule Zentralschweiz', '0', '', '41', '3128'),
('2533', 'PricewaterhouseCoopers AG', '0', '', '58', '106'),
('2534', 'Prof. Otto Beisheim-Stiftung', '1', '', '12', '2250'),
('2535', 'Rebsamen Technocasa AG', '0', '', '52', '2251'),
('2536', 'Residenz GmbH', '0', '', '57', '2252'),
('2537', 'Restaurant Cha-Cha', '0', '', '60', '2253'),
('2538', 'Robert und Lina Thyll-Dürr-Stiftung', '1', '', '12', '2254'),
('2539', 'Schmid Bauunternehmung AG', '0', '', '51', '2255'),
('2540', 'Schremo AG', '0', '', '52', '2256'),
('2541', 'Schulthess Juristische Medien AG', '0', '', '129', '2257'),
('2542', 'Schweizerische Nationalbank (SNB)', '0', '', '117', '186'),
('2543', 'Schweizerische Vereinigung für Internationales Recht (SVIR)', '0', '', '143', '2258'),
('2544', 'Shirtprint AG', '0', '', '101', '2259'),
('2545', 'Stadt Luzern', '0', '', '14', '2260'),
('2546', 'Stämpfli Verlag AG', '0', '', '129', '2261'),
('2547', 'Stiftung Domarena', '1', '', '27', '2262'),
('2548', 'Stiftung für das Apostolat durch die Massenmedien', '1', '', '103', '2263'),
('2549', 'Stiftung Judentum/Christentum SJC', '1', '', '103', '2264'),
('2550', 'Stiftung Mercator Schweiz', '1', '', '12', '2265'),
('2551', 'Stiftung Universität Luzern', '1', '', '27', '2266'),
('2552', 'Swiss Life', '0', '', '57', '4'),
('2553', 'Tarifverbund Passepartout', '0', '', '33', '2267'),
('2554', 'Universitätsverein Luzern', '0', '', '41', '2268'),
('2555', 'Vending Service AG', '0', '', '60', '2269'),
('2556', 'Wild Electric AG', '0', '', '52', '2270'),
('2557', 'Georg und Bertha Schwyzer-Winiker Stiftung', '1', '', '12', '193'),
('2558', 'Kontaktgruppe für Forschungsfragen', '0', '', '41', '2271'),
('2559', 'Metrohm Stiftung', '1', '', '12', '2272'),
('2560', 'Stadt Zürich Kultur', '0', '', '44', '2273'),
('2561', 'Stiftung Czeslaw Marek', '1', '', '63', '2274'),
('2562', 'Swiss Re Foundation', '1', '', '57', '36'),
('2563', 'UBS Foundation of Economics in Society', '1', '', '41', '220'),
('2564', 'UBS Kulturstiftung', '1', '', '63', '220'),
('2565', 'ZUNIV, Zürcher Universitätsverein', '0', '', '41', '2203'),
('2566', 'Rahn & Bodmer Co., Banquiers, Zürich', '0', '', '16', '3'),
('2567', 'Swiss Life REIM (Switzerland) AG', '0', '', '19', '4'),
('2568', 'ABB Schweiz', '0', '', '61', '583'),
('2569', 'AdNovum Informatik', '0', '', '78', '2279'),
('2570', 'Ammann Group Holding', '0', '', '107', '2280'),
('2571', 'Avaloq Evolution', '0', '', '78', '7'),
('2572', 'Basler & Hofmann', '0', '', '51', '8'),
('2573', 'BETTR', '0', '', '51', '2281'),
('2574', 'Biotronik', '0', '', '9', '2282'),
('2575', 'Clariant', '0', '', '115', '122'),
('2576', 'Crédit Agricole', '0', '', '16', '2283'),
('2577', 'Dätwyler', '0', '', '61', '2284'),
('2578', 'Disney Research Zürich', '0', '', '41', '2285'),
('2579', 'Distrelec', '0', '', '108', '2286'),
('2580', 'DMSP Portmann', '0', '', '78', '2287'),
('2581', 'Dow', '0', '', '115', '2288'),
('2582', 'Ernst Basler & Partner', '0', '', '51', '2289'),
('2583', 'ETEL S.A.', '0', '', '87', '2290'),
('2584', 'ewz', '0', '', '29', '110'),
('2585', 'F. Hoffmann- La Roche', '0', '', '1', '142'),
('2586', 'Fabrimex Systems', '0', '', '108', '2291'),
('2587', 'Franke Artemis Group', '0', '', '23', '2292'),
('2588', 'Geberit', '0', '', '61', '2293'),
('2589', 'Glencore', '0', '', '17', '2294'),
('2590', 'Gruner', '0', '', '51', '2295'),
('2591', 'Hardturm AG', '0', '', '19', '2296'),
('2592', 'Heiner Thorborg & Co.', '0', '', '18', '2297'),
('2593', 'Hewlett Packard', '0', '', '61', '80'),
('2594', 'Holinger', '0', '', '51', '2298'),
('2595', 'Implenia', '0', '', '51', '2299'),
('2596', 'Industrielle Betriebe Kloten', '0', '', '29', '2300'),
('2597', 'Kaba', '0', '', '72', '2301'),
('2598', 'Knecht Holding', '0', '', '36', '0'),
('2599', 'LumiNova', '0', '', '130', '2302'),
('2600', 'Omya', '0', '', '115', '2303'),
('2601', 'Open Systems', '0', '', '78', '2304'),
('2602', 'PartnerRe', '0', '', '57', '2305'),
('2603', 'Philips', '0', '', '108', '93'),
('2604', 'Plastic Omnium', '0', '', '126', '2306'),
('2605', 'PPCmetrics', '0', '', '18', '2307'),
('2606', 'PricewaterhouseCoopers AG', '0', '', '58', '106'),
('2607', 'RC Tritec', '0', '', '115', '2308'),
('2608', 'Repower', '0', '', '29', '2309'),
('2609', 'Sensirion', '0', '', '87', '2310'),
('2610', 'Shell', '0', '', '17', '2311'),
('2611', 'Siemens Schweiz', '0', '', '61', '2312'),
('2612', 'Stump ForaTec', '0', '', '51', '2313'),
('2613', 'swisselectric', '0', '', '29', '2314'),
('2614', 'The Boston Consulting Group', '0', '', '18', '2315'),
('2615', 'United Technologies Corporation', '0', '', '61', '2316'),
('2616', 'V-ZUG / Metall Zug', '0', '', '87', '2317'),
('2617', 'J. E. Wolfensberger', '0', '', '48', '2318'),
('2618', 'Accenture Stiftung', '1', '', '12', '89'),
('2619', 'Akademie der Wissenschaften Schweiz', '1', '', '41', '2319'),
('2620', 'Albert Lück-Stiftung', '1', '', '27', '104'),
('2621', 'Anna Caroline Stiftung', '1', '', '27', '2320'),
('2622', 'AO Foundation', '1', '', '4', '2321'),
('2623', 'Arbeitsgemeinschaft Prof. Hugel', '1', '', '0', '2322'),
('2624', 'Arthur Waser Stiftung', '1', '', '12', '2323'),
('2625', 'Baugarten Stiftung', '1', '', '12', '2324'),
('2626', 'René und Susanne ', '1', '', '12', '145'),
('2627', 'Braginsky-Stiftung', '1', '', '12', '2325'),
('2628', 'Bühlmann-Kühni Stiftung', '1', '', '27', '2326'),
('2629', 'Coop Fond für Nachhaltigkeit', '1', '', '91', '568'),
('2630', 'Dr. iur. Jstvan ', '1', '', '27', '2328'),
('2631', 'Kertész Stiftung', '1', '', '27', '2329'),
('2632', 'Erdöl-Vereinigung', '1', '', '46', '2330'),
('2633', 'Ernst Göhner Stiftung', '1', '', '12', '2331'),
('2634', 'ETH Alumni Landesgruppe ', '1', '', '41', '2332'),
('2635', 'Deutschland', '1', '', '35', '2333'),
('2636', 'FIFA', '1', '', '65', '32'),
('2637', 'Gemeinnützige Stiftung ', '1', '', '12', '2334'),
('2638', 'ACCENTUS', '1', '', '12', '3139'),
('2639', 'Basler & Hofmann', '1', '', '51', '8'),
('2640', 'Gemeinnützige Stiftung EMPIRIS', '1', '', '27', '2335'),
('2641', 'Georg und Bertha Schwyzer-Winiker-Stiftung', '1', '', '12', '193'),
('2642', 'Schwyzer-Winiker Stiftung', '1', '', '12', '2336'),
('2643', 'Walter Haefner Stiftung', '1', '', '12', '2337'),
('2644', 'Hauser-Stiftung', '1', '', '12', '2338'),
('2645', 'Heidi Ras Stiftung', '1', '', '12', '2339'),
('2646', 'Helmut Horten Stiftung', '1', '', '3', '127'),
('2647', 'Hirschmann-Stiftung', '1', '', '27', '2340'),
('2648', 'Huber+Suhner Stiftung', '1', '', '60', '2341'),
('2649', 'IASTED', '1', '', '41', '2342'),
('2650', 'IMG Stiftung', '1', '', '0', '3006'),
('2651', 'Klaus Tschira Stiftung', '1', '', '27', '2343'),
('2652', 'Kühne-Stiftung', '1', '', '27', '2344'),
('2653', 'Leister Stiftung', '1', '', '63', '2345'),
('2654', 'Lotte und Adolf ', '1', '', '3', '2346'),
('2655', 'Hotz-Sprenger Stiftung', '1', '', '3', '2347'),
('2656', 'MBF Foundation', '1', '', '15', '2348'),
('2657', 'Michael Kohn-Stiftung', '1', '', '12', '2349'),
('2658', 'Misrock-Stiftung', '1', '', '27', '40'),
('2659', 'NAGRA', '1', '', '30', '2350'),
('2660', 'Novartis Stiftung', '1', '', '12', '41'),
('2661', 'RMS Foundation', '1', '', '9', '2351'),
('2662', 'Rofonda Stiftung', '1', '', '79', '2352'),
('2663', 'Rütli-Stiftung', '1', '', '12', '2353'),
('2664', 'Sawiris Foundation ', '1', '', '12', '2354'),
('2665', 'for Social Development', '1', '', '0', '2355'),
('2666', 'Schweizerische Multiple ', '1', '', '6', '44'),
('2667', 'Sklerose Gesellschaft', '1', '', '6', '2356'),
('2668', 'Starr International Foundation', '1', '', '12', '2357'),
('2669', 'Stavros Niarchos Foundation', '1', '', '12', '2358'),
('2670', 'Stiftung Cerebral', '1', '', '15', '2359'),
('2671', 'Stiftung Denk an mich', '1', '', '12', '3071'),
('2672', 'Stiftung Propter Homines', '1', '', '12', '2360'),
('2673', 'Stiftung Synapsis', '1', '', '6', '2361'),
('2674', 'Thallos Stiftung', '1', '', '41', '2362'),
('2675', 'Uniscientia Stiftung', '1', '', '41', '2363'),
('2676', 'Verband VSA', '1', '', '59', '2364'),
('2677', 'Verein SVGW', '1', '', '122', '2365'),
('2678', 'Vontobel-Stiftung', '1', '', '12', '2366'),
('2679', 'Werner Siemens-Stiftung', '1', '', '27', '49'),
('2680', 'Wilhelm Schulthess-Stiftung', '1', '', '5', '50'),
('2681', 'Yvonne Lang-Chardonnens ', '1', '', '27', '2367'),
('2682', 'Stiftung', '1', '', '0', '98'),
('2683', 'Z Zurich Foundation', '1', '', '12', '120'),
('2684', 'Fondation de la Faculté autonome de théologie protestante', '1', ' ', '41', '2368'),
('2685', 'SIG', '0', '', '29', '2369'),
('2686', 'Institute of Arthritis Research', '0', '', '4', '2370'),
('2687', 'Fondation internationale pour la recherche en paraplégie', '1', '', '4', '3035'),
('2688', 'NERF (Leuwen)', '0', '', '9', '2371'),
('2689', 'ID Quantique SA', '0', '', '78', '2372'),
('2690', 'BPN Paribas (Suisse) SA', '0', '', '16', '2373'),
('2691', 'Fondation Professeur Walther Hug', '1', '', '27', '2374'),
('2692', 'Gensuisse', '1', '', '12', '2375'),
('2693', 'Wright Foundation', '1', '', '12', '2376'),
('2694', 'Centre de mathématiques, Université d''Etat de Saint Petersburg', '0', '', '9', '2377'),
('2695', 'Institut des Sciences et Technologies, Skolkovo', '0', '', '9', '2378'),
('2696', 'HEM Genève', '0', '', '41', '2379'),
('2697', 'HEM Bâle', '0', '', '41', '2380'),
('2698', 'Activités académiques', '0', '', '41', '2381'),
('2699', 'Commission fédérale des questions familiales', '0', '', '12', '2382'),
('2700', 'Centre de formation professionnel spécialisé ORIF', '0', '', '27', '2383'),
('2701', 'Massachusetts General Hospital', '0', '', '8', '2384'),
('2702', 'Etablissement Cantonal d''Assurance', '0', '', '56', '2385'),
('2703', 'Switchplus AG', '0', '', '78', '2386'),
('2704', 'Académie internationale des sciences et technique du sport', '0', '', '41', '2387'),
('2705', 'Autorité fédérale de surveillance en matière de révision', '0', '', '23', '2388'),
('2706', 'Selexis', '0', '', '1', '2389'),
('2707', 'Une administration de faillite non spécifié', '0', '', '47', '2390'),
('2708', 'Chancellerie non spécifié', '0', '', '143', '2391'),
('2709', 'CHUV', '0', '', '5', '2392'),
('2710', 'Swissmedic', '0', '', '8', '2393'),
('2711', 'SRS-CSPCP', '0', '', '43', '2394'),
('2712', 'Tribunal cantonal vaudois', '0', '', '143', '2395'),
('2713', '1875 Finance SA', '0', '', '121', '2396'),
('2714', 'Nationalrat', '0', '', '35', '2397'),
('2715', 'Grand Conseil NE', '0', '', '35', '2398'),
('2716', 'Académie suisse des sciences humaines et sociales', '0', '', '12', '2399'),
('2717', 'Ecole pratique des hautes études de Paris', '0', '', '27', '2400'),
('2718', 'Athemis', '0', '', '58', '2401'),
('2719', 'MAS en économie et administration de la santé de HEC Lausanne', '0', '', '27', '2402'),
('2720', 'Uni Paris V Descartes', '0', '', '27', '2403'),
('2721', 'Office national (français) d’indemnisation des accidents médicaux', '0', '', '35', '2404'),
('2722', 'Académie suisse de la magistrature', '0', '', '27', '2405'),
('2723', 'Commission internationale des juristes (ICJ)', '0', '', '143', '2406'),
('2724', 'Office cantonal de conciliation en matière de conflits de travail', '0', '', '13', '2407'),
('2725', 'Association suisse du droit public de l''organisation (ASDPO)', '0', '', '143', '2408'),
('2726', 'Commission scientifique du Trésor abbatial de l''Abbaye St-Maurice', '0', '', '103', '2409'),
('2727', 'Maison des sciences de l''homme de l''Université de Tours', '0', '', '27', '2410'),
('2728', 'Fondation pour l''histoire de la poste', '0', '', '21', '2411'),
('2729', 'Association pour l''histoire des chemins de fer en France', '0', '', '21', '2412'),
('2730', 'Comité des travaux historiques et scientifiques', '0', '', '21', '2413'),
('2731', 'Commission internationale pour la philosophie et les sciences humaines (CIPSH)', '0', '', '41', '2414'),
('2732', 'Budongo Conservation Field Station (Ouganda)', '0', '', '80', '2415'),
('2733', 'Max Planck Institute of Evolutionary Anthropology', '0', '', '41', '2416'),
('2734', 'Tai Monkey Project (Côte d''Ivoire)', '0', '', '41', '2417'),
('2735', 'Université St Andrews (UK) ', '0', '', '41', '2418'),
('2736', 'Schellenberg Wittmer SA', '0', '', '143', '2419'),
('2737', 'FNRS', '0', '', '7', '2420'),
('2738', 'Holcim-Stiftung zur Förderung der wissenschaftlichen Fortbildung', '1', '', '51', '2421'),
('2739', 'Museum Schloss Thun', '0', 'Thun', '44', '2422'),
('2740', 'Alexander von Humboldt Stiftung', '1', '', '41', '68'),
('2741', 'Eidgenössischen Berufsbildungskommission (EBBK)', '0', '', '35', '2423'),
('2742', 'ETH Zürich SEC AG', '0', '', '40', '2424'),
('2743', 'ETH Singapore SEC Ltd.', '0', '', '40', '2425'),
('2744', 'inspire AG', '0', '', '78', '2426'),
('2745', 'Stiftung Bibliothek Werner Oechslin', '1', '', '21', '2427'),
('2746', 'Association Climate-KIC', '0', '', '90', '2428'),
('2747', 'swissuniversities', '0', '', '41', '2429'),
('2748', 'Ecoinvent', '0', '', '80', '2430'),
('2749', 'Stiftung Geobotanisches Forschungsinstitut Rübel', '1', '', '27', '2431'),
('2750', 'BlueLion Stiftung', '0', '', '78', '2432'),
('2751', 'Stiftung Jüdische Zeitgeschichte', '1', '', '21', '2433'),
('2752', 'Paul Niggli-Stiftung', '1', '', '27', '2434'),
('2753', 'Stiftung zur Föderung der Forschung und Ausbildung in Unternehmenswiss., ETH Zürich', '1', '', '27', '2435'),
('2754', 'André und Hedy Knoll-Spring Stiftung', '1', NULL, '27', '2436'),
('2755', 'Stiftung Technopark Zürich', '1', '', '41', '2437'),
('2756', 'EKK (Eidgenössische Konsumenten Kommission)', '0', '', '35', '2438'),
('2757', 'SPartners Asia (Hongkong)', '0', 'Hongkong', '99', '2439'),
('2758', 'CRS Holding AGn', '0', 'St. Gallen', '107', '2440'),
('2759', 'Schweizerisches Kompetenzzentrum für Menschenrechte (SKMR)', '0', '', '41', '2441'),
('2760', 'Parc Scientifique EPFL', '0', '', '41', '2442'),
('2761', 'Imperial College Business School ', '0', '', '41', '2443'),
('2762', 'Herzog Kull Group', '0', '', '18', '2444'),
('2763', 'Airport Casino Basel ', '0', '', '136', '2445'),
('2764', 'PsyKo', '0', '', '35', '2446'),
('2765', 'U.S. National Academy of Engineering', '0', '', '41', '2447'),
('2766', 'Helmholtz Zentrum für Umweltforschung (UFZ)', '0', 'Leipzig', '41', '2448'),
('2767', 'Swiss Hydrological Commission, Swiss Academy of Sciences', '0', '', '35', '2449'),
('2768', 'ETH Women Professors Forum', '0', '', '67', '2450'),
('2769', 'Fondation pour l’Etude des Eaux du Léman', '0', '', '41', '114'),
('2770', 'Advokatenkammer Basel-Stadt', '0', '', '143', '2451'),
('2771', 'Liatowitsch & Partner', '0', '', '143', '2452'),
('2772', 'Schweizerischer Anwaltsverband', '0', '', '143', '3049'),
('2773', 'Centrum für Familienwissenschaften', '0', '', '41', '2453'),
('2774', 'Freiwillige Akademische Gesellschaft (FAG)', '0', '', '41', '83'),
('2775', 'Zivilrechtslehrervereinigung', '0', '', '143', '84'),
('2776', 'Zivilprozessrechtslehrervereinigung', '0', '', '143', '84'),
('2777', 'Verein Fachanwältinnen und Fachanwälte SAV Familienrecht', '0', '', '143', '2454'),
('2778', 'FHS St. Gallen', '0', '', '41', '86'),
('2779', 'Boehringer Ingelheim International GmbH', '0', '', '1', '2455'),
('2780', 'Edimer Biotech SA', '0', '', '1', '2456'),
('2781', 'Exxon Mobil Upstream Research Company', '0', '', '46', '2457'),
('2782', 'First Quantum Minerals Ltd (FQM)', '0', '', '17', '2458'),
('2783', 'HDV Hôtel des ventes SA', '0', '', '60', '2459'),
('2784', 'ONO pharmaceutical Co., LTD', '0', '', '1', '2460'),
('2785', 'SCOR Services Switzerland AG', '0', '', '57', '2461'),
('2786', 'Union cycliste internationale', '0', '', '89', '2462'),
('2787', 'Vaudoise Assurances', '0', '', '57', '21'),
('2788', 'Zürich Versicherungsgesellschaft AG', '0', '', '57', '2463'),
('2789', 'Institut tropical et de santé publique suisse', '0', '', '3', '2464'),
('2790', 'Loterie Romande', '0', '', '136', '2465'),
('2791', 'Swiss Network for International Studies', '0', '', '41', '2466'),
('2792', 'Deute Forschungsgemeinschaft', '0', '', '41', '2467'),
('2793', 'European Society of Criminology', '0', '', '41', '11'),
('2794', 'Forensic Science Ireland (FSI)', '0', '', '41', '2468'),
('2795', 'Massachusetts Institute of Technology MIT', '0', 'Massachusetts', '41', '2469'),
('2796', 'Programme de technologie appropriée en santé (PATH)', '0', '', '41', '2470'),
('2797', 'Society for Longitudinal and Life Course Studies', '0', '', '41', '2471'),
('2798', 'Union internationale pour la conservation de la nature (UICN)', '0', '', '41', '2472'),
('2799', 'University of Groningen', '0', '', '41', '3113'),
('2800', 'US Department of Health & Human services', '0', '', '41', '2473'),
('2801', 'Fondation Agalma', '1', '', '27', '2474'),
('2802', 'Fondation Clinique la Prairie', '1', '', '3', '2475'),
('2803', 'Fondation Edouard Fleuret', '1', '', '21', '2476'),
('2804', 'Fondation francophone pour la recherche sur le diabète (FFRD)', '1', '', '3', '3036'),
('2805', 'Fondation Leenards', '1', '', '3', '2477'),
('2806', 'Fondation Lichtensteiger', '1', '', '27', '2478'),
('2807', 'Fondation notariat Vaud', '1', '', '143', '2479'),
('2808', 'Fondation Pierre Mercier pour la science', '1', '', '12', '2480'),
('2809', 'Fondation pour l''innovation techonologique (FIT)', '1', '', '27', '2481'),
('2810', 'Fondation pour l''Université de Lausanne', '1', '', '27', '2482'),
('2811', 'Fondation Recherche suisse contre le cancer', '1', '', '3', '2483'),
('2812', 'Fondation Solidar-Immun', '1', '', '3', '2484'),
('2813', 'Gebert Rüf Stiftung', '1', '', '27', '2485'),
('2814', 'Ludwig Institute for cancer research', '1', '', '3', '2486'),
('2815', 'Swiss Foundation for Excellence and Talent in Biomedical research', '1', '', '3', '2487'),
('2816', 'The Leverhulme Trust', '1', '', '27', '2488'),
('2817', 'The Medic Foundation', '1', '', '3', '2489'),
('2818', 'The Simons Foundation', '1', '', '27', '2490'),
('2819', 'Postfinance', '0', '', '16', '53'),
('2820', 'REHA Klinik Heiligenschwendi ', '1', '', '73', '97'),
('2821', 'European Society of Cardiology (ESC)', '0', '', '3', '3138'),
('2822', 'European Association of Percutaneous Cardiovascular Intervention (EAPCI)', '0', '', '3', '2491'),
('2823', 'EuroPCR', '0', '', '3', '2492'),
('2824', 'Journal of the American College of Cardiology Cardiovascular Interventions', '0', '', '3', '2493'),
('2825', 'UpToDate', '0', '', '3', '2494');

INSERT INTO "Person" ("ID", "Vorname", "Nachname", "Wohnort", "CV_Url") VALUES
('1', 'Stefan', 'Kölliker', 'NA', 'http://www.stefan-koelliker.ch/meine-person/werdegang/index.html'),
('2', 'Peter', 'Schorer', 'NA', 'NA'),
('3', 'René', 'Romanin', 'NA', 'NA'),
('4', 'Sally', 'Gschwend-Fisher', 'NA', 'NA'),
('5', 'Thomas', 'Scheitlin', 'NA', 'NA'),
('6', 'Karl', 'Güntzel', 'NA', 'NA'),
('7', 'Silvia', 'Bietenharder-Kuenzle', 'NA', 'NA'),
('8', 'Hildegard', 'Fässler', 'NA', 'NA'),
('9', 'Martin', 'Huser', 'NA', 'NA'),
('10', 'Ruth', 'Metzler-Arnold', 'NA', 'NA'),
('11', 'Patrick', 'Stach', 'St.Gallen', 'http://www.stach.ch/stach-rechtsanwaelte/rechtsanwaelte/patrick-stach/'),
('12', 'Mario', 'Annoni', 'NA', 'NA'),
('13', 'Geoffrey', 'Boulton', 'NA', 'NA'),
('14', 'Barbara', 'Haering', 'Zürich', 'http://www.barbara-haering.ch/cv-and-contacts/Barbara_Haering_CV_English_2015_01.pdf'),
('15', 'Barbara', 'Ischinger', 'NA', 'NA'),
('16', 'Marja', 'Makarow', 'NA', 'NA'),
('17', 'Blaise', 'Matthey', 'NA', 'https://www.fer-ge.ch/web/fer-ge/blaise-matthey'),
('18', 'Gilles', 'Marchand', 'NA', 'http://www.srgssr.ch/de/srg/organe/geschaeftsleitung/gilles-marchand/'),
('19', 'Roger', 'Mayou', 'NA', 'NA'),
('20', 'Francesco', 'de Rubertis', 'NA', 'https://indexventures.com/team/francesco-de-rubertis'),
('21', 'Silvia', 'Steiner', 'NA', 'http://silvia-steiner.ch/uber-mich/'),
('22', 'Barbara', 'Basting', 'NA', 'http://www.uzh.ch/about/management/unirat/basting.html'),
('23', 'Beat', 'Hotz-Hart', 'NA', 'http://www.uzh.ch/about/management/unirat/hotz-hart.html'),
('24', 'Ulrich', 'Jakob Looser', 'NA', 'http://www.uzh.ch/about/management/unirat/looser.html'),
('25', 'Antonio', 'Loprieno', 'NA', 'http://www.uzh.ch/about/management/unirat/loprieno.html'),
('26', 'Hans-Rudolf', 'Lüscher', 'NA', 'http://www.physio.unibe.ch/~luescher/'),
('27', 'Urs', 'Oberholzer', 'NA', 'http://www.uzh.ch/about/management/unirat/oberholzer.html'),
('28', 'Andreas', 'Rickenbacher', 'NA', 'http://www.andreas-rickenbacher.ch/d/person/?sub=24'),
('29', 'Philippe', 'Perrenoud', 'NA', 'http://www.rr.be.ch/rr/de/index/der_regierungsrat/der_regierungsrat/philippe-perrenoud.html'),
('30', 'Beatrice', 'Simon', 'NA', 'http://www.regierungsraetin.ch/ueber_mich'),
('31', 'Hans-Jürg', 'Käser', 'NA', 'http://www.rr.be.ch/rr/de/index/der_regierungsrat/der_regierungsrat/hans-juerg-kaeser.html'),
('32', 'Barbara', 'Egger-Jenzer', 'NA', 'http://www.rr.be.ch/rr/de/index/der_regierungsrat/der_regierungsrat/barbara_egger-jenzer.html'),
('33', 'Bernhard', 'Pulver', 'NA', 'http://www.bernhardpulver.ch/picture/upload/file/lebenslauf%20PUL.pdf'),
('34', 'Christoph', 'Neuhaus', 'NA', 'http://www.rr.be.ch/rr/de/index/der_regierungsrat/der_regierungsrat/christoph-neuhaus.html'),
('35', 'Ulrich', 'Vischer', 'NA', 'https://www.vischer.com/de/anwaelte/ulrich-vischer/'),
('36', 'Klaus', 'Endress', 'NA', 'NA'),
('37', 'Kathrin', 'Amacker', 'NA', 'NA'),
('38', 'Daniela', 'Dolci Reidemeister', 'NA', 'NA'),
('39', 'Christoph', 'Eymann', 'NA', 'NA'),
('40', 'Monica', 'Gschwind', 'NA', 'http://www.monica-gschwind.ch/pers%C3%B6nlich/'),
('41', 'Gabriella', 'Karger', 'NA', 'NA'),
('42', 'Gottlieb', 'A. Keller', 'NA', 'http://www.roche.com/de/about/governance/executive_committee/executive_commitee-gottlieb-keller.htm'),
('43', 'Dieter', 'Scholer', 'NA', 'NA'),
('44', 'Sibylle', 'Schürch', 'NA', 'NA'),
('45', 'Paul', 'L. Herrling', 'Bern', 'http://www.bloomberg.com/research/stocks/people/person.asp?personId=559205&ticker=A&previousCapId=531375&previousTitle=EVOTEC%20AG'),
('46', 'Fritz', 'Schiesser', 'NA', 'NA'),
('47', 'Lino', 'Guzzella', 'NA', 'NA'),
('48', 'Patrick', 'Aebischer', 'NA', 'NA'),
('49', 'Joël', 'Mesot', 'NA', 'NA'),
('50', 'Beatrice', 'Fasana Arnaboldi', 'NA', 'NA'),
('51', 'Beth', 'Krasna', 'NA', 'http://www.bloomberg.com/research/stocks/private/person.asp?personId=682688&privcapId=622132&previousCapId=82020707&previousTitle=ARP%20Andr%C3%A9%20Rotzetter%20+%20Partner%20AG'),
('52', 'Jasmin', 'Staiblin', 'NA', 'NA'),
('53', 'Markus', 'Stauffacher', 'NA', 'NA'),
('54', 'Olivier', 'Steimer', 'NA', 'NA'),
('55', 'Reto', 'Wyss', 'NA', 'http://www.reto-wyss.ch/persoenlich.html#Beruf'),
('56', 'Martin', 'Hilb', 'NA', 'NA'),
('57', 'Iris', 'Bohnet', 'NA', 'http://www.hks.harvard.edu/fs/ibohnet/CV-IB-January%202015.pdf'),
('58', 'Monica', 'Duca Widmer', 'NA', 'http://www.comcom.admin.ch/org/00450/00522/00546/index.html?lang=de'),
('59', 'Bruno', 'S. Frey', 'NA', 'http://www.bsfrey.ch/cv/DE_CV_Bruno_Frey_Lang.pdf'),
('60', 'Andrea', 'Gmür-Schönenberger', 'NA', 'NA'),
('61', 'Karl', 'Hofstetter', 'NA', 'http://www.rwi.uzh.ch/lehreforschung/tp/tit-hofstetter/person/Curriculum1.pdf'),
('62', 'Sir', 'Peter Jonas', 'NA', 'NA'),
('63', 'Paul', 'Michael Zulehner', 'NA', 'http://www.zulehner.org/site/vita?SWS=d3b388272f2ae0b6dfd2ec6737f09218'),
('64', 'Antoine', 'Grandjean', 'NA', 'NA'),
('65', 'Didier', 'Berberat', 'NA', 'NA'),
('66', 'Marc', 'Bloch', 'NA', 'NA'),
('67', 'Pierre-Alain', 'Cattin', 'NA', 'https://ch.linkedin.com/pub/pierre-alain-cattin/a1/33a/554'),
('68', 'Mario', 'El-Khoury', 'NA', 'NA'),
('69', 'Christine', 'Gaillard', 'NA', 'http://www.christine-gaillard.ch/'),
('70', 'Blaise', 'Godet', 'NA', 'NA'),
('71', 'Fabienne', 'Marquis Weible', 'NA', 'NA'),
('72', 'André', 'Simon-Vermot', 'NA', 'NA'),
('73', 'Martine', 'Walzer Palomo', 'NA', 'NA'),
('74', 'Guillaume', 'Jéquier', 'NA', 'NA'),
('75', 'Bruno', 'Colbois', 'NA', 'NA'),
('76', 'Geneviève', 'De Weck', 'NA', 'NA'),
('77', 'Jean-Marie', 'Grether', 'NA', 'NA'),
('78', 'Félix', 'Moser', 'NA', 'NA'),
('79', 'Line', 'Magnanelli', 'NA', 'NA'),
('80', 'Christoph', 'Mueller', 'NA', 'NA'),
('81', 'Iván', 'Ordás Criado', 'NA', 'NA'),
('82', 'Patrick', 'Vincent', 'NA', 'NA'),
('83', 'Laurence', 'Boegli', 'NA', 'NA'),
('84', 'Davide', 'Bassi', 'NA', 'NA'),
('85', 'Manuele', 'Bertoli', 'NA', 'NA'),
('86', 'Marina', 'Cattaruzza', 'NA', 'http://www.hist.unibe.ch/content/personal/cattaruzza_marina/index_ger.html#--lebenslauf'),
('87', 'Marc', 'Collomb', 'NA', 'NA'),
('88', 'François', 'Degeorge', 'NA', 'NA'),
('89', 'Michael', 'Gibbert', 'NA', 'https://ssl.lu.usi.ch/entityws/Allegati/curvit__1880.pdf'),
('90', 'Alfredo', 'Gysi', 'NA', 'NA'),
('91', 'Michele', 'Lanza', 'NA', 'http://www.inf.usi.ch/faculty/lanza/'),
('92', 'Giorgio', 'Margaritondo', 'NA', 'http://sb3.epfl.ch/GMPAGEnew/Welcome_files/vvitagm.pdf'),
('93', 'Piero', 'Martinoli', 'NA', 'https://ssl.lu.usi.ch/entityws/Allegati/3000734_635570057102093184.pdf'),
('94', 'Anne-Nelly', 'Perret-Clermont', 'NA', 'http://www2.unine.ch/anne-nelly.perret-clermont'),
('95', 'Alberto', 'Petruzzella', 'NA', 'NA'),
('96', 'Jean-Marc', 'Rapp', 'NA', 'https://www.linkedin.com/pub/jean-marc-rapp/6/961/933'),
('97', 'Christoph', 'Riedweg', 'NA', 'NA'),
('98', 'Didier', 'Castella', 'NA', 'http://www.didiercastella.ch/portrait.html'),
('99', 'Peter', 'Hänni', 'NA', 'https://www.unifr.ch/ius/haenni/lehrstuhl/peter-haenni'),
('100', 'Laurent', 'Dietrich', 'NA', 'http://www.laurentdietrich.ch/engagements-economiques/'),
('101', 'Hugo', 'Raemy', 'NA', 'NA'),
('102', 'Michel', 'Zadory', 'NA', 'NA'),
('103', 'Claude', 'Roch', 'NA', 'NA'),
('104', 'Hansruedi', 'Stadler', 'NA', 'NA'),
('105', 'Bernard', 'Grobéty', 'NA', 'NA'),
('106', 'Jean-Luc', 'Gurtner', 'NA', 'https://www.unifr.ch/ipg/assets/files/DocCollab/JLGCV%20page1.pdf'),
('107', 'Florian', 'Lippke', 'NA', 'NA'),
('108', 'Yahsmina', 'Coutaz', 'NA', 'NA'),
('109', 'Anja', 'Gruber', 'NA', 'NA'),
('110', 'Guido', 'Vergauwen', 'Fribourg', 'http://www.tilburguniversity.edu/upload/4cc25797-4c10-4f0e-919d-5d3bdaba8a4d_vergauwen.pdf'),
('111', 'Romeo', 'Cerutti', 'Wollerau', 'NA'),
('112', 'Flavio', 'Cotti', 'Minusio', 'NA'),
('113', 'Albert', 'Michel', 'Avry-devant-Pont', 'NA'),
('114', 'Victor', 'Schmid', 'Bern', 'NA'),
('115', 'Heinrich', 'Steinmann', 'Uitikon', 'NA'),
('116', 'Gustav', 'Stenbolt', 'Genève', 'NA'),
('117', 'Jean', 'Luc Nordmann', 'Arlesheim', 'NA'),
('118', 'Roland', 'Schwarz', 'Muttenz', 'NA'),
('119', 'Elisabeth', 'Augstburger-Schaffner', 'Liestal', 'NA'),
('120', 'Patrizia', 'Bognar-Ackermann', 'Arisdorf', 'NA'),
('121', 'Martin', 'Denz', 'Basel', 'NA'),
('122', 'Marc', 'Joset', 'Binningen', 'NA'),
('123', 'Stephan', 'Koller', 'Möhlin', 'NA'),
('124', 'Ruedi', 'Messerli', 'Oberwil', 'NA'),
('125', 'Werner', 'Strüby', 'Aesch', 'NA'),
('126', 'Samuel', 'Bänziger', 'Birsfelden', 'NA'),
('127', 'Martina', 'Bernasconi', 'Basel', 'NA'),
('128', 'Peter F.', 'Weibel', 'NA', 'NA'),
('129', 'Michael', 'Hengartner', 'NA', 'NA'),
('130', 'Peter', 'Felser', 'NA', 'NA'),
('131', 'Peter R.', 'Isler', 'NA', 'NA'),
('132', 'Conrad', 'Meyer', 'NA', 'NA'),
('133', 'Markus', 'Notter', 'NA', 'NA'),
('134', 'Claudia', 'Steinfels', 'NA', 'NA'),
('135', 'Markus W.', 'Schaad', 'NA', 'https://www.linkedin.com/profile/view?id=ADEAAABO0O8BcmLGHXiw8s6FmGiYjfikqByX5g4&authType=name&authToken=2Cu7&locale=en_US&srchid=4207972091443511786091&srchindex=1&srchtotal=5&trk=vsrp_people_res_name&trkInfo=VSRPsearchId%3A4207972091443511786091%2CVSRPtargetId%3A5165295%2CVSRPcmpt%3Aprimary%2CVSRPnm%3Afalse%2CauthType%3Aname'),
('136', 'Jürgen', 'Dormann', 'NA', 'https://de.wikipedia.org/wiki/J%C3%BCrgen_Dormann'),
('137', 'Pius', 'Baschera', 'NA', 'http://www.roche.com/de/about/governance/board_of_directors/board_of_directors-baschera.htm'),
('138', 'Francisco', 'Fernandez', 'NA', 'https://www.linkedin.com/pub/francisco-fernandez/0/533/977'),
('139', 'Walter', 'Gränicher', 'NA', 'NA'),
('140', 'Walter', 'Grüebler', 'NA', 'NA'),
('141', 'Thomas', 'Jordan', 'NA', 'http://www.snb.ch/de/iabout/snb/bodies/id/snb_bodies_board#t3'),
('142', 'Irene', 'Kaufmann', 'NA', 'http://www.bankcoop.ch/de/BankCoop/Wir-ueber-uns/Fuehrungsgremien/CV-Kaufmann'),
('143', 'Thomas', 'Knecht', 'NA', 'NA'),
('144', 'Brice', 'Koch', 'NA', 'NA'),
('145', 'Hariolf', 'Kottmann', 'NA', 'https://www.clariant.com/en/Company/Corporate-Governance/Board-of-Directors/Hariolf-Kottmann'),
('146', 'Jörg', 'Müller-Ganz', 'NA', 'NA'),
('147', 'Detlef', 'Günther', 'NA', 'NA'),
('148', 'Franco', 'Taroni', 'NA', 'NA'),
('149', 'Dominique', 'Arlettaz', 'NA', 'NA'),
('150', 'Philippe', 'Hebeisen', 'NA', 'NA'),
('151', 'Catherine', 'Hirsch', 'NA', 'NA'),
('152', 'René', 'Knüsel', 'NA', 'NA'),
('153', 'Catherine', 'Labouchère', 'NA', 'NA'),
('154', 'Quillet Alexandra', 'Post', 'NA', 'NA'),
('155', 'François', 'Pralong', 'NA', 'NA'),
('156', 'Serena', 'Romano', 'NA', 'NA'),
('157', 'Thomas', 'Bieger', 'NA', 'NA'),
('158', 'Andreas', 'Rudolf Kirchschläger', 'NA', 'NA'),
('159', 'Urs', 'Landolf', 'NA', 'http://www.wengervieli.ch/Anwaelte/Urs-Landolf.aspx'),
('160', 'Wolfram', 'Martel', 'NA', 'NA'),
('161', 'Roberto', 'Vito', 'NA', 'NA'),
('162', 'Marco', 'Borradori', 'NA', 'NA'),
('163', 'Giorgio', 'Giudici', 'NA', 'NA'),
('164', 'Bernard', 'Keller', 'NA', 'NA'),
('165', 'Mattia', 'Malacalza', 'NA', 'NA'),
('166', 'Giovanna', 'Brenni Masoni', 'NA', 'NA'),
('167', 'Henry', 'Peter', 'NA', 'NA'),
('168', 'Andrea', 'Sironi ', 'NA', 'NA'),
('169', 'Hedwig J.', 'Kaiser', '', ''),
('170', 'Dietmar', 'Eberle', '', ''),
('171', 'Mario', 'Fontana', '', ''),
('172', 'Fabio Matteo', 'Gramazio', '', ''),
('173', 'Walter Hans Jakob', 'Kaufmann', '', ''),
('174', 'Marcel', 'Meili', '', ''),
('175', 'Sacha Leo Cornel', 'Menz', '', ''),
('176', 'Arno', 'Schlüter', '', ''),
('177', 'Reza Shokrollah', 'Abhari', '', ''),
('178', 'Aldo', 'Steinfeld', '', ''),
('179', 'Andreas', 'Beyer', '', ''),
('180', 'Anton F.H.', 'Bierl', '', ''),
('181', 'Till', 'Förster', '', ''),
('182', 'Ina', 'Habermann', '', ''),
('183', 'Maarten J.F.M.', 'Hoenen', '', ''),
('184', 'Walter', 'Leimgruber', '', ''),
('185', 'Martin', 'Lengwiler', '', ''),
('186', 'Elisio', 'Macamo', '', ''),
('187', 'Andreas', 'Papassotiropoulos', '', ''),
('188', 'Georg', 'Pfleiderer', '', ''),
('189', 'Mark', 'Pieth', '', ''),
('190', 'Matthias', 'Schmidt', '', ''),
('191', 'Peter', 'Fornaro', '', ''),
('192', 'Klaus', 'Neumann-Braun', '', ''),
('193', 'David Alan', 'Basin', '', ''),
('194', 'Srdan', 'Capkun', '', ''),
('195', 'Raffaello', 'D''Andrea', '', ''),
('196', 'Paolo', 'Ermanni', '', ''),
('197', 'Jérôme Jean-Constant', 'Faist', '', ''),
('198', 'Elgar', 'Fleisch', '', ''),
('199', 'Markus Hans', 'Gross', '', ''),
('200', 'Wilhelm', 'Krek', '', ''),
('201', 'Hans-Andrea', 'Loeliger', '', ''),
('202', 'Ulrich', 'Maurer', '', ''),
('203', 'Bradley', 'Nelson', '', ''),
('204', 'Dimos', 'Poulikakos', '', ''),
('205', 'Roland Yves', 'Siegwart', '', ''),
('206', 'Didier', 'Sornette', '', ''),
('207', 'Gábor', 'Székely', '', ''),
('208', 'Gerhard', 'Tröster', '', ''),
('209', 'Konrad', 'Wegener', '', ''),
('210', 'Peter', 'Widmayer', '', ''),
('211', 'Gerd', 'Folkers', '', ''),
('212', 'Markus', 'Schefer', '', ''),
('213', 'Ingeborg', 'Schwenzer', '', ''),
('214', 'Daniela', 'Thurnherr Keller', '', ''),
('215', 'Gerhard M.', 'Christofori', '', ''),
('216', 'Dominique', 'de Quervain', '', ''),
('217', 'Hans H.', 'Hirsch', '', ''),
('218', 'Roland', 'Weiger', '', ''),
('219', 'Matthias P.', 'Wymann', '', ''),
('220', 'Wilhelm', 'Gruissem', '', ''),
('221', 'Ernst', 'Hafen', '', ''),
('222', 'Christian Gerhard', 'Wolfrum', '', ''),
('223', 'Edwin Charles', 'Constable', '', ''),
('224', 'Gianluca', 'Crippa', '', ''),
('225', 'Karl', 'Gademann', '', ''),
('226', 'Erick Moran', 'Carreira', '', ''),
('227', 'Peter', 'Chen', '', ''),
('228', 'François', 'Diederich', '', ''),
('229', 'Konrad', 'Hungerbühler', '', ''),
('230', 'Patrick', 'Jenny', '', ''),
('231', 'Antonio', 'Lanzavecchia', '', ''),
('232', 'Massimo', 'Morbidelli', '', ''),
('233', 'Johan Olof Anders', 'Robertsson', '', ''),
('234', 'Martin O.', 'Saar', '', ''),
('235', 'Helma Barblin', 'Wennemers', '', ''),
('236', 'Peter', 'Nagel', '', ''),
('237', 'Torsten', 'Schwede', '', ''),
('238', 'Thomas', 'Szucs', '', ''),
('239', 'Martin', 'Wilks', '', ''),
('240', 'Dario', 'Neri', '', ''),
('241', 'Roland', 'Fankhauser', '', ''),
('242', 'Pascal', 'Gantenbein', '', ''),
('243', 'Yvan', 'Lengwiler', '', ''),
('244', 'Georg', 'Nöldeke', '', ''),
('245', 'Georg', 'von Schnurbein', '', ''),
('246', 'Hannes', 'Weigt', '', ''),
('247', 'Heinz', 'Zimmermann', '', ''),
('248', 'Kay Werner', 'Axhausen', '', ''),
('249', 'Pius Eliseo', 'Baschera', '', ''),
('250', 'Roman', 'Boutellier', '', ''),
('251', 'Paul', 'Schönsleben', '', ''),
('252', 'Georg Fredrik', 'von Krogh', '', ''),
('253', 'Ulrich Alois', 'Weidmann', '', ''),
('254', 'Karl', 'Aberer', '', ''),
('255', 'Georges', 'Abou Jaoudé', '', ''),
('256', 'Anastasia', 'Ailamaki', '', ''),
('257', 'Christophe', 'Ancey', '', ''),
('258', 'Marilyne', 'Andersen', '', ''),
('259', 'David', 'Atienza Alonso', '', ''),
('260', 'Johan', 'Auwerx', '', ''),
('261', 'François', 'Avellan', '', ''),
('262', 'Marco', 'Bakker', '', ''),
('263', 'Christophe', 'Ballif', '', ''),
('264', 'Yann', 'Barrandon', '', ''),
('265', 'David Andrew', 'Barry', '', ''),
('266', 'Aurelio', 'Bay', '', ''),
('267', 'Eva', 'Bayer Fluckiger', '', ''),
('268', 'Katrin', 'Beyer', '', ''),
('269', 'Michel', 'Bierlaire', '', ''),
('270', 'Aude', 'Billard', '', ''),
('271', 'Alexandre', 'Blanc', '', ''),
('272', 'Olaf', 'Blanke', '', ''),
('273', 'Geoffrey', 'Bodenhausen', '', ''),
('274', 'Luca', 'Bona', '', ''),
('275', 'Dominique', 'Bonvin', '', ''),
('276', 'Ioannis', 'Botsis', '', ''),
('277', 'Hervé', 'Bourlard', '', ''),
('278', 'Nicola', 'Braghieri', '', ''),
('279', 'Eugen', 'Brühwiler', '', ''),
('280', 'Jürgen', 'Brugger', '', ''),
('281', 'Harald', 'Brune', '', ''),
('282', 'Andreas', 'Burg', '', ''),
('283', 'George', 'Candea', '', ''),
('284', 'Volkan', 'Cevher', '', ''),
('285', 'Majed', 'Chergui', '', ''),
('286', 'Stewart', 'Cole', '', ''),
('287', 'Pierre', 'Collin Dufresne', '', ''),
('288', 'Grégoire', 'Courtine', '', ''),
('289', 'William', 'Curtin', '', ''),
('290', 'Anthony C.', 'Davison', '', ''),
('291', 'Giovanni', 'de Micheli', '', ''),
('292', 'Michele', 'De Palma', '', ''),
('293', 'Bart', 'Deplancke', '', ''),
('294', 'Nico', 'de Rooij', '', ''),
('295', 'Benoît', 'Deveaud', '', ''),
('296', 'Giovanni', 'Dietler', '', ''),
('297', 'Dieter', 'Dietz', '', ''),
('298', 'Pierre', 'Dillenbourg', '', ''),
('299', 'Denis', 'Duboule', '', ''),
('300', 'André-Gilles', 'Dumont', '', ''),
('301', 'Paul Joseph', 'Dyson', '', ''),
('302', 'Friedrich', 'Eisenbrand', '', ''),
('303', 'David Lyndon', 'Emsley', '', ''),
('304', 'Christian', 'Enz', '', ''),
('305', 'Rüdiger', 'Fahlenbrach', '', ''),
('306', 'Boi', 'Faltings', '', ''),
('307', 'Georg', 'Fantner', '', ''),
('308', 'Pierre-André', 'Farine', '', ''),
('309', 'Ambrogio', 'Fasoli', '', ''),
('310', 'Damir', 'Filipovic', '', ''),
('311', 'Matthias', 'Finger', '', ''),
('312', 'Dario', 'Floreano', '', ''),
('313', 'Anna', 'Fontcuberta Morral', '', ''),
('314', 'Dominique', 'Foray', '', ''),
('315', 'László', 'Forró', '', ''),
('316', 'Martin', 'Fröhlich', '', ''),
('317', 'Pascal', 'Fua', '', ''),
('318', 'Michael', 'Gastpar', '', ''),
('319', 'Kersten', 'Geers', '', ''),
('320', 'Nikolaos', 'Geroliminis', '', ''),
('321', 'Wulfram', 'Gerstner', '', ''),
('322', 'Martinus', 'Gijs', '', ''),
('323', 'Philippe', 'Gillet', '', ''),
('324', 'Hubert', 'Girault', '', ''),
('325', 'Rémy', 'Glardon', '', ''),
('326', 'Pierre', 'Gönczy', '', ''),
('327', 'Franz', 'Graf', '', ''),
('328', 'Michael', 'Graetzel', '', ''),
('329', 'Nicolas', 'Grandjean', '', ''),
('330', 'Marc', 'Gruber', '', ''),
('331', 'Rachid', 'Guerraoui', '', ''),
('332', 'Harry', 'Gugger', '', ''),
('333', 'Carlotta', 'Guiducci', '', ''),
('334', 'Anders', 'Hagfeldt', '', ''),
('335', 'Douglas', 'Hanahan', '', ''),
('336', 'Vassily', 'Hatzimanikatis', '', ''),
('337', 'Sophia', 'Haussener', '', ''),
('338', 'Cécile', 'Hébert', '', ''),
('339', 'Christian', 'Heinis', '', ''),
('340', 'Simon', 'Henein', '', ''),
('341', 'Janet', 'Hering', '', ''),
('342', 'Hans Peter', 'Herzig', '', ''),
('343', 'Jan Sickmann', 'Hesthaven', '', ''),
('344', 'Heinrich', 'Hofmann', '', ''),
('345', 'Christof', 'Holliger', '', ''),
('346', 'Xile', 'Hu', '', ''),
('347', 'Jeffrey', 'Huang', '', ''),
('348', 'Jean-Pierre', 'Hubaux', '', ''),
('349', 'Jeffrey Alan', 'Hubbell', '', ''),
('350', 'Paolo', 'Ienne', '', ''),
('351', 'Mihai Adrian', 'Ionescu', '', ''),
('352', 'Kai', 'Johnsson', '', ''),
('353', 'Colin', 'Jones', '', ''),
('354', 'Frédéric', 'Kaplan', '', ''),
('355', 'Elyahou', 'Kapon', '', ''),
('356', 'Vincent', 'Kaufmann', '', ''),
('357', 'Thomas', 'Keller', '', ''),
('358', 'Klaus', 'Kern', '', ''),
('359', 'Harm-Anton', 'Klok', '', ''),
('360', 'Tamar', 'Kohn Johnson', '', ''),
('361', 'Daniel', 'Kuhn', '', ''),
('362', 'Stéphanie', 'Lacour', '', ''),
('363', 'Lyesse', 'Laloui', '', ''),
('364', 'Inès', 'Devanthéry-Lamunière', '', ''),
('365', 'James', 'Larus', '', ''),
('366', 'Hilal', 'Lashuel', '', ''),
('367', 'Theo', 'Lasser', '', ''),
('368', 'Yusuf', 'Leblebici', '', ''),
('369', 'Michael', 'Lehning', '', ''),
('370', 'Arjen', 'Lenstra', '', ''),
('371', 'Joachim', 'Lingner', '', ''),
('372', 'Roland', 'Logé', '', ''),
('373', 'Matthias', 'Lütolf', '', ''),
('374', 'Sebastian', 'Maerkl', '', ''),
('375', 'Pierre', 'Magistretti', '', ''),
('376', 'Semyon', 'Malamud', '', ''),
('377', 'Jan-Anders', 'Manson', '', ''),
('378', 'Bruno', 'Marchand', '', ''),
('379', 'Henry', 'Markram', '', ''),
('380', 'Olivier', 'Martin', '', ''),
('381', 'Anders', 'Meibom', '', ''),
('382', 'Silvestro', 'Micera', '', ''),
('383', 'Frédéric', 'Mila', '', ''),
('384', 'José del Rocío', 'Millán Ruiz', '', ''),
('385', 'Jean-François', 'Molinari', '', ''),
('386', 'Nicolas', 'Monod', '', ''),
('387', 'Erwan', 'Morellec', '', ''),
('388', 'Stephan', 'Morgenthaler', '', ''),
('389', 'Andreas', 'Mortensen', '', ''),
('390', 'Christophe', 'Moser', '', ''),
('391', 'Juan Ramon', 'Mosig', '', ''),
('392', 'Thomas', 'Mountford', '', ''),
('393', 'Aurelio', 'Muttoni', '', ''),
('394', 'Felix', 'Naef', '', ''),
('395', 'Tatsuya', 'Nakada', '', ''),
('396', 'Martin', 'Odersky', '', ''),
('397', 'Luca', 'Ortelli', '', ''),
('398', 'Jànos', 'Pach', '', ''),
('399', 'Mario', 'Paolone', '', ''),
('400', 'Marc', 'Parlange', '', ''),
('401', 'Mark', 'Pauly', '', ''),
('402', 'Andreas', 'Pautz', '', ''),
('403', 'Dominique', 'Perrault', '', ''),
('404', 'Fernando', 'Porte Agel', '', ''),
('405', 'Demetri', 'Psaltis', '', ''),
('406', 'Alfio', 'Quarteroni', '', ''),
('407', 'Aleksandra', 'Radenovic', '', ''),
('408', 'Freddy', 'Radtke', '', ''),
('409', 'Michel', 'Rappaz', '', ''),
('410', 'Philippe', 'Renaud', '', ''),
('411', 'Emmanuel', 'Rey', '', ''),
('412', 'Andrea', 'Rinaldo', '', ''),
('413', 'Leonid', 'Rivkin', '', ''),
('414', 'Thomas', 'Rizzo', '', ''),
('415', 'Ursula', 'Röthlisberger', '', ''),
('416', 'Alfred', 'Rufer', '', ''),
('417', 'Peter', 'Ryser', '', ''),
('418', 'Maria del Carmen', 'Sandi Perez', '', ''),
('419', 'Jean-Louis', 'Scartezzini', '', ''),
('420', 'Anton', 'Schleiss', '', ''),
('421', 'Olivier', 'Schneider', '', ''),
('422', 'Tobias', 'Schneider', '', ''),
('423', 'Karen', 'Scrivener', '', ''),
('424', 'Ralf', 'Seifert', '', ''),
('425', 'Nava', 'Setter', '', ''),
('426', 'Kay', 'Severin', '', ''),
('427', 'Mohammad Amin', 'Shokrollahi', '', ''),
('428', 'Joseph', 'Sifakis', '', ''),
('429', 'Berend', 'Smit', '', ''),
('430', 'Ian', 'Smith', '', ''),
('431', 'Fabien', 'Sorin', '', ''),
('432', 'Francesco', 'Stellacci', '', ''),
('433', 'Nikolaos', 'Stergiopulos', '', ''),
('434', 'Sabine', 'Süsstrunk', '', ''),
('435', 'David', 'Suter', '', ''),
('436', 'Melody', 'Swartz', '', ''),
('437', 'Philippe', 'Thalmann', '', ''),
('438', 'Jean-Philippe', 'Thiran', '', ''),
('439', 'Patrick', 'Thiran', '', ''),
('440', 'Didier', 'Trono', '', ''),
('441', 'Christopher', 'Tucci', '', ''),
('442', 'Michaël', 'Unser', '', ''),
('443', 'Pierre', 'Vandergheynst', '', ''),
('444', 'Françoise Gisou van der', 'Goot Grunberg', '', ''),
('445', 'Serge', 'Vaudenay', '', ''),
('446', 'Martin', 'Vetterli', '', ''),
('447', 'Paola', 'Viganò', '', ''),
('448', 'Laurent', 'Vulliet', '', ''),
('449', 'Alain', 'Wegmann', '', ''),
('450', 'Yves', 'Weinand', '', ''),
('451', 'Alfred', 'Wüest', '', ''),
('452', 'Paul', 'Xirouchakis', '', ''),
('453', 'Jian', 'Zhao', '', ''),
('454', 'Jieping', 'Zhu', '', ''),
('455', 'Andreas', 'Züttel', '', ''),
('456', 'Willy', 'Zwaenepoel', '', ''),
('457', 'Basile', 'Cardinaux', '', ''),
('458', 'Jacques', 'Dubey', '', ''),
('459', 'Astrid', 'Epiney', '', ''),
('460', 'Bettina', 'Hürlimann-Kaup', '', ''),
('461', 'Bertrand', 'Perrin', '', ''),
('462', 'Pascal', 'Pichonnaz', '', ''),
('463', 'Nicolas', 'Queloz', '', ''),
('464', 'Franz', 'Werro', '', ''),
('465', 'Jean-Baptiste', 'Zufferey', '', ''),
('466', 'Gérard', 'Bless', '', ''),
('467', 'Thomas', 'Hunkeler', '', ''),
('468', 'Simone', 'Munsch', '', ''),
('469', 'Björn', 'Rasch', '', ''),
('470', 'Jean-Marie', 'Annoni', '', ''),
('471', 'Christian', 'Bochet', '', ''),
('472', 'Marco', 'Celio', '', ''),
('473', 'Rolf', 'Ingold', '', ''),
('474', 'Titus Andreas', 'Jenny', '', ''),
('475', 'Anna', 'Lauber-Biason', '', ''),
('476', 'Jean-Pierre', 'Métraux', '', ''),
('477', 'Curzio', 'Rüegg', '', ''),
('478', 'Frank', 'Scheffold', '', ''),
('479', 'Reiner', 'Eichenberger', '', ''),
('480', 'Andreas', 'Meier', '', ''),
('481', 'Stephanie', 'Teufel', '', ''),
('482', 'Hugues', 'Abriel', '', ''),
('483', 'Daniel', 'Aebersold', '', ''),
('484', 'Christoph', 'Aebi', '', ''),
('485', 'Drahomir', 'Aujesky', '', ''),
('486', 'Artur', 'Baldauf', '', ''),
('487', 'Claudio', 'Bassetti', '', ''),
('488', 'Iris', 'Baumgartner', '', ''),
('489', 'Rolf', 'Becker', '', ''),
('490', 'René', 'Bloch', '', ''),
('491', 'Christoph Hans', 'Boesch', '', ''),
('492', 'Birgitt', 'Borkopp', '', ''),
('493', 'Urs', 'Brägger', '', ''),
('494', 'Torsten', 'Braun', '', ''),
('495', 'Aymo', 'Brunetti', '', ''),
('496', 'Daniel', 'Buser', '', ''),
('497', 'Daniel', 'Candinas', '', ''),
('498', 'Thierry', 'Carrel', '', ''),
('499', 'Marina Silva', 'Cattaruzza', '', ''),
('500', 'Achim', 'Conzelmann', '', ''),
('501', 'Harris', 'Dellas', '', ''),
('502', 'Valentin', 'Djonov', '', ''),
('503', 'Jean-François', 'Dufour', '', ''),
('504', 'Matthias', 'Egger', '', ''),
('505', 'Martin', 'Fey', '', ''),
('506', 'Joseph', 'Francois', '', ''),
('507', 'Thomas', 'Geiser', '', ''),
('508', 'Bruno', 'Gottstein', '', ''),
('509', 'Albert', 'Hafner', '', ''),
('510', 'Elke', 'Hentschel', '', ''),
('511', 'Christian', 'Hesse', '', ''),
('512', 'Johannes', 'Heverhagen', '', ''),
('513', 'Sibylle', 'Hofer', '', ''),
('514', 'André', 'Holenstein', '', ''),
('515', 'Stephanie', 'Hrubesch', '', ''),
('516', 'Karin Mirjam', 'Ingold', '', ''),
('517', 'Christian', 'Jackowski', '', ''),
('518', 'Christos', 'Katsaros', '', ''),
('519', 'Thomas', 'Koller', '', ''),
('520', 'Andreas', 'Kotte', '', ''),
('521', 'Fréderic', 'Krauskopf', '', ''),
('522', 'Harley', 'Krohmer', '', ''),
('523', 'Peter Viktor', 'Kunz', '', ''),
('524', 'Tosso', 'Leeb', '', ''),
('525', 'Christian', 'Leumann', '', ''),
('526', 'Andreas', 'Lienhard', '', ''),
('527', 'Claudio', 'Loderer', '', ''),
('528', 'Oliver', 'Lubrich', '', ''),
('529', 'Adriano', 'Marantelli', '', ''),
('530', 'Heike', 'Mayer', '', ''),
('531', 'Meike', 'Mevissen', '', ''),
('532', 'Klaus', 'Mezger', '', ''),
('533', 'Paul', 'Mohacsi', '', ''),
('534', 'Bruno', 'Moretti', '', ''),
('535', 'Urs Peter', 'Mosimann', '', ''),
('536', 'Christoph', 'Müller', '', ''),
('537', 'Primus-Eugen', 'Mullis', '', ''),
('538', 'Tobias', 'Nef', '', ''),
('539', 'Lutz-Peter', 'Nolte', '', ''),
('540', 'Daniel', 'Odermatt', '', ''),
('541', 'Walter', 'Perrig', '', ''),
('542', 'Stefan', 'Rebenich', '', ''),
('543', 'Jean-Claude', 'Reubi', '', ''),
('544', 'Cyrill P.', 'Rigamonti', '', ''),
('545', 'Stephan', 'Rohr', '', ''),
('546', 'Fritz', 'Schlunegger', '', ''),
('547', 'Peter', 'Schneemann', '', ''),
('548', 'André', 'Schneider', '', ''),
('549', 'Reinhard', 'Schulze', '', ''),
('550', 'Hans-Uwe', 'Simon', '', ''),
('551', 'David', 'Spreng', '', ''),
('552', 'Hubert', 'Steinke', '', ''),
('553', 'Gunter', 'Stephan', '', ''),
('554', 'Thomas', 'Stocker', '', ''),
('555', 'Werner', 'Strik', '', ''),
('556', 'Frank', 'Stüber', '', ''),
('557', 'Martin G.', 'Täuber', '', ''),
('558', 'Christina', 'Thurner', '', ''),
('559', 'Adrian', 'Vatter', '', ''),
('560', 'Doris', 'Wastl', '', ''),
('561', 'Stefan', 'Weber', '', ''),
('562', 'Stephan', 'Windecker', '', ''),
('563', 'Ursula', 'Wolf', '', ''),
('564', 'Sebastian', 'Wolf', '', ''),
('565', 'Stephan', 'Wolf', '', ''),
('566', 'Pascal', 'Zysset', '', ''),
('567', 'Stephan', 'Aier', '', ''),
('568', 'Manuel', 'Ammann', '', ''),
('569', 'Omid', 'Aschari', '', ''),
('570', 'Andrea', 'Back', '', ''),
('571', 'Christian', 'Belz', '', ''),
('572', 'Pietro', 'Beritelli', '', ''),
('573', 'Thomas', 'Berndt', '', ''),
('574', 'Urs', 'Bertschinger', '', ''),
('575', 'Walter', 'Brenner', '', ''),
('576', 'Martin', 'Brown', '', ''),
('577', 'Heike', 'Bruch', '', ''),
('578', 'Stefan', 'Bühler', '', ''),
('579', 'James W.', 'Davis', '', ''),
('580', 'Enrico', 'De Giorgi', '', ''),
('581', 'Pascal', 'Dey', '', ''),
('582', 'Thomas', 'Dyllick', '', ''),
('583', 'Anna', 'Ebers', '', ''),
('584', 'Patricia', 'Egli', '', ''),
('585', 'Bernhard', 'Ehrenzeller', '', ''),
('586', 'Florian', 'Elliker', '', ''),
('587', 'Patrick', 'Emmenegger', '', ''),
('588', 'Thomas', 'Epper', '', ''),
('589', 'Beatrix', 'Eugster', '', ''),
('590', 'Peter Mathias', 'Fischer', '', ''),
('591', 'Reto', 'Föllmi', '', ''),
('592', 'Geraldine', 'Frei', '', ''),
('593', 'Thomas', 'Friedli', '', ''),
('594', 'Roland', 'Füss', '', ''),
('595', 'Alexander', 'Fust', '', ''),
('596', 'Oliver', 'Gassmann', '', ''),
('597', 'Dietmar', 'Grichnik', '', ''),
('598', 'Andreas', 'Grüner', '', ''),
('599', 'Lukas', 'Gschwend', '', ''),
('600', 'Andreas', 'Härter', '', ''),
('601', 'Roland', 'Hodler', '', ''),
('602', 'Christian Pieter', 'Hoffmann', '', ''),
('603', 'Joerg', 'Hofstetter', '', ''),
('604', 'Alexander', 'Ilic', '', ''),
('605', 'Wolfgang', 'Jenewein', '', ''),
('606', 'Reinhard', 'Jung', '', ''),
('607', 'Markus', 'Kreutzer', '', ''),
('608', 'Tomi', 'Laamanen', '', ''),
('609', 'Christoph', 'Lechner', '', ''),
('610', 'Dirk', 'Lehmkuhl', '', ''),
('611', 'Peter', 'Leibfried', '', ''),
('612', 'Jan Marco', 'Leimeister', '', ''),
('613', 'Scott', 'Loren', '', ''),
('614', 'Tobias', 'Mettler', '', ''),
('615', 'Ernst', 'Mohr', '', ''),
('616', 'Klaus', 'Möller', '', ''),
('617', 'Josef', 'Mondl', '', ''),
('618', 'Stefan', 'Morkötter', '', ''),
('619', 'Roger', 'Moser', '', ''),
('620', 'Christoph A.', 'Müller', '', ''),
('621', 'Roland', 'Müller', '', ''),
('622', 'Günter', 'Müller-Stewens', '', ''),
('623', 'Sven', 'Reinecke', '', ''),
('624', 'Vito', 'Roberto', '', ''),
('625', 'Peter', 'Rohner', '', ''),
('626', 'Thomas', 'Rudolph', '', ''),
('627', 'Johannes', 'Rüegg-Stürm', '', ''),
('628', 'Flemming', 'Ruud', '', ''),
('629', 'Dirk', 'Schäfer', '', ''),
('630', 'Kuno', 'Schedler', '', ''),
('631', 'Benjamin', 'Schindler', '', ''),
('632', 'Hato', 'Schmeiser', '', ''),
('633', 'Paul', 'Söderlind', '', ''),
('634', 'Leo', 'Staub', '', ''),
('635', 'Daniel', 'Steingruber', '', ''),
('636', 'Anthony', 'Strittmatter', '', ''),
('637', 'Michèle F.', 'Sutter-Rüdisser', '', ''),
('638', 'Torsten', 'Tomczak', '', ''),
('639', 'Falk', 'Uebernickel', '', ''),
('640', 'Thierry', 'Volery', '', ''),
('641', 'Rico', 'von Wyss', '', ''),
('642', 'Simone', 'Walther', '', ''),
('643', 'Antoinette', 'Weibel', '', ''),
('644', 'Florian', 'Wettstein', '', ''),
('645', 'Thomas Markus', 'Zellweger', '', ''),
('646', 'Alexander', 'Zimmermann', '', ''),
('647', 'Rajna Nicole', 'Gibson Brandon', 'NA', 'NA'),
('648', 'Alexandre', 'Pouget', '', ''),
('649', 'Nicolas', 'Gisin', '', ''),
('650', 'Christian', 'Bovet', '', ''),
('651', 'Ivan', 'Rodriguez', '', ''),
('652', 'Stanislav', 'Smirnov', '', ''),
('653', 'Philippe A.', 'Halban', '', ''),
('654', 'Hugo', 'Zbinden', '', ' '),
('655', 'Ulrich', 'Mosch', '', ''),
('656', 'Marcelo', 'Aebi', '', ''),
('657', 'John', 'Antonakis', '', ''),
('658', 'Philippe', 'Bacchetta', '', ' '),
('659', 'André', 'Berchtold', '', ''),
('660', 'Giuliano', 'Bonoli', '', ''),
('661', 'Robert', 'Danon', '', ''),
('662', 'Minyue', 'Dong', '', ''),
('663', 'Gian-Paulo', 'Dotto', '', ''),
('664', 'François', 'Dufresne', '', ''),
('665', 'Anne-Christine', 'Favre', '', ''),
('666', 'Pascal', 'Jacot-Guillarmod', '', ''),
('667', 'Bettina', 'Kahil', '', ''),
('668', 'Andreas', 'Ladner', '', ''),
('669', 'Rafael', 'Lalive', '', ''),
('670', 'Stuart', 'Lane', '', ''),
('671', 'Christophe', 'Mager', '', ''),
('672', 'Julia', 'Marewski', '', ''),
('673', 'Philippe', 'Meier', '', ''),
('674', 'Daniel', 'Oyon', '', ''),
('675', 'Ioannis', 'Papadopoulos', '', ''),
('676', 'Nicolas', 'Mermod', '', ''),
('677', 'Hans Jörg', 'Peter', '', ''),
('678', 'Yves', 'Pigneur', '', ''),
('679', 'Denis', 'Piotet', '', ''),
('680', 'Pascal', 'Roman', '', ''),
('681', 'Ian', 'Sanders', '', ''),
('682', 'Laurent', 'Schild', '', ''),
('683', 'Nils', 'Soguel', '', ''),
('684', 'Denis', 'Tappy', '', ''),
('685', 'Zhivko', 'Taushanov', '', ''),
('686', 'Bernard', 'Thorens', '', ''),
('687', 'Cesla', 'Amarelle', '', ''),
('688', 'Jean-Jacques', 'Aubert', '', ''),
('689', 'Olivier', 'Christin', '', ''),
('690', 'Jean-Philippe', 'Dunand', '', ''),
('691', 'Olivier', 'Guillod', '', ''),
('692', 'Pascal', 'Mahon', '', ''),
('693', 'Pierre-Alain', 'Mariaux', '', ''),
('694', 'Laurent', 'Tissot', '', ''),
('695', 'Klaus', 'Zuberbühler', '', ''),
('696', 'Sarah', 'Springman', '', ''),
('697', 'Olivier', 'Hari', '', ''),
('698', 'Manfred', 'Morari', '', ''),
('699', 'Mirko', 'Meboldt', '', ''),
('700', 'Hubert', 'Klumpner', '', ''),
('701', 'Laurent', 'Stalder', '', ''),
('702', 'Nicolas', 'Gruber', '', ''),
('703', 'Stefanie', 'Hellweg', '', ''),
('704', 'Renate', 'Schubert', '', ''),
('705', 'Alexander', 'Widmer', '', ''),
('706', 'Thomas', 'Vogel', '', ''),
('707', 'Matthias', 'Kohler', '', ''),
('708', 'Rainer', 'Schulin', '', ''),
('709', 'Alexander', 'Widmer', '', ''),
('710', 'Ottmar', 'Holdenrieder', '', ''),
('711', 'Jonathan', 'Levine', '', ''),
('712', 'Emmanuel', 'Frossard', '', ''),
('713', 'David', 'Gugerli', '', ''),
('714', 'Christoph', 'Heinrich', '', ''),
('715', 'Gudela', 'Grote', '', ''),
('716', 'Stefan', 'Bechtold', '', ''),
('717', 'Philipp', 'Rudolf von Rohr', '', '');

INSERT INTO "Professor" ("Person_ID", "Institut", "Email") VALUES
('25', 'Geschichte der Institutionen', 'A.Loprieno(at)unibas.ch'),
('47', 'Präsident', 'lino.guzzella(at)sl.ethz.ch'),
('48', 'P - Présidence (P-PR)', 'patrick.aebischer(at)epfl.ch'),
('49', 'Institut de physique de la matière condensée (ICMP)', 'joel.mesot(at)epfl.ch'),
('92', 'Institut de physique de la matière condensée (ICMP)', 'giorgio.margaritondo(at)epfl.ch'),
('147', 'Vizepräsident für Forschung und Wirtschaftsbeziehungen', 'detlef.guenther(at)sl.ethz.ch'),
('157', '', 'thomas.bieger(at)unisg.ch'),
('169', 'Vizerektorat Bildung', 'h-j.Kaiser(at)unibas.ch'),
('170', '', 'eberle(at)arch.ethz.ch'),
('171', 'Institut für Baustatik und Konstruktion', 'fontana(at)ibk.baug.ethz.ch'),
('172', 'Institut für Technologie in der Architektur', 'gramazio(at)arch.ethz.ch'),
('173', 'Institut für Baustatik und Konstruktion', 'kaufmann(at)ibk.baug.ethz.ch'),
('174', 'Studio Basel / Institut Stadt der Gegenwart', 'meili(at)arch.ethz.ch'),
('175', 'Institut für Technologie in der Architektur', 'menz(at)arch.ethz.ch'),
('176', 'Institut für Technologie in der Architektur', 'schlueter(at)arch.ethz.ch'),
('177', 'Institut für Energietechnik', 'rabhari(at)lec.mavt.ethz.ch'),
('178', 'Institut für Energietechnik', 'aldo.steinfeld(at)ethz.ch'),
('179', 'Kunstgeschichte', 'Andreas.Beyer(at)unibas.ch'),
('180', 'Gräzistik', 'A.Bierl(at)unibas.ch'),
('181', 'Ethnologie', 'Till.Foerster(at)unibas.ch'),
('182', 'Anglistik', 'Ina.Habermann(at)unibas.ch'),
('183', 'Vizerektorat Lehre & Entwicklung', 'maarten.hoenen(at)unibas.ch'),
('184', 'Kulturwiss./Europäische Ethnologie', 'Walter.Leimgruber(at)unibas.ch'),
('185', 'Geschichte', 'Martin.Lengwiler(at)unibas.ch'),
('186', 'Soziologie', 'elisio.macamo(at)unibas.ch'),
('187', '', 'Andreas.Papas(at)unibas.ch'),
('188', 'Fachbereich Theologie', 'Georg.Pfleiderer(at)unibas.ch'),
('189', '', 'Mark.Pieth(at)unibas.ch'),
('190', 'Musikwissenschaften', 'Matthias.Schmidt(at)unibas.ch'),
('191', '', 'peter.fornaro(at)unibas.ch'),
('192', 'Medienwissenschaften', 'K.Neumann-Braun(at)unibas.ch'),
('193', 'Institut für Informationssicherheit', 'basin(at)inf.ethz.ch'),
('194', 'Institut für Informationssicherheit', 'srdjan.capkun(at)inf.ethz.ch'),
('195', 'Institut für Dynamische Systeme und Regelungstechnik', 'rdandrea(at)ethz.ch'),
('196', 'Institut für Design, Materialien und Fabrikation', 'permanni(at)ethz.ch'),
('197', 'Institut für Quantenelektronik', 'jfaist(at)ethz.ch'),
('198', '', 'efleisch(at)ethz.ch'),
('199', 'Institut für Visual Computing', 'grossm(at)inf.ethz.ch'),
('200', 'Institut für Molecular Health Sciences', 'wilhelm.krek(at)biol.ethz.ch'),
('201', 'Institut für Signal- und Informationsverarbeitung', 'loeliger(at)isi.ee.ethz.ch'),
('202', 'Institut für Theoretische Informatik', 'maurer(at)inf.ethz.ch'),
('203', 'Institut für Robotik und Intelligente Systeme', 'bnelson(at)ethz.ch'),
('204', 'Institut für Energietechnik', 'dpoulikakos(at)ethz.ch'),
('205', 'Institut für Robotik und Intelligente Systeme', 'rsiegwart(at)ethz.ch'),
('206', '', 'dsornette(at)ethz.ch'),
('207', 'Institut für Bildverarbeitung', 'gabor.szekely(at)vision.ee.ethz.ch'),
('208', 'Institut für Elektronik', 'troester(at)ife.ee.ethz.ch'),
('209', 'Institut für Werkzeugmaschinen und Fertigung', 'wegener(at)iwf.mavt.ethz.ch'),
('210', 'Institut für Theoretische Informatik', 'widmayer(at)inf.ethz.ch'),
('211', 'Institut für Pharmazeutische Wissenschaften', 'folkers(at)collegium.ethz.ch'),
('212', '', 'Markus.Schefer(at)unibas.ch'),
('213', '', 'Ingeborg.Schwenzer(at)unibas.ch'),
('214', '', 'Daniela.Thurnherr(at)unibas.ch'),
('215', 'Departement Biomedizin', 'Gerhard.Christofori(at)unibas.ch'),
('216', '', 'dominique.dequervain(at)unibas.ch'),
('217', 'Departement Biomedizin', 'hans.hirsch(at)unibas.ch'),
('218', 'Universitätskliniken für Zahnmedizin', 'roland.weiger(at)unibas.ch'),
('219', 'Departement Biomedizin', 'Matthias.Wymann(at)unibas.ch'),
('220', '', 'wgruisse(at)ethz.ch'),
('221', 'Institut für Molekulare Systembiologie', 'hafen(at)imsb.biol.ethz.ch'),
('222', 'Institut für Lebensmittelwissenschaften, Ernährung und Gesundheit', 'christian-wolfrum(at)ethz.ch'),
('223', 'Vizerektorat Forschung', 'Edwin.Constable(at)unibas.ch'),
('224', 'Fachbereich Mathematik', 'gianluca.crippa(at)unibas.ch'),
('225', 'Institut für Chemie', 'karl.gademann(at)chem.uzh.ch'),
('226', 'Laboratorium für Organische Chemie', 'erickm.carreira(at)org.chem.ethz.ch'),
('227', 'Laboratorium für Organische Chemie', 'peter.chen(at)org.chem.ethz.ch'),
('228', 'Laboratorium für Organische Chemie', 'diederich(at)org.chem.ethz.ch'),
('229', 'Institut für Chemie- und Bioingenieurwissenschaften', 'konrad.hungerbuehler(at)chem.ethz.ch'),
('230', 'Institut für Fluiddynamik', 'jenny(at)ifd.mavt.ethz.ch'),
('231', 'Institut für Mikrobiologie', 'lanzavecchia(at)micro.biol.ethz.ch'),
('232', 'Institut für Chemie- und Bioingenieurwissenschaften', 'massimo.morbidelli(at)chem.ethz.ch'),
('233', 'Institut für Geophysik', 'johan.robertsson(at)erdw.ethz.ch'),
('234', 'Institut für Geophysik', 'saarm(at)ethz.ch'),
('235', 'Laboratorium für Organische Chemie', 'helma.wennemers(at)org.chem.ethz.ch'),
('236', 'Departement Umweltwissenschaften', 'peter.nagel(at)unibas.ch'),
('237', 'Biozentrum', 'Torsten.Schwede(at)unibas.ch'),
('238', 'Institut für Pharmazeutische Medizin (ECPM)', 'thomas.szucs(at)unibas.ch'),
('239', 'Departement Biomedizin', 'martin.wilks(at)unibas.ch'),
('240', 'Institut für Pharmazeutische Wissenschaften', 'dario.neri(at)pharma.ethz.ch'),
('241', '', 'Roland.Fankhauser(at)unibas.ch'),
('242', 'Finanzmanagement', 'Pascal.Gantenbein(at)unibas.ch'),
('243', 'Finanzmärkte', 'Yvan.Lengwiler(at)unibas.ch'),
('244', 'Mikroökonomische Theorie', 'Georg.Noeldeke(at)unibas.ch'),
('245', 'Stiftungsmanagement', 'Georg.Vonschnurbein(at)unibas.ch'),
('246', 'Energieökonomie', 'hannes.weigt(at)unibas.ch'),
('247', 'Finanzmarkttheorie', 'Heinz.Zimmermann(at)unibas.ch'),
('248', 'Institut für Verkehrsplanung und Transportsysteme', 'axhausen(at)ivt.baug.ethz.ch'),
('249', '', 'pbaschera(at)ethz.ch'),
('250', 'Vizepräsident für Personal und Ressourcen', 'roman.boutellier(at)sl.ethz.ch'),
('251', '', 'pschoensleben(at)ethz.ch'),
('252', '', 'gvkrogh(at)ethz.ch'),
('253', 'Institut für Verkehrsplanung und Transportsysteme', 'weidmann(at)ivt.baug.ethz.ch'),
('254', 'SI - Vice-présidence (SI-VP)', 'karl.aberer(at)epfl.ch'),
('255', 'Institut d''architecture et de la ville (IA)', 'georges.abou-jaoude(at)epfl.ch'),
('256', 'Institut d''informatique fondamentale (IIF)', 'anastasia.ailamaki(at)epfl.ch'),
('257', 'Institut d''ingénierie civile (IIC)', 'christophe.ancey(at)epfl.ch'),
('258', 'Institut d''architecture et de la ville (IA)', 'marilyne.andersen(at)epfl.ch'),
('259', 'Institut de génie électrique et électronique (IEL)', 'david.atienza(at)epfl.ch'),
('260', 'Institut interfacultaire de Bioingénierie (SV) (IBI-SV)', 'johan.auwerx(at)epfl.ch'),
('261', 'Institut de génie mécanique (IGM)', 'francois.avellan(at)epfl.ch'),
('262', 'Institut d''architecture et de la ville (IA)', 'marco.bakker(at)epfl.ch'),
('263', 'Institut de microtechnique (IMT)', 'christophe.ballif(at)epfl.ch'),
('264', 'Institut interfacultaire de Bioingénierie (SV) (IBI-SV)', 'yann.barrandon(at)epfl.ch'),
('265', 'Institut d''ingénierie de l''environnement (IIE)', 'andrew.barry(at)epfl.ch'),
('266', 'Institut de physique de l''énergie et des particules (IPEP)', 'aurelio.bay(at)epfl.ch'),
('267', 'Institut de mathématiques de géométrie et applications (MATHGEOM)', 'eva.bayer(at)epfl.ch'),
('268', 'Institut d''ingénierie civile (IIC)', 'katrin.beyer(at)epfl.ch'),
('269', 'Institut d''ingénierie civile (IIC)', 'michel.bierlaire(at)epfl.ch'),
('270', 'Institut de microtechnique (IMT)', 'aude.billard(at)epfl.ch'),
('271', 'Institut d''architecture et de la ville (IA)', 'alexandre.blanc(at)epfl.ch'),
('272', 'Institut des neurosciences (BMI)', 'olaf.blanke(at)epfl.ch'),
('273', 'Institut des sciences et ingénierie chimiques (ISIC)', 'geoffrey.bodenhausen(at)epfl.ch'),
('274', 'Institut de microtechnique (IMT)', 'gian-luca.bona(at)epfl.ch'),
('275', 'Institut de génie mécanique (IGM)', 'dominique.bonvin(at)epfl.ch'),
('276', 'Institut de génie mécanique (IGM)', 'john.botsis(at)epfl.ch'),
('277', 'Institut de génie électrique et électronique (IEL)', 'herve.bourlard(at)epfl.ch'),
('278', 'Institut d''architecture et de la ville (IA)', 'nicola.braghieri(at)epfl.ch'),
('279', 'Institut d''ingénierie civile (IIC)', 'eugen.bruehwiler(at)epfl.ch'),
('280', 'Institut de microtechnique (IMT)', 'juergen.brugger(at)epfl.ch'),
('281', 'Institut de physique de la matière condensée (ICMP)', 'harald.brune(at)epfl.ch'),
('282', 'Institut de génie électrique et électronique (IEL)', 'andreas.burg(at)epfl.ch'),
('283', 'Institut d''informatique fondamentale (IIF)', 'george.candea(at)epfl.ch'),
('284', 'Institut de génie électrique et électronique (IEL)', 'volkan.cevher(at)epfl.ch'),
('285', 'Institut des sciences et ingénierie chimiques (ISIC)', 'majed.chergui(at)epfl.ch'),
('286', 'Institut de recherche en infectiologie (GHI)', 'stewart.cole(at)epfl.ch'),
('287', 'Institut suisse de la finance à l''EPFL (SFI)', 'pierre.collin-dufresne(at)epfl.ch'),
('288', 'Institut des neurosciences (BMI)', 'gregoire.courtine(at)epfl.ch'),
('289', 'Institut de génie mécanique (IGM)', 'william.curtin(at)epfl.ch'),
('290', 'Institut de mathématiques d''analyse et applications (MATHAA)', 'anthony.davison(at)epfl.ch'),
('291', 'Institut des systèmes informatiques et multimédias (ISIM)', 'giovanni.demicheli(at)epfl.ch'),
('292', 'Institut suisse de recherche expérimentale sur le cancer (ISREC)', 'michele.depalma(at)epfl.ch'),
('293', 'Institut interfacultaire de Bioingénierie (SV) (IBI-SV)', 'bart.deplancke(at)epfl.ch'),
('294', 'Institut de microtechnique (IMT)', 'nico.derooij(at)epfl.ch'),
('295', 'Institut de physique de la matière condensée (ICMP)', 'benoit.deveaud(at)epfl.ch'),
('296', 'Institut de physique des systèmes biologiques (IPSB)', 'giovanni.dietler(at)epfl.ch'),
('297', 'Institut d''architecture et de la ville (IA)', 'dieter.dietz(at)epfl.ch'),
('298', 'Institut des systèmes informatiques et multimédias (ISIM)', 'pierre.dillenbourg(at)epfl.ch'),
('299', 'Institut suisse de recherche expérimentale sur le cancer (ISREC)', 'denis.duboule(at)epfl.ch'),
('300', 'Institut d''ingénierie civile (IIC)', 'andre-gilles.dumont(at)epfl.ch'),
('301', 'Institut des sciences et ingénierie chimiques (ISIC)', 'paul.dyson(at)epfl.ch'),
('302', 'Institut de mathématiques d''analyse et applications (MATHAA)', 'friedrich.eisenbrand(at)epfl.ch'),
('303', 'Institut des sciences et ingénierie chimiques (ISIC)', 'lyndon.emsley(at)epfl.ch'),
('304', 'Institut de microtechnique (IMT)', 'christian.enz(at)epfl.ch'),
('305', 'Institut suisse de la finance à l''EPFL (SFI)', 'ruediger.fahlenbrach(at)epfl.ch'),
('306', 'Institut d''informatique fondamentale (IIF)', 'boi.faltings(at)epfl.ch'),
('307', 'Institut interfacultaire de Bioingénierie (STI) (IBI-STI)', 'georg.fantner(at)epfl.ch'),
('308', 'Institut de microtechnique (IMT)', 'pierre-andre.farine(at)epfl.ch'),
('309', 'Centre de recherches en physique des plasmas (CRPP)', 'ambrogio.fasoli(at)epfl.ch'),
('310', 'Institut suisse de la finance à l''EPFL (SFI)', 'damir.filipovic(at)epfl.ch'),
('311', 'Institut de technologie et politiques publiques (ITPP)', 'matthias.finger(at)epfl.ch'),
('312', 'Institut de microtechnique (IMT)', 'dario.floreano(at)epfl.ch'),
('313', 'Institut des matériaux (IMX)', 'anna.fontcuberta-morral(at)epfl.ch'),
('314', 'Institut de technologie et politiques publiques (ITPP)', 'dominique.foray(at)epfl.ch'),
('315', 'Institut de physique de la matière condensée (ICMP)', 'laszlo.forro(at)epfl.ch'),
('316', 'Institut d''architecture et de la ville (IA)', 'martin.frohlich(at)epfl.ch'),
('317', 'Institut des systèmes informatiques et multimédias (ISIM)', 'pascal.fua(at)epfl.ch'),
('318', 'Institut de systèmes de communication (ISC)', 'michael.gastpar(at)epfl.ch'),
('319', 'Institut d''architecture et de la ville (IA)', 'kersten.geers(at)epfl.ch'),
('320', 'Institut d''ingénierie civile (IIC)', 'nikolas.geroliminis(at)epfl.ch'),
('321', 'Institut des systèmes informatiques et multimédias (ISIM)', 'wulfram.gerstner(at)epfl.ch'),
('322', 'Institut de microtechnique (IMT)', 'martin.gijs(at)epfl.ch'),
('323', 'AA - Vice-Présidence (AA-VP)', 'philippe.gillet(at)epfl.ch'),
('324', 'Institut des sciences et ingénierie chimiques (ISIC)', 'hubert.girault(at)epfl.ch'),
('325', 'Institut de génie mécanique (IGM)', 'remy.glardon(at)epfl.ch'),
('326', 'Institut suisse de recherche expérimentale sur le cancer (ISREC)', 'pierre.gonczy(at)epfl.ch'),
('327', 'Institut d''architecture et de la ville (IA)', 'franz.graf(at)epfl.ch'),
('328', 'Institut des sciences et ingénierie chimiques (ISIC)', 'michael.graetzel(at)epfl.ch'),
('329', 'Institut de physique de la matière condensée (ICMP)', 'nicolas.grandjean(at)epfl.ch'),
('330', 'Institut de management de la technologie et entrepreneuriat (MTEI)', 'marc.gruber(at)epfl.ch'),
('331', 'Institut d''informatique fondamentale (IIF)', 'rachid.guerraoui(at)epfl.ch'),
('332', 'Institut d''architecture et de la ville (IA)', 'harry.gugger(at)epfl.ch'),
('333', 'Institut interfacultaire de Bioingénierie (STI) (IBI-STI)', 'carlotta.guiducci(at)epfl.ch'),
('334', 'Institut des sciences et ingénierie chimiques (ISIC)', 'anders.hagfeldt(at)epfl.ch'),
('335', 'Institut suisse de recherche expérimentale sur le cancer (ISREC)', 'douglas.hanahan(at)epfl.ch'),
('336', 'Institut des sciences et ingénierie chimiques (ISIC)', 'vassily.hatzimanikatis(at)epfl.ch'),
('337', 'Institut de génie mécanique (IGM)', 'sophia.haussener(at)epfl.ch'),
('338', 'Centre interdisciplinaire de microscopie électronique (CIME)', 'cecile.hebert(at)epfl.ch'),
('339', 'Institut des sciences et ingénierie chimiques (ISIC)', 'christian.heinis(at)epfl.ch'),
('340', 'Institut de microtechnique (IMT)', 'simon.henein(at)epfl.ch'),
('341', 'Institut d''ingénierie de l''environnement (IIE)', 'janet.hering(at)epfl.ch'),
('342', 'Institut de microtechnique (IMT)', 'hanspeter.herzig(at)epfl.ch'),
('343', 'Institut de mathématiques des sciences computationnelles et ingénierie (MATHICSE)', 'jan.hesthaven(at)epfl.ch'),
('344', 'Institut des matériaux (IMX)', 'heinrich.hofmann(at)epfl.ch'),
('345', 'Institut d''ingénierie de l''environnement (IIE)', 'christof.holliger(at)epfl.ch'),
('346', 'Institut des sciences et ingénierie chimiques (ISIC)', 'xile.hu(at)epfl.ch'),
('347', 'Institut des systèmes informatiques et multimédias (ISIM)', 'jeffrey.huang(at)epfl.ch'),
('348', 'Institut de systèmes de communication (ISC)', 'jean-pierre.hubaux(at)epfl.ch'),
('349', 'Institut interfacultaire de Bioingénierie (SV) (IBI-SV)', 'jeffrey.hubbell(at)epfl.ch'),
('350', 'Institut des systèmes informatiques et multimédias (ISIM)', 'paolo.ienne(at)epfl.ch'),
('351', 'Institut de génie électrique et électronique (IEL)', 'adrian.ionescu(at)epfl.ch'),
('352', 'Institut des sciences et ingénierie chimiques (ISIC)', 'kai.johnsson(at)epfl.ch'),
('353', 'Institut de génie mécanique (IGM)', 'colin.jones(at)epfl.ch'),
('354', 'Institut des humanités digitales (DHI)', 'frederic.kaplan(at)epfl.ch'),
('355', 'Institut de physique de la matière condensée (ICMP)', 'eli.kapon(at)epfl.ch'),
('356', 'Institut d''architecture et de la ville (IA)', 'vincent.kaufmann(at)epfl.ch'),
('357', 'Institut d''ingénierie civile (IIC)', 'thomas.keller(at)epfl.ch'),
('358', 'Institut de physique de la matière condensée (ICMP)', 'klaus.kern(at)epfl.ch'),
('359', 'Institut des matériaux (IMX)', 'harm-anton.klok(at)epfl.ch'),
('360', 'Institut d''ingénierie de l''environnement (IIE)', 'tamar.kohn(at)epfl.ch'),
('361', 'Institut de management de la technologie et entrepreneuriat (MTEI)', 'daniel.kuhn(at)epfl.ch'),
('362', 'Institut de microtechnique (IMT)', 'stephanie.lacour(at)epfl.ch'),
('363', 'Institut d''ingénierie civile (IIC)', 'lyesse.laloui(at)epfl.ch'),
('364', 'Institut d''architecture et de la ville (IA)', 'ines.lamuniere(at)epfl.ch'),
('365', 'Institut d''informatique fondamentale (IIF)', 'james.larus(at)epfl.ch'),
('366', 'Institut des neurosciences (BMI)', 'hilal.lashuel(at)epfl.ch'),
('367', 'Institut de microtechnique (IMT)', 'theo.lasser(at)epfl.ch'),
('368', 'Institut de génie électrique et électronique (IEL)', 'yusuf.leblebici(at)epfl.ch'),
('369', 'Institut d''ingénierie de l''environnement (IIE)', 'michael.lehning(at)epfl.ch'),
('370', 'Institut d''informatique fondamentale (IIF)', 'arjen.lenstra(at)epfl.ch'),
('371', 'Institut suisse de recherche expérimentale sur le cancer (ISREC)', 'joachim.lingner(at)epfl.ch'),
('372', 'Institut des matériaux (IMX)', 'roland.loge(at)epfl.ch'),
('373', 'Institut interfacultaire de Bioingénierie (SV) (IBI-SV)', 'matthias.lutolf(at)epfl.ch'),
('374', 'Institut interfacultaire de Bioingénierie (STI) (IBI-STI)', 'sebastian.maerkl(at)epfl.ch'),
('375', 'Institut des neurosciences (BMI)', 'pierre.magistretti(at)epfl.ch'),
('376', 'Institut suisse de la finance à l''EPFL (SFI)', 'semyon.malamud(at)epfl.ch'),
('377', 'Institut des matériaux (IMX)', 'jan-anders.manson(at)epfl.ch'),
('378', 'Institut d''architecture et de la ville (IA)', 'bruno.marchand(at)epfl.ch'),
('379', 'Institut des neurosciences (BMI)', 'henry.markram(at)epfl.ch'),
('380', 'Institut de microtechnique (IMT)', 'olivier.martin(at)epfl.ch'),
('381', 'Institut d''ingénierie de l''environnement (IIE)', 'anders.meibom(at)epfl.ch'),
('382', 'Institut interfacultaire de Bioingénierie (STI) (IBI-STI)', 'silvestro.micera(at)epfl.ch'),
('383', 'Institut de théorie des phénomènes physiques (ITP)', 'frederic.mila(at)epfl.ch'),
('384', 'Institut interfacultaire de Bioingénierie (STI) (IBI-STI)', 'jose.millan(at)epfl.ch'),
('385', 'Institut d''ingénierie civile (IIC)', 'jean-francois.molinari(at)epfl.ch'),
('386', 'Institut de mathématiques de géométrie et applications (MATHGEOM)', 'nicolas.monod(at)epfl.ch'),
('387', 'Institut suisse de la finance à l''EPFL (SFI)', 'erwan.morellec(at)epfl.ch'),
('388', 'Institut de mathématiques d''analyse et applications (MATHAA)', 'stephan.morgenthaler(at)epfl.ch'),
('389', 'Institut des matériaux (IMX)', 'andreas.mortensen(at)epfl.ch'),
('390', 'Institut de microtechnique (IMT)', 'christophe.moser(at)epfl.ch'),
('391', 'Institut de génie électrique et électronique (IEL)', 'juan.mosig(at)epfl.ch'),
('392', 'Institut de mathématiques d''analyse et applications (MATHAA)', 'thomas.mountford(at)epfl.ch'),
('393', 'Institut d''ingénierie civile (IIC)', 'aurelio.muttoni(at)epfl.ch'),
('394', 'Institut interfacultaire de Bioingénierie (SV) (IBI-SV)', 'felix.naef(at)epfl.ch'),
('395', 'Institut de physique de l''énergie et des particules (IPEP)', 'tatsuya.nakada(at)epfl.ch'),
('396', 'Institut d''informatique fondamentale (IIF)', 'martin.odersky(at)epfl.ch'),
('397', 'Institut d''architecture et de la ville (IA)', 'luca.ortelli(at)epfl.ch'),
('398', 'Institut de mathématiques de géométrie et applications (MATHGEOM)', 'janos.pach(at)epfl.ch'),
('399', 'Institut de génie électrique et électronique (IEL)', 'mario.paolone(at)epfl.ch'),
('400', 'Institut d''ingénierie de l''environnement (IIE)', 'marc.parlange(at)epfl.ch'),
('401', 'Institut des systèmes informatiques et multimédias (ISIM)', 'mark.pauly(at)epfl.ch'),
('402', 'Institut de physique de l''énergie et des particules (IPEP)', 'andreas.pautz(at)epfl.ch'),
('403', 'Institut d''architecture et de la ville (IA)', 'dominique.perrault(at)epfl.ch'),
('404', 'Institut d''ingénierie de l''environnement (IIE)', 'fernando.porte-agel(at)epfl.ch'),
('405', 'Institut de microtechnique (IMT)', 'demetri.psaltis(at)epfl.ch'),
('406', 'Institut de mathématiques des sciences computationnelles et ingénierie (MATHICSE)', 'alfio.quarteroni(at)epfl.ch'),
('407', 'Institut interfacultaire de Bioingénierie (STI) (IBI-STI)', 'aleksandra.radenovic(at)epfl.ch'),
('408', 'Institut suisse de recherche expérimentale sur le cancer (ISREC)', 'freddy.radtke(at)epfl.ch'),
('409', 'Institut des matériaux (IMX)', 'michel.rappaz(at)epfl.ch'),
('410', 'Institut de microtechnique (IMT)', 'philippe.renaud(at)epfl.ch'),
('411', 'Institut d''architecture et de la ville (IA)', 'emmanuel.rey(at)epfl.ch'),
('412', 'Institut d''ingénierie de l''environnement (IIE)', 'andrea.rinaldo(at)epfl.ch'),
('413', 'Institut de physique de l''énergie et des particules (IPEP)', 'leonid.rivkin(at)epfl.ch'),
('414', 'SB - Services généraux (SB-SG)', 'thomas.rizzo(at)epfl.ch'),
('415', 'Institut des sciences et ingénierie chimiques (ISIC)', 'ursula.roethlisberger(at)epfl.ch'),
('416', 'Institut de génie électrique et électronique (IEL)', 'alfred.rufer(at)epfl.ch'),
('417', 'Institut de microtechnique (IMT)', 'peter.ryser(at)epfl.ch'),
('418', 'Institut des neurosciences (BMI)', 'carmen.sandi(at)epfl.ch'),
('419', 'Institut d''ingénierie civile (IIC)', 'jean-louis.scartezzini(at)epfl.ch'),
('420', 'Institut d''ingénierie civile (IIC)', 'anton.schleiss(at)epfl.ch'),
('421', 'Institut de physique de l''énergie et des particules (IPEP)', 'olivier.schneider(at)epfl.ch'),
('422', 'Institut de génie mécanique (IGM)', 'tobias.schneider(at)epfl.ch'),
('423', 'Institut des matériaux (IMX)', 'karen.scrivener(at)epfl.ch'),
('424', 'Institut de management de la technologie et entrepreneuriat (MTEI)', 'ralf.seifert(at)epfl.ch'),
('425', 'Institut des matériaux (IMX)', 'nava.setter(at)epfl.ch'),
('426', 'Institut des sciences et ingénierie chimiques (ISIC)', 'kay.severin(at)epfl.ch'),
('427', 'Institut de mathématiques de géométrie et applications (MATHGEOM)', 'amin.shokrollahi(at)epfl.ch'),
('428', 'Institut d''informatique fondamentale (IIF)', 'joseph.sifakis(at)epfl.ch'),
('429', 'Institut des sciences et ingénierie chimiques (ISIC)', 'berend.smit(at)epfl.ch'),
('430', 'Institut d''ingénierie civile (IIC)', 'ian.smith(at)epfl.ch'),
('431', 'Institut des matériaux (IMX)', 'fabien.sorin(at)epfl.ch'),
('432', 'Institut des matériaux (IMX)', 'francesco.stellacci(at)epfl.ch'),
('433', 'Institut interfacultaire de Bioingénierie (STI) (IBI-STI)', 'nikolaos.stergiopulos(at)epfl.ch'),
('434', 'Institut de systèmes de communication (ISC)', 'sabine.susstrunk(at)epfl.ch'),
('435', 'Institut interfacultaire de Bioingénierie (SV) (IBI-SV)', 'david.suter(at)epfl.ch'),
('436', 'Institut interfacultaire de Bioingénierie (SV) (IBI-SV)', 'melody.swartz(at)epfl.ch'),
('437', 'Institut d''architecture et de la ville (IA)', 'philippe.thalmann(at)epfl.ch'),
('438', 'Institut de génie électrique et électronique (IEL)', 'jean-philippe.thiran(at)epfl.ch'),
('439', 'Institut de systèmes de communication (ISC)', 'patrick.thiran(at)epfl.ch'),
('440', 'Institut de recherche en infectiologie (GHI)', 'didier.trono(at)epfl.ch'),
('441', 'Institut de management de la technologie et entrepreneuriat (MTEI)', 'christopher.tucci(at)epfl.ch'),
('442', 'Institut de microtechnique (IMT)', 'michael.unser(at)epfl.ch'),
('443', 'Institut de génie électrique et électronique (IEL)', 'pierre.vandergheynst(at)epfl.ch'),
('444', 'Institut de recherche en infectiologie (GHI)', 'gisou.vandergoot(at)epfl.ch'),
('445', 'Institut de systèmes de communication (ISC)', 'serge.vaudenay(at)epfl.ch'),
('446', 'Institut de systèmes de communication (ISC)', 'martin.vetterli(at)epfl.ch'),
('447', 'Institut d''architecture et de la ville (IA)', 'paola.vigano(at)epfl.ch'),
('448', 'Institut d''ingénierie civile (IIC)', 'laurent.vulliet(at)epfl.ch'),
('449', 'Institut d''informatique fondamentale (IIF)', 'alain.wegmann(at)epfl.ch'),
('450', 'Institut d''ingénierie civile (IIC)', 'yves.weinand(at)epfl.ch'),
('451', 'Institut d''ingénierie de l''environnement (IIE)', 'alfred.wueest(at)epfl.ch'),
('452', 'Institut de microtechnique (IMT)', 'paul.xirouchakis(at)epfl.ch'),
('453', 'Institut d''ingénierie civile (IIC)', 'jian.zhao(at)epfl.ch'),
('454', 'Institut des sciences et ingénierie chimiques (ISIC)', 'jieping.zhu(at)epfl.ch'),
('455', 'Institut des sciences et ingénierie chimiques (ISIC)', 'andreas.zuettel(at)epfl.ch'),
('456', 'Institut d''informatique fondamentale (IIF)', 'willy.zwaenepoel(at)epfl.ch'),
('457', 'Département de droit public / Departement für öffentliches Recht', 'basile.cardinaux(at)unifr.ch'),
('458', 'Département de droit public / Departement für öffentliches Recht', 'jacques.dubey(at)unifr.ch'),
('459', 'Rectorat / Rektorat', 'astrid.epiney(at)unifr.ch'),
('460', 'Département de droit privé / Departement für Privatrecht', 'bettina.huerlimann-kaup(at)unifr.ch'),
('461', 'Département de droit pénal / Departement für Strafrecht', 'bertrand.perrin(at)unifr.ch'),
('462', 'Décanat de Droit / Rechtswissenschaftliches Dekanat', 'pascal.pichonnaz(at)unifr.ch'),
('463', 'Département de droit pénal / Departement für Strafrecht', 'nicolas.queloz(at)unifr.ch'),
('464', 'Département de droit privé / Departement für Privatrecht', 'franz.werro(at)unifr.ch'),
('465', 'Département de droit public / Departement für öffentliches Recht', 'jean-baptiste.zufferey(at)unifr.ch'),
('466', 'Département de Pédagogie curative et spécialisée / Departement für Sonder- und Heilpädagogik', 'gerard.bless(at)unifr.ch'),
('467', 'Domaine Français / Bereich Französisch', 'thomas.hunkeler(at)unifr.ch'),
('468', 'Département de Psychologie / Departement für Psychologie', 'simone.munsch(at)unifr.ch'),
('469', 'Département de Psychologie / Departement für Psychologie', 'bjoern.rasch(at)unifr.ch'),
('470', 'Médecine 3ème année / Medizin 3. Jahr', 'jean-marie.annoni(at)unifr.ch'),
('471', 'Département de Chimie / Departement für Chemie', 'christian.bochet(at)unifr.ch'),
('472', 'Département de Médecine / Departement für Medizin', 'marco.celio(at)unifr.ch'),
('473', 'Rectorat / Rektorat', 'rolf.ingold(at)unifr.ch'),
('474', 'Département de Chimie / Departement für Chemie', 'titus.jenny(at)unifr.ch'),
('475', 'Médecine 3ème année / Medizin 3. Jahr', 'anna.lauber(at)unifr.ch'),
('476', 'Département de Biologie / Departement für Biologie', 'jean-pierre.metraux(at)unifr.ch'),
('477', 'Médecine 3ème année / Medizin 3. Jahr', 'curzio.ruegg(at)unifr.ch'),
('478', 'Département de Physique / Departement für Physik', 'frank.scheffold(at)unifr.ch'),
('479', 'Décanat des Sciences économiques et sociales / Wirtschafts- und Sozialwissenschaftliches Dekanat', 'reiner.eichenberger(at)unifr.ch'),
('480', 'Département d''informatique / Departement für Informatik', 'andreas.meier(at)unifr.ch'),
('481', 'Institut international de management en technologie / Internationales Institut für Management in Technologie', 'stephanie.teufel(at)unifr.ch'),
('482', 'Departement Klinische Forschung (DKF)', 'hugues.abriel(at)dkf.unibe.ch'),
('483', 'Universitätsklinik für Radio-Onkologie', 'daniel.aebersold(at)insel.ch'),
('484', 'Universitätsklinik für Kinderheilkunde', 'christoph.aebi(at)insel.ch'),
('485', 'Universitätsklinik für Allgemeine Innere Medizin', 'drahomir.aujesky(at)insel.ch'),
('486', 'Institut für Marketing und Unternehmensführung (IMU)', 'artur.baldauf(at)imu.unibe.ch'),
('487', 'Universitätsklinik für Neurologie', 'claudio.bassetti(at)insel.ch'),
('488', 'Universitätsklinik für Angiologie', 'iris.baumgartner(at)insel.ch'),
('489', 'Institut für Erziehungswissenschaft (IfE)', 'rolf.becker(at)edu.unibe.ch'),
('490', 'Institut für Judaistik', 'rene.bloch(at)theol.unibe.ch'),
('491', 'Departement Klinische Forschung (DKF)', 'christoph.boesch(at)dkf.unibe.ch'),
('492', 'Institut für Kunstgeschichte', 'birgitt.borkopp(at)ikg.unibe.ch'),
('493', 'Zahnmedizinische Kliniken (ZMK)', 'urs.braegger(at)zmk.unibe.ch'),
('494', 'Institut für Informatik (INF)', 'braun(at)iam.unibe.ch'),
('495', 'Volkswirtschaftliches Institut (VWI)', 'aymo.brunetti(at)vwi.unibe.ch'),
('496', 'Zahnmedizinische Kliniken (ZMK)', 'daniel.buser(at)zmk.unibe.ch'),
('497', 'Universitätsklinik für Viszerale Chirurgie und Medizin, Viszeral- und Transplantationschirurgie', 'daniel.candinas(at)insel.ch'),
('498', 'Universitätsklinik für Herz- und Gefässchirurgie', 'thierry.carrel(at)insel.ch'),
('499', '[nicht zugeordnet...]', 'marina.cattaruzza(at)hist.unibe.ch'),
('500', 'Institut für Sportwissenschaft (ISPW)', 'achim.conzelmann(at)ispw.unibe.ch'),
('501', 'Volkswirtschaftliches Institut (VWI)', 'harris.dellas(at)vwi.unibe.ch'),
('502', 'Institut für Anatomie', 'valentin.djonov(at)ana.unibe.ch'),
('503', 'Universitätsklinik für Viszerale Chirurgie und Medizin, Hepatologie', 'jean-francois.dufour(at)insel.ch'),
('504', 'Institut für Sozial- und Präventivmedizin (ISPM)', 'matthias.egger(at)ispm.unibe.ch'),
('505', 'Universitätsklinik für Medizinische Onkologie', 'martin.fey(at)insel.ch'),
('506', 'World Trade Institute (WTI)', 'joseph.francois(at)wti.org'),
('507', 'Universitätsklinik für Pneumologie', 'thomas.geiser(at)insel.ch'),
('508', 'Department of Infectious Diseases and Pathobiology (DIP)', 'bruno.gottstein(at)vetsuisse.unibe.ch'),
('509', 'Institut für Archäologische Wissenschaften (IAW)', 'albert.hafner(at)iaw.unibe.ch'),
('510', 'Institut für Germanistik', 'elke.hentschel(at)germ.unibe.ch'),
('511', 'Historisches Institut', 'christian.hesse(at)hist.unibe.ch'),
('512', 'Universitätsinstitut für Diagnostische, Interventionelle und Pädiatrische Radiologie', 'johannes.heverhagen(at)insel.ch'),
('513', 'Institut für Rechtsgeschichte', 'sibylle.hofer(at)rhist.unibe.ch'),
('514', 'Historisches Institut', 'andre.holenstein(at)hist.unibe.ch'),
('515', 'Zivilistisches Seminar (ZIV)', 'stephanie.hrubesch(at)ziv.unibe.ch'),
('516', 'Institut für Politikwissenschaft (IPW)', 'karin.ingold(at)ipw.unibe.ch'),
('517', 'Institut für Rechtsmedizin (IRM)', 'christian.jackowski(at)irm.unibe.ch'),
('518', 'Zahnmedizinische Kliniken (ZMK)', 'christos.katsaros(at)zmk.unibe.ch'),
('519', 'Zivilistisches Seminar (ZIV)', 'thomas.koller(at)ziv.unibe.ch'),
('520', 'Institut für Theaterwissenschaft', 'andreas.kotte(at)itw.unibe.ch'),
('521', 'Zivilistisches Seminar (ZIV)', 'frederic.krauskopf(at)ziv.unibe.ch'),
('522', 'Institut für Marketing und Unternehmensführung (IMU)', 'harley.krohmer(at)imu.unibe.ch'),
('523', 'Institut für Wirtschaftsrecht (IWR)', 'peter.kunz(at)iwr.unibe.ch'),
('524', 'Department of Clinical Research and Veterinary Public Health (DCR-VPH)', 'tosso.leeb(at)vetsuisse.unibe.ch'),
('525', 'Vizerektor Forschung', 'christian.leumann(at)rektorat.unibe.ch'),
('526', 'Institut für öffentliches Recht', 'andreas.lienhard(at)kpm.unibe.ch'),
('527', 'Institut für Finanzmanagement (IFM)', 'claudio.loderer(at)ifm.unibe.ch'),
('528', 'Institut für Germanistik', 'oliver.lubrich(at)germ.unibe.ch'),
('529', 'Institut für Steuerrecht (ISR)', 'adriano.marantelli(at)isr.unibe.ch'),
('530', 'Geographisches Institut (GIUB)', 'heike.mayer(at)giub.unibe.ch'),
('531', 'Department of Clinical Research and Veterinary Public Health (DCR-VPH)', 'meike.mevissen(at)vetsuisse.unibe.ch'),
('532', 'Institut für Geologie', 'klaus.mezger(at)geo.unibe.ch'),
('533', 'Universitätsklinik für Kardiologie', 'paul.mohacsi(at)insel.ch'),
('534', 'Vizerektor Lehre', 'bruno.moretti(at)rektorat.unibe.ch'),
('535', 'Privatklinik Wyss AG', 'urs.mosimann(at)artorg.unibe.ch'),
('536', 'Institut für Pathologie', 'christoph.mueller(at)pathology.unibe.ch'),
('537', 'Universitätsklinik für Kinderheilkunde', 'primus.mullis(at)insel.ch'),
('538', 'ARTORG Center for Biomedical Engineering Research', 'tobias.nef(at)artorg.unibe.ch'),
('539', 'Institut für chirurgische Technologien und Biomechanik (ISTB)', 'lutz.nolte(at)istb.unibe.ch'),
('540', 'Verwaltungsdirektor', 'daniel.odermatt(at)rektorat.unibe.ch'),
('541', 'Vizerektor Entwicklung', 'walter.perrig(at)rektorat.unibe.ch'),
('542', 'Historisches Institut', 'stefan.rebenich(at)hist.unibe.ch'),
('543', 'Institut für Pathologie', 'jean.reubi(at)pathology.unibe.ch'),
('544', 'Institut für Wirtschaftsrecht (IWR)', 'cyrill.rigamonti(at)iwr.unibe.ch'),
('545', 'Institut für Physiologie', 'rohr(at)pyl.unibe.ch'),
('546', 'Institut für Geologie', 'fritz.schlunegger(at)geo.unibe.ch'),
('547', 'Institut für Kunstgeschichte', 'peter.schneemann(at)ikg.unibe.ch'),
('548', 'Departement für Chemie und Biochemie (DCB)', 'andre.schneider(at)dcb.unibe.ch'),
('549', 'Institut für Islamwissenschaft und Neuere Orientalische Philologie', 'reinhard.schulze(at)islam.unibe.ch'),
('550', 'Institut für Pharmakologie', 'hans-uwe.simon(at)pki.unibe.ch'),
('551', 'Departement für klinische Veterinärmedizin (DKV)', 'david.spreng(at)vetsuisse.unibe.ch'),
('552', 'Institut für Medizingeschichte', 'hubert.steinke(at)img.unibe.ch'),
('553', 'Volkswirtschaftliches Institut (VWI)', 'gunter.stephan(at)vwi.unibe.ch'),
('554', 'Physikalisches Institut', 'stocker(at)climate.unibe.ch'),
('555', 'Universitätsklinik für Psychiatrie und Psychotherapie (PP)', 'strik(at)puk.unibe.ch'),
('556', 'Universitätsklinik für Anästhesiologie und Schmerztherapie', 'frank.stueber(at)insel.ch'),
('557', 'Rektor', 'martin.taeuber(at)rektorat.unibe.ch'),
('558', 'Institut für Theaterwissenschaft', 'christina.thurner(at)itw.unibe.ch'),
('559', 'Institut für Politikwissenschaft (IPW)', 'adrian.vatter(at)ipw.unibe.ch'),
('560', 'Vizerektorin Qualität', 'doris.wastl(at)rektorat.unibe.ch'),
('561', 'ARTORG Center for Biomedical Engineering Research', 'stefan.weber(at)artorg.unibe.ch'),
('562', 'Universitätsklinik für Kardiologie', 'stephan.windecker(at)insel.ch'),
('563', 'Institut für Komplementärmedizin (IKOM)', 'ursula.wolf(at)ikom.unibe.ch'),
('564', 'Universitätsklinik für Augenheilkunde', 'Sebastian.Wolf(at)insel.ch'),
('565', 'Zivilistisches Seminar (ZIV)', 'stephan.wolf(at)ziv.unibe.ch'),
('566', 'Institut für Wirtschaftsrecht (IWR)', 'pascal.zysset(at)iwr.unibe.ch'),
('567', 'Institut für Wirtschaftsinformatik', 'stephan.aier(at)unisg.ch'),
('568', 'Schweizerisches Institut für Banken und Finanzen', 'manuel.ammann(at)unisg.ch'),
('569', 'Institut für Betriebswirtschaft', 'omid.aschari(at)unisg.ch'),
('570', 'Institut für Wirtschaftsinformatik', 'andrea.back(at)unisg.ch'),
('571', 'Institut für Marketing', 'christian.belz(at)unisg.ch'),
('572', 'Institut für Systemisches Management und Public Governance', 'pietro.beritelli(at)unisg.ch'),
('573', 'Institut für Finanzwirtschaft, Finanzrecht und Law and Economics', 'thomas.berndt(at)unisg.ch'),
('574', 'Forschungsgemeinschaft für Rechtswissenschaft', 'urs.bertschinger(at)unisg.ch'),
('575', 'Institut für Wirtschaftsinformatik', 'walter.brenner(at)unisg.ch'),
('576', 'Schweizerisches Institut für Banken und Finanzen', 'martin.brown(at)unisg.ch'),
('577', 'Institut für Führung und Personalmanagement', 'heike.bruch(at)unisg.ch'),
('578', 'Forschungsgemeinschaft für Nationalökonomie', 'stefan.buehler(at)unisg.ch'),
('579', 'Institut für Politikwissenschaft', 'james.davis(at)unisg.ch'),
('580', '', 'enrico.degiorgi(at)unisg.ch'),
('581', 'Institut für Wirtschaftsethik', 'pascal.dey(at)unisg.ch'),
('582', 'Institut für Wirtschaft und Ökologie', 'thomas.dyllick(at)unisg.ch'),
('583', 'Institut für Wirtschaft und Ökologie', 'anna.ebers(at)unisg.ch'),
('584', '', 'patricia.egli(at)unisg.ch'),
('585', 'Institut für Rechtswissenschaft und Rechtspraxis', 'bernhard.ehrenzeller(at)unisg.ch'),
('586', 'Seminar für Soziologie', 'florian.elliker(at)unisg.ch'),
('587', 'Institut für Politikwissenschaft', 'patrick.emmenegger(at)unisg.ch'),
('588', 'Schweizerisches Institut für Aussenwirtschaft und Angewandte Wirtschaftsforschung', 'thomas.epper(at)unisg.ch'),
('589', 'Center for Disability and Integration', 'beatrix.eugster(at)unisg.ch'),
('590', 'Institut für Marketing', 'peter.fischer(at)unisg.ch'),
('591', 'Schweizerisches Institut für Aussenwirtschaft und Angewandte Wirtschaftsforschung', 'reto.foellmi(at)unisg.ch'),
('592', 'Schweizerisches Institut für Banken und Finanzen', 'geraldine.frei(at)unisg.ch'),
('593', 'Institut für Technologiemanagement', 'thomas.friedli(at)unisg.ch'),
('594', 'Schweizerisches Institut für Banken und Finanzen', 'roland.fuess(at)unisg.ch'),
('595', 'Schweizerisches Institut für Klein- und Mittelunternehmen', 'alexander.fust(at)unisg.ch'),
('596', 'Institut für Technologiemanagement', 'oliver.gassmann(at)unisg.ch'),
('597', 'Institut für Technologiemanagement', 'dietmar.grichnik(at)unisg.ch'),
('598', '', 'andreas.gruener(at)unisg.ch'),
('599', '', 'lukas.gschwend(at)unisg.ch'),
('600', '', 'andreas.haerter(at)unisg.ch'),
('601', 'Schweizerisches Institut für Aussenwirtschaft und Angewandte Wirtschaftsforschung', 'roland.hodler(at)unisg.ch'),
('602', 'Institut für Medien- und Kommunikationsmanagement', 'christian.hoffmann(at)unisg.ch'),
('603', 'Lehrstuhl für Logistikmanagement', 'joerg.hofstetter(at)unisg.ch'),
('604', 'Institut für Technologiemanagement', 'alexander.ilic(at)unisg.ch'),
('605', '', 'wolfgang.jenewein(at)unisg.ch'),
('606', 'Institut für Wirtschaftsinformatik', 'reinhard.jung(at)unisg.ch'),
('607', 'Institut für Betriebswirtschaft', 'markus.kreutzer(at)unisg.ch'),
('608', 'Institut für Betriebswirtschaft', 'tomi.laamanen(at)unisg.ch'),
('609', 'Institut für Betriebswirtschaft', 'christoph.lechner(at)unisg.ch'),
('610', 'Institut für Politikwissenschaft', 'dirk.lehmkuhl(at)unisg.ch'),
('611', 'Institut für Accounting, Controlling und Auditing', 'peter.leibfried(at)unisg.ch'),
('612', 'Institut für Wirtschaftsinformatik', 'janmarco.leimeister(at)unisg.ch'),
('613', '', 'scott.loren(at)unisg.ch'),
('614', 'Institut für Wirtschaftsinformatik', 'tobias.mettler(at)unisg.ch'),
('615', 'Institut für Wirtschaft und Ökologie', 'ernst.mohr(at)unisg.ch'),
('616', 'Institut für Accounting, Controlling und Auditing', 'klaus.moeller(at)unisg.ch'),
('617', 'Forschungsstelle für Internationales Management', 'josef.mondl(at)unisg.ch'),
('618', 'Schweizerisches Institut für Banken und Finanzen', 'stefan.morkoetter(at)unisg.ch'),
('619', 'Forschungsstelle für Internationales Management', 'roger.moser(at)unisg.ch'),
('620', 'Executive School', 'christoph.mueller(at)unisg.ch'),
('621', '', 'roland.mueller(at)unisg.ch'),
('622', 'Institut für Betriebswirtschaft', 'guenter.mueller-stewens(at)unisg.ch'),
('623', 'Institut für Marketing', 'sven.reinecke(at)unisg.ch'),
('624', 'Institut für Rechtswissenschaft und Rechtspraxis', 'vito.roberto(at)unisg.ch'),
('625', 'Institut für Wirtschaftsinformatik', 'peter.rohner(at)unisg.ch'),
('626', 'Forschungsstelle für International Retail Management', 'thomas.rudolph(at)unisg.ch'),
('627', 'Institut für Systemisches Management und Public Governance', 'johannes.rueegg(at)unisg.ch'),
('628', 'Institut für Accounting, Controlling und Auditing', 'flemming.ruud(at)unisg.ch'),
('629', 'Institut für Accounting, Controlling und Auditing', 'dirk.schaefer(at)unisg.ch'),
('630', '', 'kuno.schedler(at)unisg.ch'),
('631', 'Forschungsgemeinschaft für Rechtswissenschaft', 'benjamin.schindler(at)unisg.ch'),
('632', 'Institut für Versicherungswirtschaft', 'hato.schmeiser(at)unisg.ch'),
('633', 'Schweizerisches Institut für Banken und Finanzen', 'paul.soderlind(at)unisg.ch'),
('634', '', 'leo.staub(at)unisg.ch'),
('635', 'Institut für Wirtschaftspädagogik', 'daniel.steingruber(at)unisg.ch'),
('636', 'Schweizerisches Institut für Empirische Wirtschaftsforschung', 'anthony.strittmatter(at)unisg.ch'),
('637', 'Institut für Accounting, Controlling und Auditing', 'michele.sutter(at)unisg.ch'),
('638', 'Forschungsstelle für Customer Insight', 'torsten.tomczak(at)unisg.ch'),
('639', 'Institut für Wirtschaftsinformatik', 'falk.uebernickel(at)unisg.ch'),
('640', 'Schweizerisches Institut für Klein- und Mittelunternehmen', 'thierry.volery(at)unisg.ch'),
('641', 'Schweizerisches Institut für Banken und Finanzen', 'heinrich.vonwyss(at)unisg.ch'),
('642', '', 'simone.walther(at)unisg.ch'),
('643', 'Institut für Führung und Personalmanagement', 'antoinette.weibel(at)unisg.ch'),
('644', 'Institut für Wirtschaftsethik', 'florian.wettstein(at)unisg.ch'),
('645', 'Schweizerisches Institut für Klein- und Mittelunternehmen', 'thomas.zellweger(at)unisg.ch'),
('646', 'Institut für Betriebswirtschaft', 'alexander.zimmermann(at)unisg.ch'),
('647', 'Institute of Finance and Accounting', 'Rajna.Gibson(at)unige.ch'),
('648', 'Section de médecine fondamentale', 'Alexandre.Pouget(at)unige.ch'),
('649', 'Section de physique
', 'Nicolas.Gisin(at)unige.ch'),
('650', 'Département de droit public', 'Christian.Bovet(at)unige.ch'),
('651', 'Section de biologie', 'Ivan.Rodriguez(at)unige.ch'),
('652', 'Section de mathématiques', 'Stanislav.Smirnov(at)unige.ch'),
('653', 'Section de médecine fondamentale', 'Philippe.Halban(at)unige.ch'),
('654', 'Section de physique', 'Hugo.Zbinden(at)unige.ch'),
('655', 'Département d''histoire de l''art et musicologie', 'Ulrich.Mosch(at)unige.ch'),
('656', 'Institut de criminologie et de droit pénal', 'Marcelo.Aebi(at)unil.ch'),
('657', 'Institut de recherche en management', 'John.Antonakis(at)unil.ch'),
('658', 'Economie politique', 'Philippe.Bacchetta(at)unil.ch'),
('659', 'Institut des sciences sociales', 'Andre.Berchtold(at)unil.ch'),
('660', 'Politiques sociales', 'Giuliano.Bonoli(at)unil.ch'),
('661', 'Décanat et communs (HEC)', 'Robert.Danon(at)unil.ch'),
('662', 'Institut de recherche en management', 'Minyue.Dong(at)unil.ch'),
('663', 'DB - Groupe du Prof. Dotto', 'paolo.dotto(at)unil.ch'),
('664', 'Institut des sciences actuarielles', 'Francois.Dufresne(at)unil.ch'),
('665', 'Centre de droit public', 'Anne-Christine.Favre(at)unil.ch'),
('667', 'Centre de droit privé', 'Bettina.Kahil(at)unil.ch'),
('668', 'Administration suisse et politiques institutionnelles', 'Andreas.Ladner(at)unil.ch'),
('669', 'Décanat et communs (HEC)', 'Rafael.Lalive(at)unil.ch'),
('670', 'Institut des dynamiques de la surface terrestre', 'Stuart.Lane(at)unil.ch'),
('672', 'Institut	Décanat et communs (HEC)', 'Julian.Marewski(at)unil.ch'),
('673', 'Centre de droit privé', 'Philippe.Meier(at)unil.ch'),
('674', 'Institut de recherche en management', 'Daniel.Oyon(at)unil.ch'),
('675', 'Institut d''études politiques, historiques et internationales', 'Ioannis.Papadopoulos(at)unil.ch'),
('676', 'IBT - Laboratoire de biotechnologie moléculaire', 'Nicolas.Mermod(at)unil.ch'),
('677', 'Centre de droit privé', 'Hansjorg.Peter(at)unil.ch'),
('678', 'Institut des systèmes d''information', 'Yves.Pigneur(at)unil.ch'),
('679', 'Centre de droit privé', 'Denis.Piotet(at)unil.ch'),
('680', 'Institut de psychologie', 'Pascal.Roman(at)unil.ch'),
('681', 'DEE - Groupe du Prof. Sanders', 'Ian.Sanders(at)unil.ch'),
('682', 'DPT - Groupe du Prof. Schild', 'Laurent.Schild(at)unil.ch'),
('683', 'Finances publiques', 'Nils.Soguel(at)unil.ch'),
('684', 'Centre de droit privé', 'Denis.Tappy(at)unil.ch'),
('686', 'CIG - Groupe du Prof. Thorens', 'Bernard.Thorens(at)unil.ch'),
('687', 'Poste de droit public et des migrations', 'cesla.amarelle(at)unine.ch'),
('688', 'Rectorat', 'jean-jacques.aubert(at)unine.ch'),
('689', 'Institut d''histoire', 'olivier.christin(at)unine.ch'),
('690', 'Chaire de droit romain, histoire du droit et droit du travail', 'jean-philippe.dunand(at)unine.ch'),
('691', 'Institut du droit de la santé', 'olivier.guillod(at)unine.ch'),
('692', 'Rectorat', 'pascal.mahon(at)unine.ch'),
('693', 'Institut d''histoire de l''art et de muséologie', 'pierre-alain.mariaux(at)unine.ch'),
('694', 'Institut d''histoire', 'laurent.tissot(at)unine.ch'),
('695', 'Institut de biologie', 'klaus.zuberbuehler(at)unine.ch'),
('697', 'Chaire de droit des sociétés et de l''entreprise', 'olivier.hari(at)unine.ch'),
('698', 'Institut für Automatik', 'morari(at)control.ee.ethz.ch
'),
('699', 'Institut für Design, Materialien und Fabrikation', 'meboldtm(at)ethz.ch'),
('700', 'Departement Architektur (D-ARCH)', 'klumpner(at)arch.ethz.ch'),
('701', 'Institut für Geschichte und Theorie der Architektur', 'laurent.stalder(at)gta.arch.ethz.ch'),
('702', 'Institut für Biogeochemie und Schadstoffdynamik', 'nicolas.gruber(at)env.ethz.ch'),
('703', 'Institut für Umweltingenieurwissenschaften', 'stefanie.hellweg(at)ifu.baug.ethz.ch'),
('704', 'Departement Geistes-, Sozial- und Staatswissenschaften (D-GESS)', 'schubert(at)econ.gess.ethz.ch'),
('705', 'Institut für Integrative Biologie', 'alex.widmer(at)env.ethz.ch'),
('706', 'Institut für Baustatik und Konstruktion', 'vogel(at)ibk.baug.ethz.ch'),
('707', 'Institut für Technologie in der Architektur', 'kohler(at)arch.ethz.ch
'),
('708', 'Institut für Terrestrische Oekosysteme', 'rainer.schulin(at)env.ethz.ch'),
('709', 'Institut für Integrative Biologie', 'alex.widmer(at)env.ethz.ch'),
('710', 'Institut für Integrative Biologie', 'ottmar.holdenrieder(at)env.ethz.ch'),
('711', 'Institut für Integrative Biologie', 'jonathan.levine(at)usys.ethz.ch'),
('712', 'Institut für Agrarwissenschaften', 'emmanuel.frossard(at)usys.ethz.ch'),
('713', 'Institut für Geschichte', 'gugerli(at)ethz.ch'),
('714', 'Institut für Geochemie und Petrologie', 'christoph.heinrich(at)erdw.ethz.ch'),
('715', 'Departement Management, Technologie und Ökonomie (D-MTEC)', 'ggrote(at)ethz.ch'),
('716', 'Departement Geistes-, Sozial- und Staatswissenschaften (D-GESS)', 'sbechtold(at)ethz.ch'),
('717', 'Institut für Verfahrenstechnik', 'vonrohr(at)ipe.mavt.ethz.ch');

INSERT INTO "ProfessorTochtereinheit" ("Professor_ID", "Tochtereinheit_ID") VALUES
('169', '18'),
('47', '1'),
('170', '2'),
('171', '3'),
('172', '2'),
('173', '3'),
('174', '2'),
('175', '2'),
('176', '2'),
('177', '4'),
('178', '4'),
('179', '22'),
('180', '22'),
('181', '22'),
('182', '22'),
('183', '18'),
('184', '22'),
('185', '22'),
('186', '22'),
('187', '25'),
('188', '19'),
('189', '20'),
('190', '22'),
('191', '22'),
('192', '22'),
('193', '6'),
('194', '6'),
('195', '4'),
('196', '4'),
('197', '10'),
('198', '16'),
('199', '6'),
('200', '12'),
('201', '5'),
('202', '6'),
('203', '4'),
('204', '4'),
('205', '4'),
('206', '16'),
('207', '5'),
('208', '5'),
('209', '4'),
('210', '6'),
('211', '11'),
('212', '20'),
('213', '20'),
('214', '20'),
('215', '21'),
('216', '25'),
('217', '21'),
('218', '21'),
('219', '21'),
('220', '12'),
('221', '12'),
('222', '15'),
('223', '18'),
('224', '23'),
('225', '67'),
('226', '11'),
('227', '11'),
('228', '11'),
('147', '1'),
('229', '11'),
('230', '4'),
('231', '12'),
('232', '11'),
('233', '13'),
('234', '13'),
('235', '11'),
('236', '24'),
('237', '23'),
('238', '21'),
('239', '21'),
('240', '11'),
('241', '20'),
('242', '24'),
('243', '24'),
('25', '24'),
('244', '24'),
('245', '24'),
('246', '24'),
('247', '24'),
('248', '3'),
('249', '16'),
('250', '1'),
('251', '16'),
('252', '16'),
('253', '3'),
('254', '71'),
('255', '75'),
('48', '69'),
('256', '74'),
('257', '75'),
('258', '75'),
('259', '73'),
('260', '76'),
('261', '73'),
('262', '75'),
('263', '73'),
('264', '76'),
('265', '75'),
('266', '72'),
('267', '72'),
('268', '75'),
('269', '75'),
('270', '73'),
('271', '75'),
('272', '76'),
('273', '72'),
('274', '73'),
('275', '73'),
('276', '73'),
('277', '73'),
('278', '75'),
('279', '75'),
('280', '73'),
('281', '72'),
('282', '73'),
('283', '74'),
('284', '73'),
('285', '72'),
('286', '76'),
('287', '77'),
('288', '76'),
('289', '73'),
('290', '72'),
('291', '74'),
('292', '76'),
('293', '76'),
('294', '73'),
('295', '72'),
('296', '72'),
('297', '75'),
('298', '74'),
('299', '76'),
('300', '75'),
('301', '72'),
('302', '72'),
('303', '72'),
('304', '73'),
('305', '77'),
('306', '74'),
('307', '73'),
('308', '73'),
('309', '72'),
('310', '77'),
('311', '77'),
('312', '73'),
('313', '73'),
('314', '77'),
('315', '72'),
('316', '75'),
('317', '74'),
('318', '74'),
('319', '75'),
('320', '75'),
('321', '74'),
('322', '73'),
('323', '70'),
('324', '72'),
('325', '73'),
('326', '76'),
('327', '75'),
('328', '72'),
('329', '72'),
('330', '77'),
('331', '74'),
('332', '75'),
('333', '73'),
('334', '72'),
('335', '76'),
('336', '72'),
('337', '73'),
('338', '72'),
('339', '72'),
('340', '73'),
('341', '75'),
('342', '73'),
('343', '72'),
('344', '73'),
('345', '75'),
('346', '72'),
('347', '74'),
('348', '74'),
('349', '76'),
('350', '74'),
('351', '73'),
('352', '72'),
('353', '73'),
('354', '78'),
('355', '72'),
('356', '75'),
('357', '75'),
('358', '72'),
('359', '73'),
('360', '75'),
('361', '77'),
('362', '73'),
('363', '75'),
('364', '75'),
('365', '74'),
('366', '76'),
('367', '73'),
('368', '73'),
('369', '75'),
('370', '74'),
('371', '76'),
('372', '73'),
('373', '76'),
('374', '73'),
('375', '76'),
('376', '77'),
('377', '73'),
('378', '75'),
('92', '72'),
('379', '76'),
('380', '73'),
('381', '75'),
('49', '72'),
('382', '73'),
('383', '72'),
('384', '73'),
('385', '75'),
('386', '72'),
('387', '77'),
('388', '72'),
('389', '73'),
('390', '73'),
('391', '73'),
('392', '72'),
('393', '75'),
('394', '76'),
('395', '72'),
('396', '74'),
('397', '75'),
('398', '72'),
('399', '73'),
('400', '75'),
('401', '74'),
('402', '72'),
('403', '75'),
('404', '75'),
('405', '73'),
('406', '72'),
('407', '73'),
('408', '76'),
('409', '73'),
('410', '73'),
('411', '75'),
('412', '75'),
('413', '72'),
('414', '72'),
('415', '72'),
('416', '73'),
('417', '73'),
('418', '76'),
('419', '75'),
('420', '75'),
('421', '72'),
('422', '73'),
('423', '73'),
('424', '77'),
('425', '73'),
('426', '72'),
('427', '72'),
('428', '74'),
('429', '72'),
('430', '75'),
('431', '73'),
('432', '73'),
('433', '73'),
('434', '74'),
('435', '76'),
('436', '76'),
('437', '75'),
('438', '73'),
('439', '74'),
('440', '76'),
('441', '77'),
('442', '73'),
('443', '73'),
('444', '76'),
('445', '74'),
('446', '74'),
('447', '75'),
('448', '75'),
('449', '74'),
('450', '75'),
('451', '75'),
('452', '73'),
('453', '75'),
('454', '72'),
('455', '72'),
('456', '74'),
('457', '56'),
('458', '56'),
('459', '53'),
('460', '56'),
('461', '56'),
('462', '56'),
('463', '56'),
('464', '56'),
('465', '56'),
('466', '55'),
('467', '55'),
('468', '55'),
('469', '55'),
('470', '58'),
('471', '58'),
('472', '58'),
('473', '53'),
('474', '58'),
('475', '58'),
('476', '58'),
('477', '58'),
('478', '58'),
('479', '57'),
('480', '57'),
('481', '57'),
('482', '89'),
('483', '89'),
('484', '89'),
('485', '89'),
('486', '88'),
('487', '89'),
('488', '89'),
('489', '92'),
('490', '86'),
('491', '89'),
('492', '91'),
('493', '89'),
('494', '93'),
('495', '88'),
('496', '89'),
('497', '89'),
('498', '89'),
('499', '91'),
('500', '92'),
('501', '88'),
('502', '89'),
('503', '89'),
('504', '89'),
('505', '89'),
('506', '87'),
('507', '89'),
('508', '90'),
('509', '91'),
('510', '91'),
('511', '91'),
('512', '89'),
('513', '87'),
('514', '91'),
('515', '87'),
('516', '88'),
('517', '89'),
('518', '89'),
('519', '87'),
('520', '91'),
('521', '87'),
('522', '88'),
('523', '87'),
('524', '90'),
('525', '85'),
('526', '87'),
('527', '88'),
('528', '91'),
('529', '87'),
('530', '93'),
('531', '90'),
('532', '93'),
('533', '89'),
('534', '85'),
('535', '89'),
('536', '89'),
('537', '89'),
('538', '89'),
('539', '89'),
('540', '85'),
('541', '85'),
('542', '91'),
('543', '89'),
('544', '87'),
('545', '89'),
('546', '93'),
('547', '91'),
('548', '93'),
('549', '91'),
('550', '89'),
('551', '90'),
('552', '89'),
('553', '88'),
('554', '93'),
('555', '89'),
('556', '89'),
('557', '85'),
('558', '91'),
('559', '88'),
('560', '85'),
('561', '89'),
('562', '89'),
('563', '89'),
('564', '89'),
('565', '87'),
('566', '87'),
('567', '28'),
('568', '29'),
('569', '28'),
('570', '28'),
('571', '28'),
('572', '28'),
('573', '28'),
('574', '31'),
('157', '27'),
('575', '28'),
('576', '29'),
('577', '28'),
('578', '30'),
('579', '30'),
('580', '30'),
('581', '30'),
('582', '28'),
('583', '28'),
('584', '31'),
('585', '31'),
('586', '32'),
('587', '30'),
('588', '30'),
('589', '30'),
('590', '28'),
('591', '30'),
('592', '29'),
('593', '28'),
('594', '29'),
('595', '28'),
('596', '28'),
('597', '28'),
('598', '29'),
('599', '27'),
('600', '32'),
('601', '30'),
('602', '28'),
('603', '28'),
('604', '28'),
('605', '28'),
('606', '28'),
('607', '28'),
('608', '28'),
('609', '28'),
('610', '30'),
('611', '28'),
('612', '28'),
('613', '32'),
('614', '28'),
('615', '30'),
('616', '28'),
('617', '28'),
('618', '29'),
('619', '28'),
('620', '28'),
('621', '31'),
('622', '28'),
('623', '28'),
('624', '31'),
('625', '28'),
('626', '28'),
('627', '28'),
('628', '28'),
('629', '28'),
('630', '27'),
('631', '31'),
('632', '28'),
('633', '29'),
('634', '31'),
('635', '28'),
('636', '30'),
('637', '28'),
('638', '28'),
('639', '28'),
('640', '28'),
('641', '29'),
('642', '31'),
('643', '28'),
('644', '32'),
('645', '28'),
('646', '28'),
('647', '99'),
('648', '96'),
('649', '95'),
('650', '100'),
('651', '95'),
('652', '95'),
('653', '96'),
('654', '95'),
('655', '97'),
('656', '35'),
('657', '38'),
('658', '38'),
('659', '37'),
('660', '35'),
('661', '38'),
('662', '38'),
('663', '39'),
('664', '38'),
('665', '35'),
('667', '35'),
('668', '35'),
('669', '38'),
('670', '40'),
('672', '38'),
('673', '35'),
('674', '38'),
('675', '37'),
('676', '39'),
('677', '35'),
('678', '38'),
('679', '35'),
('680', '37'),
('681', '39'),
('682', '39'),
('683', '35'),
('684', '35'),
('686', '39'),
('687', '50'),
('688', '47'),
('689', '48'),
('690', '50'),
('691', '50'),
('692', '47'),
('693', '48'),
('694', '48'),
('695', '49'),
('47', '4'),
('147', '11'),
('250', '16'),
('254', '74'),
('48', '76'),
('427', '74'),
('459', '56'),
('473', '58'),
('525', '93'),
('534', '91'),
('541', '92'),
('560', '93'),
('157', '28'),
('599', '31'),
('630', '28'),
('688', '48'),
('692', '50'),
('697', '50'),
('698', '5'),
('699', '4'),
('700', '2'),
('701', '2'),
('702', '14'),
('703', '3'),
('704', '17'),
('705', '14'),
('706', '3'),
('707', '2'),
('708', '14'),
('709', '14'),
('710', '14'),
('711', '14'),
('712', '14'),
('713', '17'),
('714', '13'),
('715', '16'),
('716', '17'),
('717', '4'),
('451', '14'),
('211', '23'),
('568', '24'),
('495', '24'),
('469', '25'),
('198', '28'),
('250', '28'),
('507', '31'),
('356', '32'),
('266', '33'),
('273', '33'),
('285', '33'),
('375', '39'),
('470', '39'),
('438', '39'),
('264', '39'),
('381', '40'),
('548', '48'),
('308', '49'),
('184', '58'),
('455', '58'),
('599', '62'),
('631', '62'),
('578', '63'),
('479', '63'),
('481', '63'),
('643', '63'),
('517', '64'),
('475', '64'),
('238', '64'),
('713', '66'),
('221', '67'),
('327', '81'),
('572', '83'),
('668', '87'),
('621', '87'),
('410', '93'),
('299', '95'),
('272', '96'),
('375', '96'),
('239', '96');

INSERT INTO "Spende" ("Unistiftung_ID", "Organisation_ID", "Art", "Quelle", "Stand_Daten") VALUES
('1', '362', 'Spende an Foundation', 'http://www.ethz-foundation.ch/wp-content/uploads/2015/03/eth-Jahresbericht-2014-de-ds-low.pdf', '08.10.2015'),
('1', '408', 'Spende an Foundation', 'http://www.ethz-foundation.ch/wp-content/uploads/2015/03/eth-Jahresbericht-2014-de-ds-low.pdf', '08.10.2015'),
('1', '435', 'Spende an Foundation', 'http://www.ethz-foundation.ch/wp-content/uploads/2015/03/eth-Jahresbericht-2014-de-ds-low.pdf', '08.10.2015'),
('1', '901', 'Spende an Foundation', 'http://www.ethz-foundation.ch/wp-content/uploads/2015/03/eth-Jahresbericht-2014-de-ds-low.pdf', '08.10.2015'),
('1', '924', 'Spende an Foundation', 'http://www.ethz-foundation.ch/wp-content/uploads/2015/03/eth-Jahresbericht-2014-de-ds-low.pdf', '08.10.2015'),
('1', '946', 'Spende an Foundation', 'http://www.ethz-foundation.ch/wp-content/uploads/2015/03/eth-Jahresbericht-2014-de-ds-low.pdf', '08.10.2015'),
('1', '1057', 'Spende an Foundation', 'http://www.ethz-foundation.ch/wp-content/uploads/2015/03/eth-Jahresbericht-2014-de-ds-low.pdf', '08.10.2015'),
('1', '1060', 'Spende an Foundation', 'http://www.ethz-foundation.ch/wp-content/uploads/2015/03/eth-Jahresbericht-2014-de-ds-low.pdf', '08.10.2015'),
('1', '2323', 'Spende an Foundation', 'http://www.ethz-foundation.ch/wp-content/uploads/2015/03/eth-Jahresbericht-2014-de-ds-low.pdf', '08.10.2015'),
('1', '2325', 'Spende an Foundation', 'http://www.ethz-foundation.ch/wp-content/uploads/2015/03/eth-Jahresbericht-2014-de-ds-low.pdf', '08.10.2015'),
('1', '2326', 'Spende an Foundation', 'http://www.ethz-foundation.ch/wp-content/uploads/2015/03/eth-Jahresbericht-2014-de-ds-low.pdf', '08.10.2015'),
('1', '2327', 'Spende an Foundation', 'http://www.ethz-foundation.ch/wp-content/uploads/2015/03/eth-Jahresbericht-2014-de-ds-low.pdf', '08.10.2015'),
('1', '2328', 'Spende an Foundation', 'http://www.ethz-foundation.ch/wp-content/uploads/2015/03/eth-Jahresbericht-2014-de-ds-low.pdf', '08.10.2015'),
('1', '2331', 'Spende an Foundation', 'http://www.ethz-foundation.ch/wp-content/uploads/2015/03/eth-Jahresbericht-2014-de-ds-low.pdf', '08.10.2015'),
('1', '2334', 'Spende an Foundation', 'http://www.ethz-foundation.ch/wp-content/uploads/2015/03/eth-Jahresbericht-2014-de-ds-low.pdf', '08.10.2015'),
('1', '2335', 'Spende an Foundation', 'http://www.ethz-foundation.ch/wp-content/uploads/2015/03/eth-Jahresbericht-2014-de-ds-low.pdf', '08.10.2015'),
('1', '2336', 'Spende an Foundation', 'http://www.ethz-foundation.ch/wp-content/uploads/2015/03/eth-Jahresbericht-2014-de-ds-low.pdf', '08.10.2015'),
('1', '2345', 'Spende an Foundation', 'http://www.ethz-foundation.ch/wp-content/uploads/2015/03/eth-Jahresbericht-2014-de-ds-low.pdf', '08.10.2015'),
('1', '2347', 'Spende an Foundation', 'http://www.ethz-foundation.ch/wp-content/uploads/2015/03/eth-Jahresbericht-2014-de-ds-low.pdf', '08.10.2015'),
('1', '2349', 'Spende an Foundation', 'http://www.ethz-foundation.ch/wp-content/uploads/2015/03/eth-Jahresbericht-2014-de-ds-low.pdf', '08.10.2015'),
('1', '2350', 'Spende an Foundation', 'http://www.ethz-foundation.ch/wp-content/uploads/2015/03/eth-Jahresbericht-2014-de-ds-low.pdf', '08.10.2015'),
('1', '2443', 'Spende an Foundation', 'http://www.ethz-foundation.ch/wp-content/uploads/2015/03/eth-Jahresbericht-2014-de-ds-low.pdf', '08.10.2015'),
('1', '2450', 'Spende an Foundation', 'http://www.ethz-foundation.ch/wp-content/uploads/2015/03/eth-Jahresbericht-2014-de-ds-low.pdf', '08.10.2015'),
('1', '2490', 'Spende an Foundation', 'http://www.ethz-foundation.ch/wp-content/uploads/2015/03/eth-Jahresbericht-2014-de-ds-low.pdf', '08.10.2015'),
('1', '2534', 'Spende an Foundation', 'http://www.ethz-foundation.ch/wp-content/uploads/2015/03/eth-Jahresbericht-2014-de-ds-low.pdf', '08.10.2015'),
('1', '2550', 'Spende an Foundation', 'http://www.ethz-foundation.ch/wp-content/uploads/2015/03/eth-Jahresbericht-2014-de-ds-low.pdf', '08.10.2015'),
('1', '2562', 'Spende an Foundation', 'http://www.ethz-foundation.ch/wp-content/uploads/2015/03/eth-Jahresbericht-2014-de-ds-low.pdf', '08.10.2015'),
('1', '2568', 'Spende an Foundation', 'http://www.ethz-foundation.ch/wp-content/uploads/2015/03/eth-Jahresbericht-2014-de-ds-low.pdf', '08.10.2015'),
('1', '2569', 'Spende an Foundation', 'http://www.ethz-foundation.ch/wp-content/uploads/2015/03/eth-Jahresbericht-2014-de-ds-low.pdf', '08.10.2015'),
('1', '2570', 'Spende an Foundation', 'http://www.ethz-foundation.ch/wp-content/uploads/2015/03/eth-Jahresbericht-2014-de-ds-low.pdf', '08.10.2015'),
('1', '2571', 'Spende an Foundation', 'http://www.ethz-foundation.ch/wp-content/uploads/2015/03/eth-Jahresbericht-2014-de-ds-low.pdf', '08.10.2015'),
('1', '2572', 'Spende an Foundation', 'http://www.ethz-foundation.ch/wp-content/uploads/2015/03/eth-Jahresbericht-2014-de-ds-low.pdf', '08.10.2015'),
('1', '2573', 'Spende an Foundation', 'http://www.ethz-foundation.ch/wp-content/uploads/2015/03/eth-Jahresbericht-2014-de-ds-low.pdf', '08.10.2015'),
('1', '2574', 'Spende an Foundation', 'http://www.ethz-foundation.ch/wp-content/uploads/2015/03/eth-Jahresbericht-2014-de-ds-low.pdf', '08.10.2015'),
('1', '2575', 'Spende an Foundation', 'http://www.ethz-foundation.ch/wp-content/uploads/2015/03/eth-Jahresbericht-2014-de-ds-low.pdf', '08.10.2015'),
('1', '2576', 'Spende an Foundation', 'http://www.ethz-foundation.ch/wp-content/uploads/2015/03/eth-Jahresbericht-2014-de-ds-low.pdf', '08.10.2015'),
('1', '2577', 'Spende an Foundation', 'http://www.ethz-foundation.ch/wp-content/uploads/2015/03/eth-Jahresbericht-2014-de-ds-low.pdf', '08.10.2015'),
('1', '2578', 'Spende an Foundation', 'http://www.ethz-foundation.ch/wp-content/uploads/2015/03/eth-Jahresbericht-2014-de-ds-low.pdf', '08.10.2015'),
('1', '2579', 'Spende an Foundation', 'http://www.ethz-foundation.ch/wp-content/uploads/2015/03/eth-Jahresbericht-2014-de-ds-low.pdf', '08.10.2015'),
('1', '2580', 'Spende an Foundation', 'http://www.ethz-foundation.ch/wp-content/uploads/2015/03/eth-Jahresbericht-2014-de-ds-low.pdf', '08.10.2015'),
('1', '2581', 'Spende an Foundation', 'http://www.ethz-foundation.ch/wp-content/uploads/2015/03/eth-Jahresbericht-2014-de-ds-low.pdf', '08.10.2015'),
('1', '2582', 'Spende an Foundation', 'http://www.ethz-foundation.ch/wp-content/uploads/2015/03/eth-Jahresbericht-2014-de-ds-low.pdf', '08.10.2015'),
('1', '2583', 'Spende an Foundation', 'http://www.ethz-foundation.ch/wp-content/uploads/2015/03/eth-Jahresbericht-2014-de-ds-low.pdf', '08.10.2015'),
('1', '2584', 'Spende an Foundation', 'http://www.ethz-foundation.ch/wp-content/uploads/2015/03/eth-Jahresbericht-2014-de-ds-low.pdf', '08.10.2015'),
('1', '2585', 'Spende an Foundation', 'http://www.ethz-foundation.ch/wp-content/uploads/2015/03/eth-Jahresbericht-2014-de-ds-low.pdf', '08.10.2015'),
('1', '2586', 'Spende an Foundation', 'http://www.ethz-foundation.ch/wp-content/uploads/2015/03/eth-Jahresbericht-2014-de-ds-low.pdf', '08.10.2015'),
('1', '2587', 'Spende an Foundation', 'http://www.ethz-foundation.ch/wp-content/uploads/2015/03/eth-Jahresbericht-2014-de-ds-low.pdf', '08.10.2015'),
('1', '2588', 'Spende an Foundation', 'http://www.ethz-foundation.ch/wp-content/uploads/2015/03/eth-Jahresbericht-2014-de-ds-low.pdf', '08.10.2015'),
('1', '2589', 'Spende an Foundation', 'http://www.ethz-foundation.ch/wp-content/uploads/2015/03/eth-Jahresbericht-2014-de-ds-low.pdf', '08.10.2015'),
('1', '2590', 'Spende an Foundation', 'http://www.ethz-foundation.ch/wp-content/uploads/2015/03/eth-Jahresbericht-2014-de-ds-low.pdf', '08.10.2015'),
('1', '2591', 'Spende an Foundation', 'http://www.ethz-foundation.ch/wp-content/uploads/2015/03/eth-Jahresbericht-2014-de-ds-low.pdf', '08.10.2015'),
('1', '2592', 'Spende an Foundation', 'http://www.ethz-foundation.ch/wp-content/uploads/2015/03/eth-Jahresbericht-2014-de-ds-low.pdf', '08.10.2015'),
('1', '2593', 'Spende an Foundation', 'http://www.ethz-foundation.ch/wp-content/uploads/2015/03/eth-Jahresbericht-2014-de-ds-low.pdf', '08.10.2015'),
('1', '2594', 'Spende an Foundation', 'http://www.ethz-foundation.ch/wp-content/uploads/2015/03/eth-Jahresbericht-2014-de-ds-low.pdf', '08.10.2015'),
('1', '2595', 'Spende an Foundation', 'http://www.ethz-foundation.ch/wp-content/uploads/2015/03/eth-Jahresbericht-2014-de-ds-low.pdf', '08.10.2015'),
('1', '2596', 'Spende an Foundation', 'http://www.ethz-foundation.ch/wp-content/uploads/2015/03/eth-Jahresbericht-2014-de-ds-low.pdf', '08.10.2015'),
('1', '2597', 'Spende an Foundation', 'http://www.ethz-foundation.ch/wp-content/uploads/2015/03/eth-Jahresbericht-2014-de-ds-low.pdf', '08.10.2015'),
('1', '2598', 'Spende an Foundation', 'http://www.ethz-foundation.ch/wp-content/uploads/2015/03/eth-Jahresbericht-2014-de-ds-low.pdf', '08.10.2015'),
('1', '2599', 'Spende an Foundation', 'http://www.ethz-foundation.ch/wp-content/uploads/2015/03/eth-Jahresbericht-2014-de-ds-low.pdf', '08.10.2015'),
('1', '2600', 'Spende an Foundation', 'http://www.ethz-foundation.ch/wp-content/uploads/2015/03/eth-Jahresbericht-2014-de-ds-low.pdf', '08.10.2015'),
('1', '2601', 'Spende an Foundation', 'http://www.ethz-foundation.ch/wp-content/uploads/2015/03/eth-Jahresbericht-2014-de-ds-low.pdf', '08.10.2015'),
('1', '2602', 'Spende an Foundation', 'http://www.ethz-foundation.ch/wp-content/uploads/2015/03/eth-Jahresbericht-2014-de-ds-low.pdf', '08.10.2015'),
('1', '2603', 'Spende an Foundation', 'http://www.ethz-foundation.ch/wp-content/uploads/2015/03/eth-Jahresbericht-2014-de-ds-low.pdf', '08.10.2015'),
('1', '2604', 'Spende an Foundation', 'http://www.ethz-foundation.ch/wp-content/uploads/2015/03/eth-Jahresbericht-2014-de-ds-low.pdf', '08.10.2015'),
('1', '2605', 'Spende an Foundation', 'http://www.ethz-foundation.ch/wp-content/uploads/2015/03/eth-Jahresbericht-2014-de-ds-low.pdf', '08.10.2015'),
('1', '2606', 'Spende an Foundation', 'http://www.ethz-foundation.ch/wp-content/uploads/2015/03/eth-Jahresbericht-2014-de-ds-low.pdf', '08.10.2015'),
('1', '2607', 'Spende an Foundation', 'http://www.ethz-foundation.ch/wp-content/uploads/2015/03/eth-Jahresbericht-2014-de-ds-low.pdf', '08.10.2015'),
('1', '2608', 'Spende an Foundation', 'http://www.ethz-foundation.ch/wp-content/uploads/2015/03/eth-Jahresbericht-2014-de-ds-low.pdf', '08.10.2015'),
('1', '2609', 'Spende an Foundation', 'http://www.ethz-foundation.ch/wp-content/uploads/2015/03/eth-Jahresbericht-2014-de-ds-low.pdf', '08.10.2015'),
('1', '2610', 'Spende an Foundation', 'http://www.ethz-foundation.ch/wp-content/uploads/2015/03/eth-Jahresbericht-2014-de-ds-low.pdf', '08.10.2015'),
('1', '2611', 'Spende an Foundation', 'http://www.ethz-foundation.ch/wp-content/uploads/2015/03/eth-Jahresbericht-2014-de-ds-low.pdf', '08.10.2015'),
('1', '2612', 'Spende an Foundation', 'http://www.ethz-foundation.ch/wp-content/uploads/2015/03/eth-Jahresbericht-2014-de-ds-low.pdf', '08.10.2015'),
('1', '2613', 'Spende an Foundation', 'http://www.ethz-foundation.ch/wp-content/uploads/2015/03/eth-Jahresbericht-2014-de-ds-low.pdf', '08.10.2015'),
('1', '2614', 'Spende an Foundation', 'http://www.ethz-foundation.ch/wp-content/uploads/2015/03/eth-Jahresbericht-2014-de-ds-low.pdf', '08.10.2015'),
('1', '2615', 'Spende an Foundation', 'http://www.ethz-foundation.ch/wp-content/uploads/2015/03/eth-Jahresbericht-2014-de-ds-low.pdf', '08.10.2015'),
('1', '2616', 'Spende an Foundation', 'http://www.ethz-foundation.ch/wp-content/uploads/2015/03/eth-Jahresbericht-2014-de-ds-low.pdf', '08.10.2015'),
('1', '2617', 'Spende an Foundation', 'http://www.ethz-foundation.ch/wp-content/uploads/2015/03/eth-Jahresbericht-2014-de-ds-low.pdf', '08.10.2015'),
('1', '2618', 'Spende an Foundation', 'http://www.ethz-foundation.ch/wp-content/uploads/2015/03/eth-Jahresbericht-2014-de-ds-low.pdf', '08.10.2015'),
('1', '2619', 'Spende an Foundation', 'http://www.ethz-foundation.ch/wp-content/uploads/2015/03/eth-Jahresbericht-2014-de-ds-low.pdf', '08.10.2015'),
('1', '2620', 'Spende an Foundation', 'http://www.ethz-foundation.ch/wp-content/uploads/2015/03/eth-Jahresbericht-2014-de-ds-low.pdf', '08.10.2015'),
('1', '2621', 'Spende an Foundation', 'http://www.ethz-foundation.ch/wp-content/uploads/2015/03/eth-Jahresbericht-2014-de-ds-low.pdf', '08.10.2015'),
('1', '2622', 'Spende an Foundation', 'http://www.ethz-foundation.ch/wp-content/uploads/2015/03/eth-Jahresbericht-2014-de-ds-low.pdf', '08.10.2015'),
('1', '2623', 'Spende an Foundation', 'http://www.ethz-foundation.ch/wp-content/uploads/2015/03/eth-Jahresbericht-2014-de-ds-low.pdf', '08.10.2015'),
('1', '2624', 'Spende an Foundation', 'http://www.ethz-foundation.ch/wp-content/uploads/2015/03/eth-Jahresbericht-2014-de-ds-low.pdf', '08.10.2015'),
('1', '2625', 'Spende an Foundation', 'http://www.ethz-foundation.ch/wp-content/uploads/2015/03/eth-Jahresbericht-2014-de-ds-low.pdf', '08.10.2015'),
('1', '2626', 'Spende an Foundation', 'http://www.ethz-foundation.ch/wp-content/uploads/2015/03/eth-Jahresbericht-2014-de-ds-low.pdf', '08.10.2015'),
('1', '2627', 'Spende an Foundation', 'http://www.ethz-foundation.ch/wp-content/uploads/2015/03/eth-Jahresbericht-2014-de-ds-low.pdf', '08.10.2015'),
('1', '2628', 'Spende an Foundation', 'http://www.ethz-foundation.ch/wp-content/uploads/2015/03/eth-Jahresbericht-2014-de-ds-low.pdf', '08.10.2015'),
('1', '2629', 'Spende an Foundation', 'http://www.ethz-foundation.ch/wp-content/uploads/2015/03/eth-Jahresbericht-2014-de-ds-low.pdf', '08.10.2015'),
('1', '2630', 'Spende an Foundation', 'http://www.ethz-foundation.ch/wp-content/uploads/2015/03/eth-Jahresbericht-2014-de-ds-low.pdf', '08.10.2015'),
('1', '2631', 'Spende an Foundation', 'http://www.ethz-foundation.ch/wp-content/uploads/2015/03/eth-Jahresbericht-2014-de-ds-low.pdf', '08.10.2015'),
('1', '2632', 'Spende an Foundation', 'http://www.ethz-foundation.ch/wp-content/uploads/2015/03/eth-Jahresbericht-2014-de-ds-low.pdf', '08.10.2015'),
('1', '2633', 'Spende an Foundation', 'http://www.ethz-foundation.ch/wp-content/uploads/2015/03/eth-Jahresbericht-2014-de-ds-low.pdf', '08.10.2015'),
('1', '2634', 'Spende an Foundation', 'http://www.ethz-foundation.ch/wp-content/uploads/2015/03/eth-Jahresbericht-2014-de-ds-low.pdf', '08.10.2015'),
('1', '2635', 'Spende an Foundation', 'http://www.ethz-foundation.ch/wp-content/uploads/2015/03/eth-Jahresbericht-2014-de-ds-low.pdf', '08.10.2015'),
('1', '2636', 'Spende an Foundation', 'http://www.ethz-foundation.ch/wp-content/uploads/2015/03/eth-Jahresbericht-2014-de-ds-low.pdf', '08.10.2015'),
('1', '2637', 'Spende an Foundation', 'http://www.ethz-foundation.ch/wp-content/uploads/2015/03/eth-Jahresbericht-2014-de-ds-low.pdf', '08.10.2015'),
('1', '2638', 'Spende an Foundation', 'http://www.ethz-foundation.ch/wp-content/uploads/2015/03/eth-Jahresbericht-2014-de-ds-low.pdf', '08.10.2015'),
('1', '2639', 'Spende an Foundation', 'http://www.ethz-foundation.ch/wp-content/uploads/2015/03/eth-Jahresbericht-2014-de-ds-low.pdf', '08.10.2015'),
('1', '2640', 'Spende an Foundation', 'http://www.ethz-foundation.ch/wp-content/uploads/2015/03/eth-Jahresbericht-2014-de-ds-low.pdf', '08.10.2015'),
('1', '2641', 'Spende an Foundation', 'http://www.ethz-foundation.ch/wp-content/uploads/2015/03/eth-Jahresbericht-2014-de-ds-low.pdf', '08.10.2015'),
('1', '2642', 'Spende an Foundation', 'http://www.ethz-foundation.ch/wp-content/uploads/2015/03/eth-Jahresbericht-2014-de-ds-low.pdf', '08.10.2015'),
('1', '2643', 'Spende an Foundation', 'http://www.ethz-foundation.ch/wp-content/uploads/2015/03/eth-Jahresbericht-2014-de-ds-low.pdf', '08.10.2015'),
('1', '2644', 'Spende an Foundation', 'http://www.ethz-foundation.ch/wp-content/uploads/2015/03/eth-Jahresbericht-2014-de-ds-low.pdf', '08.10.2015'),
('1', '2645', 'Spende an Foundation', 'http://www.ethz-foundation.ch/wp-content/uploads/2015/03/eth-Jahresbericht-2014-de-ds-low.pdf', '08.10.2015'),
('1', '2646', 'Spende an Foundation', 'http://www.ethz-foundation.ch/wp-content/uploads/2015/03/eth-Jahresbericht-2014-de-ds-low.pdf', '08.10.2015'),
('1', '2647', 'Spende an Foundation', 'http://www.ethz-foundation.ch/wp-content/uploads/2015/03/eth-Jahresbericht-2014-de-ds-low.pdf', '08.10.2015'),
('1', '2648', 'Spende an Foundation', 'http://www.ethz-foundation.ch/wp-content/uploads/2015/03/eth-Jahresbericht-2014-de-ds-low.pdf', '08.10.2015'),
('1', '2649', 'Spende an Foundation', 'http://www.ethz-foundation.ch/wp-content/uploads/2015/03/eth-Jahresbericht-2014-de-ds-low.pdf', '08.10.2015'),
('1', '2650', 'Spende an Foundation', 'http://www.ethz-foundation.ch/wp-content/uploads/2015/03/eth-Jahresbericht-2014-de-ds-low.pdf', '08.10.2015'),
('1', '2651', 'Spende an Foundation', 'http://www.ethz-foundation.ch/wp-content/uploads/2015/03/eth-Jahresbericht-2014-de-ds-low.pdf', '08.10.2015'),
('1', '2652', 'Spende an Foundation', 'http://www.ethz-foundation.ch/wp-content/uploads/2015/03/eth-Jahresbericht-2014-de-ds-low.pdf', '08.10.2015'),
('1', '2653', 'Spende an Foundation', 'http://www.ethz-foundation.ch/wp-content/uploads/2015/03/eth-Jahresbericht-2014-de-ds-low.pdf', '08.10.2015'),
('1', '2654', 'Spende an Foundation', 'http://www.ethz-foundation.ch/wp-content/uploads/2015/03/eth-Jahresbericht-2014-de-ds-low.pdf', '08.10.2015'),
('1', '2655', 'Spende an Foundation', 'http://www.ethz-foundation.ch/wp-content/uploads/2015/03/eth-Jahresbericht-2014-de-ds-low.pdf', '08.10.2015'),
('1', '2656', 'Spende an Foundation', 'http://www.ethz-foundation.ch/wp-content/uploads/2015/03/eth-Jahresbericht-2014-de-ds-low.pdf', '08.10.2015'),
('1', '2657', 'Spende an Foundation', 'http://www.ethz-foundation.ch/wp-content/uploads/2015/03/eth-Jahresbericht-2014-de-ds-low.pdf', '08.10.2015'),
('1', '2658', 'Spende an Foundation', 'http://www.ethz-foundation.ch/wp-content/uploads/2015/03/eth-Jahresbericht-2014-de-ds-low.pdf', '08.10.2015'),
('1', '2659', 'Spende an Foundation', 'http://www.ethz-foundation.ch/wp-content/uploads/2015/03/eth-Jahresbericht-2014-de-ds-low.pdf', '08.10.2015'),
('1', '2660', 'Spende an Foundation', 'http://www.ethz-foundation.ch/wp-content/uploads/2015/03/eth-Jahresbericht-2014-de-ds-low.pdf', '08.10.2015'),
('1', '2661', 'Spende an Foundation', 'http://www.ethz-foundation.ch/wp-content/uploads/2015/03/eth-Jahresbericht-2014-de-ds-low.pdf', '08.10.2015'),
('1', '2662', 'Spende an Foundation', 'http://www.ethz-foundation.ch/wp-content/uploads/2015/03/eth-Jahresbericht-2014-de-ds-low.pdf', '08.10.2015'),
('1', '2663', 'Spende an Foundation', 'http://www.ethz-foundation.ch/wp-content/uploads/2015/03/eth-Jahresbericht-2014-de-ds-low.pdf', '08.10.2015'),
('1', '2664', 'Spende an Foundation', 'http://www.ethz-foundation.ch/wp-content/uploads/2015/03/eth-Jahresbericht-2014-de-ds-low.pdf', '08.10.2015'),
('1', '2665', 'Spende an Foundation', 'http://www.ethz-foundation.ch/wp-content/uploads/2015/03/eth-Jahresbericht-2014-de-ds-low.pdf', '08.10.2015'),
('1', '2666', 'Spende an Foundation', 'http://www.ethz-foundation.ch/wp-content/uploads/2015/03/eth-Jahresbericht-2014-de-ds-low.pdf', '08.10.2015'),
('1', '2667', 'Spende an Foundation', 'http://www.ethz-foundation.ch/wp-content/uploads/2015/03/eth-Jahresbericht-2014-de-ds-low.pdf', '08.10.2015'),
('1', '2668', 'Spende an Foundation', 'http://www.ethz-foundation.ch/wp-content/uploads/2015/03/eth-Jahresbericht-2014-de-ds-low.pdf', '08.10.2015'),
('1', '2669', 'Spende an Foundation', 'http://www.ethz-foundation.ch/wp-content/uploads/2015/03/eth-Jahresbericht-2014-de-ds-low.pdf', '08.10.2015'),
('1', '2670', 'Spende an Foundation', 'http://www.ethz-foundation.ch/wp-content/uploads/2015/03/eth-Jahresbericht-2014-de-ds-low.pdf', '08.10.2015'),
('1', '2671', 'Spende an Foundation', 'http://www.ethz-foundation.ch/wp-content/uploads/2015/03/eth-Jahresbericht-2014-de-ds-low.pdf', '08.10.2015'),
('1', '2672', 'Spende an Foundation', 'http://www.ethz-foundation.ch/wp-content/uploads/2015/03/eth-Jahresbericht-2014-de-ds-low.pdf', '08.10.2015'),
('1', '2673', 'Spende an Foundation', 'http://www.ethz-foundation.ch/wp-content/uploads/2015/03/eth-Jahresbericht-2014-de-ds-low.pdf', '08.10.2015'),
('1', '2674', 'Spende an Foundation', 'http://www.ethz-foundation.ch/wp-content/uploads/2015/03/eth-Jahresbericht-2014-de-ds-low.pdf', '08.10.2015'),
('1', '2675', 'Spende an Foundation', 'http://www.ethz-foundation.ch/wp-content/uploads/2015/03/eth-Jahresbericht-2014-de-ds-low.pdf', '08.10.2015'),
('1', '2676', 'Spende an Foundation', 'http://www.ethz-foundation.ch/wp-content/uploads/2015/03/eth-Jahresbericht-2014-de-ds-low.pdf', '08.10.2015'),
('1', '2677', 'Spende an Foundation', 'http://www.ethz-foundation.ch/wp-content/uploads/2015/03/eth-Jahresbericht-2014-de-ds-low.pdf', '08.10.2015'),
('1', '2678', 'Spende an Foundation', 'http://www.ethz-foundation.ch/wp-content/uploads/2015/03/eth-Jahresbericht-2014-de-ds-low.pdf', '08.10.2015'),
('1', '2679', 'Spende an Foundation', 'http://www.ethz-foundation.ch/wp-content/uploads/2015/03/eth-Jahresbericht-2014-de-ds-low.pdf', '08.10.2015'),
('1', '2680', 'Spende an Foundation', 'http://www.ethz-foundation.ch/wp-content/uploads/2015/03/eth-Jahresbericht-2014-de-ds-low.pdf', '08.10.2015'),
('1', '2681', 'Spende an Foundation', 'http://www.ethz-foundation.ch/wp-content/uploads/2015/03/eth-Jahresbericht-2014-de-ds-low.pdf', '08.10.2015'),
('1', '2682', 'Spende an Foundation', 'http://www.ethz-foundation.ch/wp-content/uploads/2015/03/eth-Jahresbericht-2014-de-ds-low.pdf', '08.10.2015'),
('1', '2683', 'Spende an Foundation', 'http://www.ethz-foundation.ch/wp-content/uploads/2015/03/eth-Jahresbericht-2014-de-ds-low.pdf', '08.10.2015'),
('4', '1057', 'Spende an Foundation', 'http://www.uzhfoundation.ch/files/artikel/321/UZHF%20Jahresbericht%202014.pdf', '08.10.2015'),
('4', '2557', 'Spende an Foundation', 'http://www.uzhfoundation.ch/files/artikel/321/UZHF%20Jahresbericht%202014.pdf', '08.10.2015'),
('4', '2558', 'Spende an Foundation', 'http://www.uzhfoundation.ch/files/artikel/321/UZHF%20Jahresbericht%202014.pdf', '08.10.2015'),
('4', '2559', 'Spende an Foundation', 'http://www.uzhfoundation.ch/files/artikel/321/UZHF%20Jahresbericht%202014.pdf', '08.10.2015'),
('4', '2560', 'Spende an Foundation', 'http://www.uzhfoundation.ch/files/artikel/321/UZHF%20Jahresbericht%202014.pdf', '08.10.2015'),
('4', '2561', 'Spende an Foundation', 'http://www.uzhfoundation.ch/files/artikel/321/UZHF%20Jahresbericht%202014.pdf', '08.10.2015'),
('4', '2562', 'Spende an Foundation', 'http://www.uzhfoundation.ch/files/artikel/321/UZHF%20Jahresbericht%202014.pdf', '08.10.2015'),
('4', '2563', 'Spende an Foundation', 'http://www.uzhfoundation.ch/files/artikel/321/UZHF%20Jahresbericht%202014.pdf', '08.10.2015'),
('4', '2564', 'Spende an Foundation', 'http://www.uzhfoundation.ch/files/artikel/321/UZHF%20Jahresbericht%202014.pdf', '08.10.2015'),
('4', '2565', 'Spende an Foundation', 'http://www.uzhfoundation.ch/files/artikel/321/UZHF%20Jahresbericht%202014.pdf', '08.10.2015'),
('4', '2566', 'Spende an Foundation', 'http://www.uzhfoundation.ch/files/artikel/321/UZHF%20Jahresbericht%202014.pdf', '08.10.2015'),
('4', '2567', 'Spende an Foundation', 'http://www.uzhfoundation.ch/files/artikel/321/UZHF%20Jahresbericht%202014.pdf', '08.10.2015'),
('5', '82', 'Förderung', 'https://www.unilu.ch/universitaet/fundraising/foerderinnen-und-foerderer/', '24.9.2015'),
('5', '257', 'Förderung', 'https://www.unilu.ch/universitaet/fundraising/foerderinnen-und-foerderer/', '24.9.2015'),
('5', '397', 'Förderung', 'https://www.unilu.ch/universitaet/fundraising/foerderinnen-und-foerderer/', '24.9.2015'),
('5', '1104', 'Förderung', 'https://www.unilu.ch/universitaet/fundraising/foerderinnen-und-foerderer/', '24.9.2015'),
('5', '1680', 'Förderung', 'https://www.unilu.ch/universitaet/fundraising/foerderinnen-und-foerderer/', '24.9.2015'),
('5', '1913', 'Förderung', 'https://www.unilu.ch/universitaet/fundraising/foerderinnen-und-foerderer/', '24.9.2015'),
('5', '2479', 'Förderung', 'https://www.unilu.ch/universitaet/fundraising/foerderinnen-und-foerderer/', '24.9.2015'),
('5', '2480', 'Förderung', 'https://www.unilu.ch/universitaet/fundraising/foerderinnen-und-foerderer/', '24.9.2015'),
('5', '2481', 'Förderung', 'https://www.unilu.ch/universitaet/fundraising/foerderinnen-und-foerderer/', '24.9.2015'),
('5', '2482', 'Förderung', 'https://www.unilu.ch/universitaet/fundraising/foerderinnen-und-foerderer/', '24.9.2015'),
('5', '2483', 'Förderung', 'https://www.unilu.ch/universitaet/fundraising/foerderinnen-und-foerderer/', '24.9.2015'),
('5', '2484', 'Förderung', 'https://www.unilu.ch/universitaet/fundraising/foerderinnen-und-foerderer/', '24.9.2015'),
('5', '2485', 'Förderung', 'https://www.unilu.ch/universitaet/fundraising/foerderinnen-und-foerderer/', '24.9.2015'),
('5', '2486', 'Förderung', 'https://www.unilu.ch/universitaet/fundraising/foerderinnen-und-foerderer/', '24.9.2015'),
('5', '2487', 'Förderung', 'https://www.unilu.ch/universitaet/fundraising/foerderinnen-und-foerderer/', '24.9.2015'),
('5', '2488', 'Förderung', 'https://www.unilu.ch/universitaet/fundraising/foerderinnen-und-foerderer/', '24.9.2015'),
('5', '2489', 'Förderung', 'https://www.unilu.ch/universitaet/fundraising/foerderinnen-und-foerderer/', '24.9.2015'),
('5', '2490', 'Förderung', 'https://www.unilu.ch/universitaet/fundraising/foerderinnen-und-foerderer/', '24.9.2015'),
('5', '2491', 'Förderung', 'https://www.unilu.ch/universitaet/fundraising/foerderinnen-und-foerderer/', '24.9.2015'),
('5', '2492', 'Förderung', 'https://www.unilu.ch/universitaet/fundraising/foerderinnen-und-foerderer/', '24.9.2015'),
('5', '2493', 'Förderung', 'https://www.unilu.ch/universitaet/fundraising/foerderinnen-und-foerderer/', '24.9.2015'),
('5', '2494', 'Förderung', 'https://www.unilu.ch/universitaet/fundraising/foerderinnen-und-foerderer/', '24.9.2015'),
('5', '2495', 'Förderung', 'https://www.unilu.ch/universitaet/fundraising/foerderinnen-und-foerderer/', '24.9.2015'),
('5', '2496', 'Förderung', 'https://www.unilu.ch/universitaet/fundraising/foerderinnen-und-foerderer/', '24.9.2015'),
('5', '2497', 'Förderung', 'https://www.unilu.ch/universitaet/fundraising/foerderinnen-und-foerderer/', '24.9.2015'),
('5', '2498', 'Förderung', 'https://www.unilu.ch/universitaet/fundraising/foerderinnen-und-foerderer/', '24.9.2015'),
('5', '2499', 'Förderung', 'https://www.unilu.ch/universitaet/fundraising/foerderinnen-und-foerderer/', '24.9.2015'),
('5', '2500', 'Förderung', 'https://www.unilu.ch/universitaet/fundraising/foerderinnen-und-foerderer/', '24.9.2015'),
('5', '2501', 'Förderung', 'https://www.unilu.ch/universitaet/fundraising/foerderinnen-und-foerderer/', '24.9.2015'),
('5', '2502', 'Förderung', 'https://www.unilu.ch/universitaet/fundraising/foerderinnen-und-foerderer/', '24.9.2015'),
('5', '2503', 'Förderung', 'https://www.unilu.ch/universitaet/fundraising/foerderinnen-und-foerderer/', '24.9.2015'),
('5', '2504', 'Förderung', 'https://www.unilu.ch/universitaet/fundraising/foerderinnen-und-foerderer/', '24.9.2015'),
('5', '2505', 'Förderung', 'https://www.unilu.ch/universitaet/fundraising/foerderinnen-und-foerderer/', '24.9.2015'),
('5', '2506', 'Förderung', 'https://www.unilu.ch/universitaet/fundraising/foerderinnen-und-foerderer/', '24.9.2015'),
('5', '2507', 'Förderung', 'https://www.unilu.ch/universitaet/fundraising/foerderinnen-und-foerderer/', '24.9.2015'),
('5', '2508', 'Förderung', 'https://www.unilu.ch/universitaet/fundraising/foerderinnen-und-foerderer/', '24.9.2015'),
('5', '2509', 'Förderung', 'https://www.unilu.ch/universitaet/fundraising/foerderinnen-und-foerderer/', '24.9.2015'),
('5', '2510', 'Förderung', 'https://www.unilu.ch/universitaet/fundraising/foerderinnen-und-foerderer/', '24.9.2015'),
('5', '2511', 'Förderung', 'https://www.unilu.ch/universitaet/fundraising/foerderinnen-und-foerderer/', '24.9.2015'),
('5', '2512', 'Förderung', 'https://www.unilu.ch/universitaet/fundraising/foerderinnen-und-foerderer/', '24.9.2015'),
('5', '2513', 'Förderung', 'https://www.unilu.ch/universitaet/fundraising/foerderinnen-und-foerderer/', '24.9.2015'),
('5', '2514', 'Förderung', 'https://www.unilu.ch/universitaet/fundraising/foerderinnen-und-foerderer/', '24.9.2015'),
('5', '2515', 'Förderung', 'https://www.unilu.ch/universitaet/fundraising/foerderinnen-und-foerderer/', '24.9.2015'),
('5', '2516', 'Förderung', 'https://www.unilu.ch/universitaet/fundraising/foerderinnen-und-foerderer/', '24.9.2015'),
('5', '2517', 'Förderung', 'https://www.unilu.ch/universitaet/fundraising/foerderinnen-und-foerderer/', '24.9.2015'),
('5', '2518', 'Förderung', 'https://www.unilu.ch/universitaet/fundraising/foerderinnen-und-foerderer/', '24.9.2015'),
('5', '2519', 'Förderung', 'https://www.unilu.ch/universitaet/fundraising/foerderinnen-und-foerderer/', '24.9.2015'),
('5', '2520', 'Förderung', 'https://www.unilu.ch/universitaet/fundraising/foerderinnen-und-foerderer/', '24.9.2015'),
('5', '2521', 'Förderung', 'https://www.unilu.ch/universitaet/fundraising/foerderinnen-und-foerderer/', '24.9.2015'),
('5', '2522', 'Förderung', 'https://www.unilu.ch/universitaet/fundraising/foerderinnen-und-foerderer/', '24.9.2015'),
('5', '2523', 'Förderung', 'https://www.unilu.ch/universitaet/fundraising/foerderinnen-und-foerderer/', '24.9.2015'),
('5', '2524', 'Förderung', 'https://www.unilu.ch/universitaet/fundraising/foerderinnen-und-foerderer/', '24.9.2015'),
('5', '2525', 'Förderung', 'https://www.unilu.ch/universitaet/fundraising/foerderinnen-und-foerderer/', '24.9.2015'),
('5', '2526', 'Förderung', 'https://www.unilu.ch/universitaet/fundraising/foerderinnen-und-foerderer/', '24.9.2015'),
('5', '2527', 'Förderung', 'https://www.unilu.ch/universitaet/fundraising/foerderinnen-und-foerderer/', '24.9.2015'),
('5', '2528', 'Förderung', 'https://www.unilu.ch/universitaet/fundraising/foerderinnen-und-foerderer/', '24.9.2015'),
('5', '2529', 'Förderung', 'https://www.unilu.ch/universitaet/fundraising/foerderinnen-und-foerderer/', '24.9.2015'),
('5', '2530', 'Förderung', 'https://www.unilu.ch/universitaet/fundraising/foerderinnen-und-foerderer/', '24.9.2015'),
('5', '2531', 'Förderung', 'https://www.unilu.ch/universitaet/fundraising/foerderinnen-und-foerderer/', '24.9.2015'),
('5', '2532', 'Förderung', 'https://www.unilu.ch/universitaet/fundraising/foerderinnen-und-foerderer/', '24.9.2015'),
('5', '2533', 'Förderung', 'https://www.unilu.ch/universitaet/fundraising/foerderinnen-und-foerderer/', '24.9.2015'),
('5', '2534', 'Förderung', 'https://www.unilu.ch/universitaet/fundraising/foerderinnen-und-foerderer/', '24.9.2015'),
('5', '2535', 'Förderung', 'https://www.unilu.ch/universitaet/fundraising/foerderinnen-und-foerderer/', '24.9.2015'),
('5', '2536', 'Förderung', 'https://www.unilu.ch/universitaet/fundraising/foerderinnen-und-foerderer/', '24.9.2015'),
('5', '2537', 'Förderung', 'https://www.unilu.ch/universitaet/fundraising/foerderinnen-und-foerderer/', '24.9.2015'),
('5', '2538', 'Förderung', 'https://www.unilu.ch/universitaet/fundraising/foerderinnen-und-foerderer/', '24.9.2015'),
('5', '2539', 'Förderung', 'https://www.unilu.ch/universitaet/fundraising/foerderinnen-und-foerderer/', '24.9.2015'),
('5', '2540', 'Förderung', 'https://www.unilu.ch/universitaet/fundraising/foerderinnen-und-foerderer/', '24.9.2015'),
('5', '2541', 'Förderung', 'https://www.unilu.ch/universitaet/fundraising/foerderinnen-und-foerderer/', '24.9.2015'),
('5', '2542', 'Förderung', 'https://www.unilu.ch/universitaet/fundraising/foerderinnen-und-foerderer/', '24.9.2015'),
('5', '2543', 'Förderung', 'https://www.unilu.ch/universitaet/fundraising/foerderinnen-und-foerderer/', '24.9.2015'),
('5', '2544', 'Förderung', 'https://www.unilu.ch/universitaet/fundraising/foerderinnen-und-foerderer/', '24.9.2015'),
('5', '2545', 'Förderung', 'https://www.unilu.ch/universitaet/fundraising/foerderinnen-und-foerderer/', '24.9.2015'),
('5', '2546', 'Förderung', 'https://www.unilu.ch/universitaet/fundraising/foerderinnen-und-foerderer/', '24.9.2015'),
('5', '2547', 'Förderung', 'https://www.unilu.ch/universitaet/fundraising/foerderinnen-und-foerderer/', '24.9.2015'),
('5', '2548', 'Förderung', 'https://www.unilu.ch/universitaet/fundraising/foerderinnen-und-foerderer/', '24.9.2015'),
('5', '2549', 'Förderung', 'https://www.unilu.ch/universitaet/fundraising/foerderinnen-und-foerderer/', '24.9.2015'),
('5', '2550', 'Förderung', 'https://www.unilu.ch/universitaet/fundraising/foerderinnen-und-foerderer/', '24.9.2015'),
('5', '2551', 'Förderung', 'https://www.unilu.ch/universitaet/fundraising/foerderinnen-und-foerderer/', '24.9.2015'),
('5', '2552', 'Förderung', 'https://www.unilu.ch/universitaet/fundraising/foerderinnen-und-foerderer/', '24.9.2015'),
('5', '2553', 'Förderung', 'https://www.unilu.ch/universitaet/fundraising/foerderinnen-und-foerderer/', '24.9.2015'),
('5', '2554', 'Förderung', 'https://www.unilu.ch/universitaet/fundraising/foerderinnen-und-foerderer/', '24.9.2015'),
('5', '2555', 'Förderung', 'https://www.unilu.ch/universitaet/fundraising/foerderinnen-und-foerderer/', '24.9.2015'),
('5', '2556', 'Förderung', 'https://www.unilu.ch/universitaet/fundraising/foerderinnen-und-foerderer/', '24.9.2015');

INSERT INTO "Stiftungsrat" ("Person_ID", "Unistiftung_ID", "Bezeichnung") VALUES
('47', '1', 'Vizepräsident der ETHZ Foundation'),
('136', '1', 'ETHZ Foundation'),
('137', '1', 'ETHZ Foundation'),
('138', '1', 'ETHZ Foundation'),
('139', '1', 'ETHZ Foundation'),
('140', '1', 'ETHZ Foundation'),
('141', '1', 'ETHZ Foundation'),
('142', '1', 'ETHZ Foundation'),
('143', '1', 'ETHZ Foundation'),
('144', '1', 'ETHZ Foundation'),
('145', '1', 'ETHZ Foundation'),
('146', '1', 'ETHZ Foundation'),
('147', '1', 'ETHZ Foundation'),
('157', '2', 'Stiftungsrat und Rektor'),
('158', '2', 'Stiftungsrat'),
('159', '2', 'Stiftungsrat'),
('160', '2', 'Stiftungsrat'),
('161', '2', 'Stiftungsrat'),
('148', '3', 'Kassier des Stiftungsrats'),
('149', '3', 'Stiftungsrat'),
('150', '3', 'Stiftungsrat'),
('151', '3', 'Stiftungsrat'),
('152', '3', 'Stiftungsrat'),
('153', '3', 'Präsidentin des Stiftungsrats'),
('154', '3', 'Stiftungsrat'),
('155', '3', 'Stiftungsrat'),
('156', '3', 'Stiftungsrat'),
('128', '4', 'Präsident der UZH Foundation'),
('129', '4', 'VIzepräsident der UZH Foundation und Rektor'),
('130', '4', 'UZH Foundation'),
('131', '4', 'UZH Foundation'),
('132', '4', 'UZH Foundation'),
('133', '4', 'UZH Foundation'),
('134', '4', 'UZH Foundation'),
('135', '4', 'Geschäftsführer der UZH Foundation'),
('110', '6', 'Präsident der Stiftung Universität Freiburg'),
('111', '6', 'Stiftung Universität Freiburg'),
('112', '6', 'Stiftung Universität Freiburg'),
('113', '6', 'Stiftung Universität Freiburg'),
('114', '6', 'Stiftung Universität Freiburg'),
('115', '6', 'Stiftung Universität Freiburg'),
('116', '6', 'Stiftung Universität Freiburg'),
('117', '7', 'Präsident des Fördervereins Uni Basel'),
('118', '7', 'Präsident des Fördervereins Uni Basel'),
('119', '7', 'Förderverein Uni Basel'),
('120', '7', 'Förderverein Uni Basel'),
('121', '7', 'Förderverein Uni Basel'),
('122', '7', 'Förderverein Uni Basel'),
('123', '7', 'Förderverein Uni Basel'),
('124', '7', 'Förderverein Uni Basel'),
('125', '7', 'Sekretär des Fördervereins Uni Basel'),
('126', '7', 'Förderverein Uni Basel'),
('127', '7', 'Förderverein Uni Basel'),
('85', '8', 'Stiftungsrat'),
('90', '8', 'Präsident des Stiftungsrats'),
('162', '8', 'Stiftungsrat'),
('163', '8', 'Vizepräsident des Stiftungsrats'),
('164', '8', 'Stiftungsrat'),
('165', '8', 'Stiftungsrat'),
('166', '8', 'Stiftungsrat'),
('167', '8', 'Stiftungsrat'),
('168', '8', 'Stiftungsrat');

INSERT INTO "Thema" ("ID", "Name") VALUES
('1', 'Administration'),
('2', 'Architektur / Bau'),
('3', 'Informatik / Technologie'),
('4', 'Naturwissenschaften'),
('5', 'Medizin'),
('6', 'Wirtschaft'),
('7', 'Geistes- und Sozialwissenschaften'),
('8', 'Rechtswissenschaften'),
('9', 'Interdisziplinär'),
('10', 'Andere');

INSERT INTO "Tochtereinheit" ("ID", "Name", "Uni_ID", "Thema_ID") VALUES
('1', 'Schulleitung', 'ETHZ', '1'),
('2', 'Departement Architektur (D-ARCH)', 'ETHZ', '2'),
('3', 'Departement Bau, Umwelt und Geomatik (D-BAUG)', 'ETHZ', '2'),
('4', 'Departement Maschinenbau und Verfahrenstechnik (D-MAVT)', 'ETHZ', '3'),
('5', 'Departement Informationstechnologie und Elektrotechnik (D-ITET)', 'ETHZ', '3'),
('6', 'Departement Informatik (D-INFK)', 'ETHZ', '3'),
('7', 'Departement Materialwissenschaft (D-MATL)', 'ETHZ', '4'),
('8', 'Departement Biosysteme (D-BSSE)', 'ETHZ', '4'),
('9', 'Departement Mathematik (D-MATH)', 'ETHZ', '4'),
('10', 'Departement Physik (D-PHYS)', 'ETHZ', '4'),
('11', 'Departement Chemie und Angewandte Biowissenschaften (D-CHAB)', 'ETHZ', '4'),
('12', 'Departement Biologie (D-BIOL)', 'ETHZ', '4'),
('13', 'Departement Erdwissenschaften (D-ERDW)', 'ETHZ', '4'),
('14', 'Departement Umweltsystemwissenschaften (D-USYS)', 'ETHZ', '4'),
('15', 'Departement Gesundheitswissenschaften und Technologie (D-HEST)', 'ETHZ', '5'),
('16', 'Departement Management, Technologie und Ökonomie (D-MTEC)', 'ETHZ', '6'),
('17', 'Departement Geistes-, Sozial- und Staatswissenschaften (D-GESS)', 'ETHZ', '7'),
('18', 'Rektorat', 'UniBas', '1'),
('19', 'Theologische Fakultät', 'UniBas', '7'),
('20', 'Juristische Fakultät', 'UniBas', '8'),
('21', 'Medizinische Fakultät', 'UniBas', '5'),
('22', 'Philosophisch-Historische Fakultät', 'UniBas', '7'),
('23', 'Philosophisch-Naturwissenschaftliche Fakultät', 'UniBas', '4'),
('24', 'Wirtschaftswissenschaftliche Fakultät', 'UniBas', '6'),
('25', 'Fakultät für Psychologie', 'UniBas', '7'),
('26', 'Interdisziplinär', 'UniBas', '9'),
('27', 'Rektorat', 'UniSG', '1'),
('28', 'School of Management', 'UniSG', '6'),
('29', 'School of Finance', 'UniSG', '6'),
('30', 'School of Economics and Political Science', 'UniSG', '6'),
('31', 'Law School', 'UniSG', '8'),
('32', 'School of Humanities and Social Sciences', 'UniSG', '7'),
('33', 'Direction', 'UniL', '1'),
('34', 'Faculté de théologie et de sciences des religions', 'UniL', '7'),
('35', 'Faculté de droit, des sciences criminelles et d''administration publique', 'UniL', '8'),
('36', 'Faculté des lettres', 'UniL', '7'),
('37', 'Faculté des sciences sociales et politiques', 'UniL', '7'),
('38', 'Faculté des hautes études commerciales', 'UniL', '6'),
('39', 'Faculté de biologie et de médecine', 'UniL', '5'),
('40', 'Faculté des géosciences et de l''environnement', 'UniL', '4'),
('41', 'Institutions affiliées UNIL-CHUV', 'UniL', '5'),
('42', 'Rektorat', 'UniLU', '1'),
('43', 'Theologische Fakultät', 'UniLU', '7'),
('44', 'Kultur- und Sozialwissenschaftliche Fakultät', 'UniLU', '7'),
('45', 'Rechtswissenschaftliche Fakultät', 'UniLU', '8'),
('46', 'Wirtschaftswissenschaftliche Fakultät', 'UniLU', '6'),
('47', 'Domaine central', 'UniNE', '1'),
('48', 'Faculté des lettres et sciences humaines', 'UniNE', '7'),
('49', 'Faculté des sciences', 'UniNE', '4'),
('50', 'Faculté de droit', 'UniNE', '8'),
('51', 'Faculté des sciences économiques', 'UniNE', '6'),
('52', 'Faculté de théologie', 'UniNE', '7'),
('53', 'Rectorat / Rektorat', 'UniFR', '1'),
('54', 'Faculté de Théologie / Theologische Fakultät', 'UniFR', '7'),
('55', 'Faculté des Lettres / Philosophische Fakultät', 'UniFR', '7'),
('56', 'Faculté de Droit / Rechtswissenschaftlische Fakultät', 'UniFR', '8'),
('57', 'Faculté des Sciences économiques et sociales / Wirtschafts- und Sozialwissenschaftliche Fakultät', 'UniFR', '6'),
('58', 'Faculté des Sciences / Mathematisch- Naturwissenschaftliche Fakultät', 'UniFR', '4'),
('59', 'Rektorat', 'UZH', '1'),
('60', 'Evaluationstelle', 'UZH', '1'),
('61', 'Theologische Fakultät', 'UZH', '7'),
('62', 'Rechtswissenschaftliche Fakultät', 'UZH', '8'),
('63', 'Wirtschaftswissenschaftliche Fakultät', 'UZH', '6'),
('64', 'Medizinische Fakultät', 'UZH', '5'),
('65', 'Vetsuisse-Fakultät Universität Zürich', 'UZH', '5'),
('66', 'Philosophische Fakultät', 'UZH', '7'),
('67', 'Mathematisch-naturwissenschaftliche Fakultät', 'UZH', '4'),
('68', 'Zentrale Dienste der Universität Zürich', 'UZH', '1'),
('69', 'Présidence de l''EPFL (P)', 'EPFL', '1'),
('70', 'Affaires académiques (AA)', 'EPFL', '1'),
('71', 'Systèmes d''information (SI)', 'EPFL', '3'),
('72', 'Faculté des sciences de base (SB)', 'EPFL', '4'),
('73', 'Faculté des sciences et techniques de l''ingénieur (STI)', 'EPFL', '3'),
('74', 'Faculté informatique et communications (IC)', 'EPFL', '3'),
('75', 'Faculté de l''environnement naturel, architectural et construit (ENAC)', 'EPFL', '2'),
('76', 'Faculté des sciences de la vie (SV)', 'EPFL', '4'),
('77', 'Collège du management de la technologie (CDM)', 'EPFL', '6'),
('78', 'Collège des humanités (CDH)', 'EPFL', '7'),
('79', 'Entités transdisciplinaires (ENT)', 'EPFL', '9'),
('80', 'Presidenza dell''USI (P)', 'USI', '1'),
('81', 'Accademia di architettura', 'USI', '2'),
('82', 'Facoltà di scienze della comunicazione', 'USI', '7'),
('83', 'Facoltà di scienze economiche', 'USI', '6'),
('84', 'Facoltà di scienze informatiche', 'USI', '3'),
('85', 'Universitätsleitung', 'UniBE', '1'),
('86', 'Theologische Fakultät', 'UniBE', '7'),
('87', 'Rechtswissenschaftliche Fakultät', 'UniBE', '8'),
('88', 'Wirtschafts- und Sozialwissenschaftliche Fakultät', 'UniBE', '6'),
('89', 'Medizinische Fakultät', 'UniBE', '5'),
('90', 'Vetsuisse-Fakultät', 'UniBE', '5'),
('91', 'Philosophisch-historische Fakultät', 'UniBE', '7'),
('92', 'Philosophisch-humanwissenschaftliche Fakultät', 'UniBE', '7'),
('93', 'Philosophisch-naturwissenschaftliche Fakultät', 'UniBE', '4'),
('94', 'Rectorat', 'UniGE', '1'),
('95', 'Faculté des sciences', 'UniGE', '4'),
('96', 'Faculté de médecine', 'UniGE', '5'),
('97', 'Faculté des lettres', 'UniGE', '7'),
('98', 'Faculté des sciences de la société', 'UniGE', '7'),
('99', 'Faculté d''économie et de management GSEM', 'UniGE', '6'),
('100', 'Faculté de droit', 'UniGE', '8'),
('101', 'Faculté autonome de théologie protestante', 'UniGE', '7'),
('102', 'Faculté de psychologie et des sciences de l''éducation', 'UniGE', '7'),
('103', 'Faculté de traduction et d''interprétation', 'UniGE', '7'),
('104', 'Centres interfacultaires', 'UniGE', '9'),
('105', 'Institut d''architecture', 'UniGE', '2'),
('106', 'Forschungsinstitut für Biomedizin', 'USI', '5'),
('107', 'Nicht zuteilbar', 'UniL', '10');

INSERT INTO "Uni" ("ID", "Name") VALUES
('EPFL', 'ETH Lausanne'),
('ETHZ', 'ETH Zürich'),
('USI', 'USI Lugano'),
('UZH', 'Uni Zürich'),
('UniBE', 'Uni Bern'),
('UniBas', 'Uni Basel'),
('UniFR', 'Uni Freiburg'),
('UniGE', 'Uni Genf'),
('UniL', 'Uni Lausanne'),
('UniLU', 'Uni Luzern'),
('UniNE', 'Uni Neuenburg'),
('UniSG', 'Uni St. Gallen');

INSERT INTO "Unirat" ("Uni_ID", "Person_ID", "Bezeichnung") VALUES
('EPFL', '14', 'ETH-Rat'),
('EPFL', '45', 'Universitätsrat (ETH-Vizepräsident)'),
('EPFL', '46', 'Präsident des ETH-Rats'),
('EPFL', '47', 'ETH-Rat'),
('EPFL', '48', 'ETH-Rat'),
('EPFL', '49', 'ETH-Rat'),
('EPFL', '50', 'ETH-Rat'),
('EPFL', '51', 'ETH-Rat'),
('EPFL', '52', 'ETH-Rat'),
('EPFL', '53', 'ETH-Rat'),
('EPFL', '54', 'ETH-Rat'),
('ETHZ', '14', 'ETH-Rat'),
('ETHZ', '45', 'Universitätsrat (ETH-Vizepräsident)'),
('ETHZ', '46', 'Präsident des ETH-Rats'),
('ETHZ', '47', 'ETH-Rat'),
('ETHZ', '48', 'ETH-Rat'),
('ETHZ', '49', 'ETH-Rat'),
('ETHZ', '50', 'ETH-Rat'),
('ETHZ', '51', 'ETH-Rat'),
('ETHZ', '52', 'ETH-Rat'),
('ETHZ', '53', 'ETH-Rat'),
('ETHZ', '54', 'ETH-Rat'),
('USI', '25', 'Consiglio dell''Università'),
('USI', '84', 'Consiglio dell''Università'),
('USI', '85', 'Consiglio dell''Università'),
('USI', '86', 'Consiglio dell''Università'),
('USI', '87', 'Consiglio dell''Università'),
('USI', '88', 'Consiglio dell''Università'),
('USI', '89', 'Consiglio dell''Università'),
('USI', '90', 'Consiglio dell''Università'),
('USI', '91', 'Consiglio dell''Università'),
('USI', '92', 'Consiglio dell''Università'),
('USI', '93', 'Consiglio dell''Università'),
('USI', '94', 'Consiglio dell''Università'),
('USI', '95', 'Consiglio dell''Università'),
('USI', '96', 'Consiglio dell''Università'),
('USI', '97', 'Consiglio dell''Università'),
('UZH', '21', 'Präsidentin des Universitätsrats'),
('UZH', '22', 'Universitätsrat'),
('UZH', '23', 'Universitätsrat'),
('UZH', '24', 'Universitätsrat'),
('UZH', '25', 'Universitätsrat'),
('UZH', '26', 'Universitätsrat'),
('UZH', '27', 'Universitätsrat'),
('UniBE', '28', 'Regierungsrat (Volkswirtschaftsdirektor)'),
('UniBE', '29', 'Regierungsrat (Gesundheits- und Fürsorgedirektor)'),
('UniBE', '30', 'Regierungsrat (Finanzdirektorin, Vizepräsidentin)'),
('UniBE', '31', 'Regierungsrat (Polizei- und Militärdirektor, Präsident des Regierungsrates)'),
('UniBE', '32', 'Regierungsrat (Bau-, Verkehrs- und Energiedirektorin)'),
('UniBE', '33', 'Regierungsrat (Erziehungsdirektor)'),
('UniBE', '34', 'Regierungsrat (Justiz-, Gemeinde- und Kirchendirektor)'),
('UniBas', '35', 'Universitätsrat (Präsident) '),
('UniBas', '36', 'Vizepräsident des Universitätsrats'),
('UniBas', '37', 'Universitätsrat '),
('UniBas', '38', 'Universitätsrat '),
('UniBas', '39', 'Universitätsrat '),
('UniBas', '40', 'Universitätsrat '),
('UniBas', '41', 'Universitätsrat '),
('UniBas', '42', 'Universitätsrat '),
('UniBas', '43', 'Universitätsrat '),
('UniBas', '44', 'Universitätsrat '),
('UniBas', '45', 'Universitätsrat '),
('UniFR', '98', 'Senat (Präsident)'),
('UniFR', '99', 'Senat (Vizepräsident)'),
('UniFR', '100', 'Senat'),
('UniFR', '101', 'Senat'),
('UniFR', '102', 'Senat'),
('UniFR', '103', 'Senat'),
('UniFR', '104', 'Senat'),
('UniFR', '105', 'Senat'),
('UniFR', '106', 'Senat'),
('UniFR', '107', 'Senat'),
('UniFR', '108', 'Senat'),
('UniFR', '109', 'Senat'),
('UniGE', '12', 'Präsident des Conseil d''orientation stratégique'),
('UniGE', '13', 'Conseil d''orientation stratégique'),
('UniGE', '14', 'Conseil d''orientation stratégique'),
('UniGE', '15', 'Conseil d''orientation stratégique'),
('UniGE', '16', 'Conseil d''orientation stratégique'),
('UniGE', '17', 'Conseil d''orientation stratégique'),
('UniGE', '18', 'Conseil d''orientation stratégique'),
('UniGE', '19', 'Conseil d''orientation stratégique'),
('UniGE', '20', 'Conseil d''orientation stratégique'),
('UniLU', '55', 'Universitätsrat'),
('UniLU', '56', 'Universitätsrat'),
('UniLU', '57', 'Universitätsrat'),
('UniLU', '58', 'Universitätsrat'),
('UniLU', '59', 'Universitätsrat'),
('UniLU', '60', 'Universitätsrat'),
('UniLU', '61', 'Universitätsrat'),
('UniLU', '62', 'Universitätsrat'),
('UniLU', '63', 'Universitätsrat'),
('UniNE', '64', 'Präsident des Conseil de l''Université'),
('UniNE', '65', 'Conseil de l''Université'),
('UniNE', '66', 'Conseil de l''Université'),
('UniNE', '67', 'Conseil de l''Université'),
('UniNE', '68', 'Conseil de l''Université'),
('UniNE', '69', 'Conseil de l''Université'),
('UniNE', '70', 'Conseil de l''Université'),
('UniNE', '71', 'Conseil de l''Université'),
('UniNE', '72', 'Conseil de l''Université'),
('UniNE', '73', 'Conseil de l''Université'),
('UniNE', '74', 'Conseil de l''Université'),
('UniNE', '75', 'Conseil de l''Université'),
('UniNE', '76', 'Conseil de l''Université'),
('UniNE', '77', 'Conseil de l''Université'),
('UniNE', '78', 'Conseil de l''Université'),
('UniNE', '79', 'Conseil de l''Université'),
('UniNE', '80', 'Conseil de l''Université'),
('UniNE', '81', 'Conseil de l''Université'),
('UniNE', '82', 'Conseil de l''Université'),
('UniNE', '83', 'Conseil de l''Université'),
('UniSG', '1', 'Universitätsrat (Präsident)'),
('UniSG', '2', 'Universitätsrat (Vize)'),
('UniSG', '3', 'Universitätsrat'),
('UniSG', '4', 'Universitätsrat'),
('UniSG', '5', 'Universitätsrat'),
('UniSG', '6', 'Universitätsrat'),
('UniSG', '7', 'Universitätsrat'),
('UniSG', '8', 'Universitätsrat'),
('UniSG', '9', 'Universitätsrat'),
('UniSG', '10', 'Universitätsrat'),
('UniSG', '11', 'Universitätsrat');

INSERT INTO "Unistiftung" ("ID", "Name", "Uni_ID") VALUES
('1', 'ETH Zürich Foundation', 'ETHZ'),
('2', 'HSG Stiftung', 'UniSG'),
('3', 'Fondation pour l’Université de Lausanne', 'UniL'),
('4', 'UZH Foundation', 'UZH'),
('5', 'Universität Luzern', 'UniLU'),
('6', 'Stiftung Universität Freiburg', 'UniFR'),
('7', 'Förderverein Uni Basel', 'UniBas'),
('8', 'Fondazione per le Facoltà di Lugano dell''Università della Svizzera italiana', 'USI');

